"","year","county","county_FIPS","state_FIPS","othertxix_elig","othertxix_recip","othertxix_pmt","totaltxix_elig","totaltxix_recip","totaltxix_pmt","medneedy_elig","medneedy_pmt","medneedy_recip","avg_reimbursement_per_eligible_person"
"1",2011,"Adair","001","19",1001.5,930,614604.5,1009,938,615681.5,6,968,7,161.333333333333
"2",2011,"Adams","003","19",627,611,570317,632,616,571822.5,5,1955.5,6,391.1
"3",2011,"Allamakee","005","19",2313,2134,1391920.5,2324,2146,1393726,8.5,1705,10.5,200.588235294118
"4",2011,"Appanoose","007","19",2777.5,2576,1671722,2785,2585.5,1682207.5,9,3269,10.5,363.222222222222
"5",2011,"Audubon","009","19",687.5,641,422509.5,690,644,422727.5,3,100,2.5,33.3333333333333
"6",2011,"Benton","011","19",3094,2767.5,1648513.5,3121.5,2808.5,1666945.5,26,50652,44,1948.15384615385
"7",2011,"Black Hawk","013","19",23038.5,20095.5,12354323.5,23134,20200,12492923,89.5,111778.5,141,1248.9217877095
"8",2011,"Boone","015","19",3525,3326.5,6625714.5,3539,3339.5,6635859.5,15,3804,18,253.6
"9",2011,"Bremer","017","19",1934,1746.5,1283207,1940.5,1751.5,1287570,5.5,4961.5,8,902.090909090909
"10",2011,"Buchanan","019","19",2739,2419.5,1648222,2763,2460.5,1721354,26,41774.5,43.5,1606.71153846154
"11",2011,"Buena Vist","021","19",3536,3394,1619127,3557,3429,1665993,17.5,27518.5,39,1572.48571428571
"12",2011,"Butler","023","19",1950.5,1821,1176842,1961.5,1843,1225386.5,11,25803,25,2345.72727272727
"13",2011,"Calhoun","025","19",1308.5,1221,1014389,1314.5,1227,1015975.5,5,2023.5,5,404.7
"14",2011,"Carroll","027","19",2533,2464,2383595.5,2549,2509,2424023,14.5,73976.5,44.5,5101.8275862069
"15",2011,"Cass","029","19",2469.5,2350.5,1726941,2480.5,2362,1740377,11,16290.5,18,1480.95454545455
"16",2011,"Cedar","031","19",2018.5,1743,874230,2029,1753,882328,11,6358,13,578
"17",2011,"Cent. Off","","0",NA,NA,NA,NA,NA,NA,0,0,0,NA
"18",2011,"Cent. Off",NA,NA,NA,49.5,8406450.5,NA,49.5,8406450.5,0,0,0,NA
"19",2011,"Cerro Gord","033","19",7609,6726,4543151.5,7663,6799,4664550,52.5,88081.5,94.5,1677.74285714286
"20",2011,"Cherokee","035","19",1530.5,1451,977877,1540.5,1459.5,981720.5,9,3542,10,393.555555555556
"21",2011,"Chickasaw","037","19",1551.5,1423,924215.5,1557.5,1430.5,928523.5,7.5,2980,8,397.333333333333
"22",2011,"Clarke","039","19",1838.5,1726.5,1053519.5,1856.5,1748,1116015.5,17.5,25482.5,29,1456.14285714286
"23",2011,"Clay","041","19",2506,2310.5,1375503,2523,2341.5,1410248.5,17,53273,35.5,3133.70588235294
"24",2011,"Clayton","043","19",2157,1944.5,1521076,2170,1960.5,1525867,13,5473.5,13,421.038461538462
"25",2011,"Clinton","045","19",9801.5,8672,5227385.5,9845.5,8728,5277036.5,42.5,72524,70.5,1706.44705882353
"26",2011,"Crawford","047","19",2822,2789.5,1480606,2836.5,2806,1492558,14,11012,16,786.571428571429
"27",2011,"Dallas","049","19",5249.5,4942.5,2929688,5285,4981.5,2978804,35.5,33323,55,938.676056338028
"28",2011,"Davis","051","19",1168,1076.5,685128.5,1173,1082,689093,6.5,3867,6,594.923076923077
"29",2011,"Decatur","053","19",1770,1623.5,914062,1779,1632,915599.5,8,2474.5,9,309.3125
"30",2011,"Delaware","055","19",2048.5,1853.5,1258784,2071,1877,1272984,23,12348,26,536.869565217391
"31",2011,"Des Moines","057","19",8859.5,7586,4000150,8908,7646,4065394.5,39,89724,72,2300.61538461538
"32",2011,"Dickinson","059","19",1809.5,1625,1025015,1824,1648.5,1037835,10,20244,23.5,2024.4
"33",2011,"Dubuque","061","19",13276,11748,7358412,13458,11943,7424312,181,61943.5,214.5,342.229281767956
"34",2011,"Emmet","063","19",1468,1411,901663,1477,1420,919905.5,8,4859,9.5,607.375
"35",2011,"Fayette","065","19",3807.5,3422.5,2347645,3841.5,3470,2405595,36,34221,60,950.583333333333
"36",2011,"Floyd","067","19",2733,2506,1609318.5,2744,2542,1672736.5,12,42901,37,3575.08333333333
"37",2011,"Franklin","069","19",1675.5,1579,901485,1681.5,1586,902254,5.5,718.5,6,130.636363636364
"38",2011,"Fremont","071","19",1026.5,1043.5,738711.5,1033,1049.5,739285.5,7,848,7,121.142857142857
"39",2011,"Greene","073","19",1530,1431,897910,1538,1434.5,901053.5,6.5,5538.5,8,852.076923076923
"40",2011,"Grundy","075","19",1082.5,977.5,589357,1086.5,981,590877,4,1361.5,4,340.375
"41",2011,"Guthrie","077","19",1329,1257,757934,1336,1264,762325.5,8,5484.5,9,685.5625
"42",2011,"Hamilton","079","19",2165,2045.5,1122845.5,2178,2063.5,1140971,16.5,7358.5,22,445.969696969697
"43",2011,"Hancock","081","19",1345,1256,694074,1352,1262.5,700954,6,3399,7,566.5
"44",2011,"Hardin","083","19",2673.5,2502,1550535,2682.5,2510.5,1556944.5,9.5,4969,10,523.052631578947
"45",2011,"Harrison","085","19",2227,2175,1590517.5,2243,2218.5,1641847,17,87026,47.5,5119.17647058824
"46",2011,"Henry","087","19",3877.5,3296,1808710,3897.5,3314.5,1833588.5,18.5,29718.5,29,1606.40540540541
"47",2011,"Howard","089","19",1457,1287.5,807857,1469.5,1299,812564,13,6498,15,499.846153846154
"48",2011,"Humboldt","091","19",1381.5,1305,887241,1384.5,1307.5,889097.5,3,1058.5,4,352.833333333333
"49",2011,"Ida","093","19",875,846.5,572670,880,851,584499.5,5,2718,5.5,543.6
"50",2011,"Iowa","095","19",1821,1553.5,825937,1829.5,1562.5,828134,7.5,2601,9,346.8
"51",2011,"Jackson","097","19",3096.5,2775,1559455,3107.5,2787,1563118.5,11,5589,13.5,508.090909090909
"52",2011,"Jasper","099","19",5139,4623,2765083,5171,4669.5,2806321,31,38550,54,1243.54838709677
"53",2011,"Jefferson","101","19",3242.5,2419,1363228.5,3260,2448,1418270.5,17,35122,34,2066
"54",2011,"Johnson","103","19",13949,11120,6523961,14011,11196.5,6609631,64.5,92544.5,88,1434.7984496124
"55",2011,"Jones","105","19",2418.5,2199.5,1369786.5,2429,2209.5,1377477,10,4805.5,11.5,480.55
"56",2011,"Keokuk","107","19",1647,1431.5,854975.5,1655.5,1439,859049.5,7.5,1529,9.5,203.866666666667
"57",2011,"Kossuth","109","19",1803.5,1634,1258738.5,1810,1641,1266706,7,3971,8,567.285714285714
"58",2011,"Lee","111","19",7629,6583.5,3858845.5,7662,6628,3882250,31.5,30888.5,52,980.587301587302
"59",2011,"Linn","113","19",30630,26024,15779414,30769.5,26232.5,15895200.5,145.5,200677.5,239.5,1379.22680412371
"60",2011,"Louisa","115","19",2088,1787,823378.5,2096,1795.5,833917,8.5,4428,9,520.941176470588
"61",2011,"Lucas","117","19",1841.5,1707,1009995.5,1849.5,1715.5,1013627,8,2817,8,352.125
"62",2011,"Lyon","119","19",985,966.5,570851,990.5,972,588746,5,7973,6,1594.6
"63",2011,"Madison","121","19",1681.5,1572.5,1061307,1691.5,1583.5,1064461,11,3993,13.5,363
"64",2011,"Mahaska","123","19",4239,3702,2093036,4259,3735.5,2142563.5,22.5,50285,38.5,2234.88888888889
"65",2011,"Marion","125","19",3871.5,3477.5,2118388,3892,3495,2131232.5,17.5,12122.5,20.5,692.714285714286
"66",2011,"Marshall","127","19",8547,7867.5,5438241,8607.5,7948.5,5508383.5,65,45913.5,88.5,706.361538461538
"67",2011,"Mills","129","19",2038,2050,7921268.5,2051,2067.5,7931212.5,10,5589,14.5,558.9
"68",2011,"Mitchell","131","19",1060.5,941,672749,1066,947,674020,6,1222.5,6,203.75
"69",2011,"Monona","133","19",1470,1345,867096.5,1473,1348,874679.5,3,3434,4.5,1144.66666666667
"70",2011,"Monroe","135","19",1283.5,1170.5,736118.5,1291.5,1177,737287.5,7,4739,9,677
"71",2011,"Montgomery","137","19",2240.5,2130,1250896,2254,2152.5,1274037,12,23579.5,25,1964.95833333333
"72",2011,"Muscatine","139","19",9092,7822,3661696,9154,7900,3704714,59.5,79535.5,87.5,1336.73109243697
"73",2011,"O Brien","141","19",1871,1799.5,1648008.5,1881.5,1810.5,1651029.5,10,2538,11.5,253.8
"74",2011,"Osceola","143","19",567,551.5,370261.5,570,554.5,375406.5,3,949,3,316.333333333333
"75",2011,"Page","145","19",2797,2715.5,1885269.5,2813.5,2733,1894171,15.5,5971.5,19,385.258064516129
"76",2011,"Palo Alto","147","19",1249.5,1171.5,996965.5,1254,1175,998724,4.5,1505,5,334.444444444444
"77",2011,"Plymouth","149","19",2311,2224,1576309.5,2325.5,2241,1586110.5,14,12557.5,17.5,896.964285714286
"78",2011,"Pocahontas","151","19",1039,1011,672031,1044.5,1017,682359.5,6,4281,7.5,713.5
"79",2011,"Polk","153","19",77082.5,62620.5,35537409,77293,62935.5,35984281,218.5,374444.5,357.5,1713.70480549199
"80",2011,"Pottawatta","155","19",16654.5,16359,9221708.5,16732,16523,9541051.5,80.5,265226.5,178.5,3294.73913043478
"81",2011,"Poweshiek","157","19",2468,2120.5,1269285,2472.5,2127,1273897,6,3014,7,502.333333333333
"82",2011,"Ringgold","159","19",779,720.5,559799,782,722.5,560816,3,220,3,73.3333333333333
"83",2011,"Sac","161","19",1179,1129.5,785934,1184,1135.5,797933.5,5,1515,5,303
"84",2011,"Scott","163","19",31369.5,27167,12614826,31470,27321,12806097,105.5,194404.5,192.5,1842.69668246446
"85",2011,"Shelby","165","19",1521.5,1456,1229701,1528.5,1462,1237021.5,6.5,2328,7,358.153846153846
"86",2011,"Sioux","167","19",3018,2942,1907708,3025,2966,1936664,7.5,21964,23,2928.53333333333
"87",2011,"Story","169","19",8091,7077,4394408,8123,7124,4490607,36,76603.5,52.5,2127.875
"88",2011,"Tama","171","19",2718.5,2347.5,1152185.5,2725,2352.5,1152886,7,8587.5,9.5,1226.78571428571
"89",2011,"Taylor","173","19",951,912,618130.5,954,916.5,634991.5,3,1608,4.5,536
"90",2011,"Union","175","19",2292,2118,1253357.5,2301,2138.5,1273282,11,21803.5,21.5,1982.13636363636
"91",2011,"Van Buren","177","19",1252,1097,535311.5,1258,1103.5,537936.5,6,1599,6,266.5
"92",2011,"Wapello","179","19",9187.5,7867.5,4401102.5,9231,7928.5,4483665.5,43.5,81318.5,72.5,1869.3908045977
"93",2011,"Warren","181","19",4335,4087,2688638.5,4346.5,4107.5,2697956,12.5,14091.5,25,1127.32
"94",2011,"Washington","183","19",3325,2784.5,2012301.5,3334.5,2794,2006341,10,3009.5,11,300.95
"95",2011,"Wayne","185","19",1094.5,1027,643870,1097.5,1034,648611.5,5.5,3583,8.5,651.454545454545
"96",2011,"Webster","187","19",7180.5,6620,3948454.5,7228.5,6714,4047514.5,53.5,129368.5,102,2418.10280373832
"97",2011,"Winnebago","189","19",1383,1265.5,821774,1392,1272,822301,8,1103.5,9,137.9375
"98",2011,"Winneshiek","191","19",1922,1699.5,1242407.5,1943,1740.5,1283899,18,32318,40.5,1795.44444444444
"99",2011,"Woodbury","193","19",21256,20024,9989019,21315.5,20121.5,10136778,54.5,143097.5,114.5,2625.64220183486
"100",2011,"Worth","195","19",908,812,394753.5,911,816,396961,3,1032,3.5,344
"101",2011,"Wright","197","19",2080.5,2007.5,1248585,2097.5,2026.5,1252145.5,14,6094,16.5,435.285714285714
"102",2012,"Adair","001","19",1035.5,957,613638,1039,961.5,614148,4,502.5,5,125.625
"103",2012,"Adams","003","19",640.5,614,621764.5,643.5,617.5,624506.5,3,1249.5,5,416.5
"104",2012,"Allamakee","005","19",2340.5,2167,1428324,2348,2178,1441756.5,7.5,3500,12,466.666666666667
"105",2012,"Appanoose","007","19",2838.5,2591,1728552.5,2847,2601.5,1733320.5,7.5,3045,11,406
"106",2012,"Audubon","009","19",766.5,697.5,531576,772,703,532491,5.5,464.5,6,84.4545454545455
"107",2012,"Benton","011","19",3148.5,2763,1653669,3167,2780.5,1661499,15,11850.5,25.5,790.033333333333
"108",2012,"Black Hawk","013","19",24383.5,20562,12540745,24480.5,20685,12674778,94,148431.5,159,1579.0585106383
"109",2012,"Boone","015","19",3663.5,3353,4381621,3681.5,3368,4386359.5,17.5,4500,18,257.142857142857
"110",2012,"Bremer","017","19",2028,1806.5,1322822.5,2038.5,1816.5,1334875.5,11,10193.5,12,926.681818181818
"111",2012,"Buchanan","019","19",2770.5,2427.5,1639339,2790,2461.5,1711471.5,24,27479.5,39,1144.97916666667
"112",2012,"Buena Vist","021","19",3710.5,3491.5,1868093,3725.5,3506.5,1874221,14.5,5593,21,385.724137931034
"113",2012,"Butler","023","19",1997,1809,1217908.5,2010,1833,1255736,10,34020.5,29,3402.05
"114",2012,"Calhoun","025","19",1384,1256,992960.5,1391.5,1262,1000702,5,3988,9,797.6
"115",2012,"Carroll","027","19",2668.5,2572,2673230.5,2705.5,2665.5,2800316.5,30.5,143911.5,95,4718.40983606557
"116",2012,"Cass","029","19",2547,2349,1827781,2555,2357.5,1868555.5,8,5646.5,10,705.8125
"117",2012,"Cedar","031","19",2006.5,1710,987923,2015.5,1720,989572.5,7.5,2635.5,11,351.4
"118",2012,"Cent. Off","","0",NA,NA,NA,NA,NA,NA,0,0,0,NA
"119",2012,"Cent. Off",NA,NA,NA,49.5,12234694.5,NA,49.5,12234694.5,0,0,0,NA
"120",2012,"Cerro Gord","033","19",7945.5,7063,4894234,7982,7137,4975481,43,70480,80,1639.06976744186
"121",2012,"Cherokee","035","19",1548,1462,989650,1556.5,1470,988563.5,7.5,2432,9.5,324.266666666667
"122",2012,"Chickasaw","037","19",1494,1389.5,982423.5,1502,1396.5,988695,8,4798,9,599.75
"123",2012,"Clarke","039","19",1952,1772,1106430.5,1961.5,1787.5,1125661.5,9,20805,17,2311.66666666667
"124",2012,"Clay","041","19",2584.5,2347.5,1406758.5,2592.5,2365,1416014,9.5,9254.5,22.5,974.157894736842
"125",2012,"Clayton","043","19",2217,1961,1800483,2236,1980.5,1807842.5,21,6908,22,328.952380952381
"126",2012,"Clinton","045","19",10249.5,8897.5,5682273.5,10298.5,8963,5737661,48,43710.5,75,910.635416666667
"127",2012,"Crawford","047","19",3039,2890,1541174,3059.5,2909,1552012.5,19.5,9698,19,497.333333333333
"128",2012,"Dallas","049","19",5596,5116,3198296,5626,5150.5,3202595.5,30,11892.5,36,396.416666666667
"129",2012,"Davis","051","19",1169,1063,711702,1177,1070,713229,8,2022,9,252.75
"130",2012,"Decatur","053","19",1751,1591.5,910770.5,1755.5,1595.5,920493,3,659.5,5.5,219.833333333333
"131",2012,"Delaware","055","19",1991,1802.5,1307508.5,2013.5,1825,1322034.5,22,11267,27,512.136363636364
"132",2012,"Des Moines","057","19",9276.5,7909,4226922.5,9318,7975,4296588,41,59793,76,1458.36585365854
"133",2012,"Dickinson","059","19",1869,1685,1086680,1878,1698,1115896,8,17506,15,2188.25
"134",2012,"Dubuque","061","19",14210,12012.5,7882438,14311,12108,7970533,101,54354.5,153,538.163366336634
"135",2012,"Emmet","063","19",1596,1540.5,996332,1602.5,1550,1004900.5,7,4805,9,686.428571428571
"136",2012,"Fayette","065","19",3769.5,3423,2416179.5,3798,3473,2489157,26.5,36159,52.5,1364.49056603774
"137",2012,"Floyd","067","19",2884,2639,1799997,2903,2684,1829653,19,59509.5,45,3132.07894736842
"138",2012,"Franklin","069","19",1675,1571,901973,1678.5,1574.5,903474,3,775,4,258.333333333333
"139",2012,"Fremont","071","19",1099,1097.5,779412.5,1104.5,1101.5,784540.5,5.5,3037.5,7,552.272727272727
"140",2012,"Greene","073","19",1561.5,1444.5,903733.5,1564.5,1447,906649.5,3,1407,4,469
"141",2012,"Grundy","075","19",1125,1003,654756,1129,1010,659738.5,5.5,2698,6.5,490.545454545455
"142",2012,"Guthrie","077","19",1377,1285,812585.5,1387,1294.5,834421.5,10,14852,11.5,1485.2
"143",2012,"Hamilton","079","19",2320,2121.5,1252682,2325.5,2129.5,1255483.5,6,2449,8.5,408.166666666667
"144",2012,"Hancock","081","19",1339.5,1232,731266,1344.5,1237.5,732599,6,906,6,151
"145",2012,"Hardin","083","19",2842.5,2592,1552060,2852.5,2602.5,1564425,10.5,3404.5,14,324.238095238095
"146",2012,"Harrison","085","19",2179.5,2083.5,1563239.5,2182,2086.5,1565075,2,3578.5,8.5,1789.25
"147",2012,"Henry","087","19",3976.5,3336,1876647,3991.5,3356,1886622,17,13418.5,27,789.323529411765
"148",2012,"Howard","089","19",1462.5,1280,774255.5,1473,1290,781119,8,7871,12,983.875
"149",2012,"Humboldt","091","19",1431.5,1322,879840.5,1434,1324.5,881304,3,1548,4,516
"150",2012,"Ida","093","19",917.5,862.5,575393,921,866,575760.5,3,585,5,195
"151",2012,"Iowa","095","19",1919,1604,977334.5,1922.5,1609.5,978460.5,4,1003,6,250.75
"152",2012,"Jackson","097","19",3295.5,2885.5,1587099,3306,2896.5,1603295,10,3430.5,11,343.05
"153",2012,"Jasper","099","19",5605,4939.5,3059999,5650,5017.5,3163116.5,35,88415,77.5,2526.14285714286
"154",2012,"Jefferson","101","19",3287.5,2456.5,1456060.5,3307,2495.5,1498382.5,19.5,37096.5,36,1902.38461538462
"155",2012,"Johnson","103","19",15033,11875.5,7589627,15090.5,11962,7656636,58,75976.5,101.5,1309.93965517241
"156",2012,"Jones","105","19",2493.5,2284.5,1451080,2501,2293.5,1458621.5,8,5420,13.5,677.5
"157",2012,"Keokuk","107","19",1802,1507,922440,1809,1514,926785.5,7,1379.5,7.5,197.071428571429
"158",2012,"Kossuth","109","19",1813,1613,1325432.5,1823,1622.5,1328458,9,3739,11,415.444444444444
"159",2012,"Lee","111","19",7937,6819.5,4100584,7963,6864,4142086.5,23.5,30334.5,47.5,1290.82978723404
"160",2012,"Linn","113","19",32800,27441.5,17496272,32963,27665,17730105.5,161,200684.5,262.5,1246.48757763975
"161",2012,"Louisa","115","19",2116,1775.5,900020.5,2127,1786.5,917162,10.5,2228,11,212.190476190476
"162",2012,"Lucas","117","19",1882,1739,1064469,1889.5,1745.5,1066068,8,2096.5,8.5,262.0625
"163",2012,"Lyon","119","19",972.5,944.5,574423,976,947.5,575772,3,978,4,326
"164",2012,"Madison","121","19",1746,1605.5,1098020.5,1758.5,1617.5,1102048.5,11.5,3873,15,336.782608695652
"165",2012,"Mahaska","123","19",4222.5,3674.5,1891548,4241.5,3708.5,1930710.5,22,28023,37,1273.77272727273
"166",2012,"Marion","125","19",4070.5,3595,2343264,4091.5,3617.5,2352871,22.5,13320,25,592
"167",2012,"Marshall","127","19",9054.5,8186.5,5469404,9104.5,8228,5526327.5,42,65759,82,1565.69047619048
"168",2012,"Mills","129","19",2208.5,2179,4998926,2222,2191.5,5008579.5,12,9798.5,16,816.541666666667
"169",2012,"Mitchell","131","19",1158,1028.5,694694,1163.5,1032.5,695798.5,6,911.5,6,151.916666666667
"170",2012,"Monona","133","19",1542.5,1387.5,924719.5,1547.5,1393.5,928574,5,5046,5.5,1009.2
"171",2012,"Monroe","135","19",1258,1138.5,755641,1265.5,1146.5,757717.5,8,3724,10,465.5
"172",2012,"Montgomery","137","19",2259,2130,1305792.5,2269.5,2142.5,1308171.5,9,5277,16,586.333333333333
"173",2012,"Muscatine","139","19",9347.5,7928,4063587,9396,7991.5,4171646,48.5,62223.5,69,1282.9587628866
"174",2012,"O Brien","141","19",1804.5,1759.5,1847846,1815,1770,1832594.5,11,3945,13.5,358.636363636364
"175",2012,"Osceola","143","19",654.5,620.5,386074.5,656.5,622.5,386297,2,215.5,2,107.75
"176",2012,"Page","145","19",2751,2652.5,1698749.5,2764,2670.5,1720016,15.5,6267.5,18.5,404.354838709677
"177",2012,"Palo Alto","147","19",1279.5,1184.5,1004937,1283,1188,1006019.5,3.5,506.5,3.5,144.714285714286
"178",2012,"Plymouth","149","19",2349,2267,1594285.5,2362.5,2279.5,1604480.5,13,9031.5,14,694.730769230769
"179",2012,"Pocahontas","151","19",1131,1040.5,620608.5,1137,1046.5,628134,5.5,5809,7,1056.18181818182
"180",2012,"Polk","153","19",83423.5,67840,39487766.5,83671.5,68181,39872561.5,248,415332.5,437,1674.72782258065
"181",2012,"Pottawatta","155","19",17954.5,17170.5,10350131,18043,17365,10659457,89,304869,224,3425.49438202247
"182",2012,"Poweshiek","157","19",2495,2090,1293110,2503.5,2097.5,1295752.5,6,2933.5,9,488.916666666667
"183",2012,"Ringgold","159","19",847.5,758.5,589780,849.5,761,590707.5,2,350,2,175
"184",2012,"Sac","161","19",1285.5,1197.5,837978,1288.5,1203,839043.5,4,1470,5,367.5
"185",2012,"Scott","163","19",32905,28301.5,14454578,33030,28432.5,14607541,121.5,162890,216,1340.65843621399
"186",2012,"Shelby","165","19",1631,1516,1264028.5,1641,1524.5,1268054.5,9,3980.5,9.5,442.277777777778
"187",2012,"Sioux","167","19",3089.5,3043,2119673,3096.5,3051.5,2122052.5,7,1470,10,210
"188",2012,"Story","169","19",8484,7256,4507868,8520.5,7300.5,4547485,35.5,46622,39.5,1313.29577464789
"189",2012,"Tama","171","19",2858,2451.5,1187113.5,2866.5,2462,1196204.5,8,3855,10.5,481.875
"190",2012,"Taylor","173","19",959,902.5,691913.5,962,904.5,692108.5,3,150,3.5,50
"191",2012,"Union","175","19",2323.5,2139,1415409.5,2335.5,2155.5,1436436,11.5,7789.5,15.5,677.347826086957
"192",2012,"Van Buren","177","19",1280,1091.5,532806,1282,1094,533007.5,3,420.5,4,140.166666666667
"193",2012,"Wapello","179","19",9637.5,8021,4604063.5,9687.5,8088,4732230.5,51.5,90809,79,1763.28155339806
"194",2012,"Warren","181","19",4728,4322,2954757.5,4742,4340,2970669.5,15,14313.5,21,954.233333333333
"195",2012,"Washington","183","19",3524,2923.5,2259470,3538.5,2938.5,2260952,15,3730.5,15.5,248.7
"196",2012,"Wayne","185","19",1109,1008.5,651198,1113.5,1011,652463.5,3,635,4,211.666666666667
"197",2012,"Webster","187","19",7937,6958,4059904.5,7992,7051.5,4129806,47.5,121576.5,104.5,2559.50526315789
"198",2012,"Winnebago","189","19",1405.5,1267.5,883690.5,1409,1274,884050.5,4,1332,7,333
"199",2012,"Winneshiek","191","19",1899.5,1638.5,1323260,1911.5,1670,1349455,11,33328,35,3029.81818181818
"200",2012,"Woodbury","193","19",22094.5,20604,10410529.5,22172.5,20737.5,10543631,71,166805,150.5,2349.3661971831
"201",2012,"Worth","195","19",914.5,844.5,389937,918,845.5,390752,2,717,3,358.5
"202",2012,"Wright","197","19",2182,2056,1230432.5,2192.5,2066.5,1239516,11,3297.5,13,299.772727272727
"203",2013,"Adair","001","19",1023,936.5,580142,1031.5,942.5,581822.5,7,2252,7.5,321.714285714286
"204",2013,"Adams","003","19",633,593,556819.5,636.5,596,557304,2,711,4,355.5
"205",2013,"Allamakee","005","19",2275,2138.5,1409483.5,2278.5,2140.5,1410075.5,3,541.5,3,180.5
"206",2013,"Appanoose","007","19",2819,2562.5,1631523.5,2826.5,2566.5,1638536.5,5.5,4523,7,822.363636363636
"207",2013,"Audubon","009","19",810,742,493069,817,748.5,495728,6,1709.5,7.5,284.916666666667
"208",2013,"Benton","011","19",3243.5,2813,1926087.5,3257,2832,1949891,13.5,14671,19.5,1086.74074074074
"209",2013,"Black Hawk","013","19",25208.5,21307,12795635.5,25297,21452.5,12974577.5,92,149105.5,156,1620.71195652174
"210",2013,"Boone","015","19",3789,3462,6394476.5,3801.5,3472,6401362,12,3267.5,14,272.291666666667
"211",2013,"Bremer","017","19",2082,1843.5,1133218,2088,1851.5,1137167,7,6295,9.5,899.285714285714
"212",2013,"Buchanan","019","19",2757.5,2401,1679992,2772.5,2434.5,1703584,16,27725,31.5,1732.8125
"213",2013,"Buena Vist","021","19",3966.5,3757,1979600,3976,3770.5,1981532,10.5,4722.5,15.5,449.761904761905
"214",2013,"Butler","023","19",1971,1783.5,1234881,1982.5,1815.5,1268394,11,29150.5,32.5,2650.04545454545
"215",2013,"Calhoun","025","19",1378.5,1221.5,964109.5,1382.5,1226,964815,4,762.5,5,190.625
"216",2013,"Carroll","027","19",2707,2662,2826689.5,2736,2756,2941579.5,27.5,108643,99.5,3950.65454545455
"217",2013,"Cass","029","19",2578.5,2360,1777786.5,2588.5,2370.5,1783994.5,8,5508.5,11,688.5625
"218",2013,"Cedar","031","19",2033,1707.5,902990.5,2038,1712,903659.5,6,907,7,151.166666666667
"219",2013,"Cent. Off","","0",NA,NA,NA,NA,NA,NA,0,0,0,NA
"220",2013,"Cent. Off",NA,NA,NA,435,9713184,NA,435,9713184,0,0,0,NA
"221",2013,"Cerro Gord","033","19",7867,7205,4831947.5,7901.5,7277.5,4892212,35,60264.5,77.5,1721.84285714286
"222",2013,"Cherokee","035","19",1548,1413.5,923524,1556,1422,928503,7.5,2845.5,8,379.4
"223",2013,"Chickasaw","037","19",1468.5,1389,908106,1478,1400.5,913455.5,10,3466.5,11,346.65
"224",2013,"Clarke","039","19",2004.5,1819.5,1278475.5,2011.5,1833,1287502.5,7,9789,13,1398.42857142857
"225",2013,"Clay","041","19",2625.5,2380,1517235,2642.5,2395,1539704,17,12330,20,725.294117647059
"226",2013,"Clayton","043","19",2129,1899,1757067,2136.5,1907.5,1761119.5,5.5,3738,8.5,679.636363636364
"227",2013,"Clinton","045","19",10466,9062,5965654.5,10509.5,9125,5993538,45,31755.5,69,705.677777777778
"228",2013,"Crawford","047","19",3110.5,2933.5,1507642,3128.5,2956,1518689,20,7721,22.5,386.05
"229",2013,"Dallas","049","19",5731.5,5300,3470514,5763.5,5332.5,3506035.5,29,10013,40,345.275862068966
"230",2013,"Davis","051","19",1174.5,1067.5,650380,1177,1069.5,653002.5,3,621,4,207
"231",2013,"Decatur","053","19",1709,1499,826731,1714.5,1506,831492,6,3259,7,543.166666666667
"232",2013,"Delaware","055","19",1958,1778,1345354,1968,1789.5,1358199,10.5,2253,14.5,214.571428571429
"233",2013,"Des Moines","057","19",9557.5,8168.5,4166004.5,9595.5,8217.5,4227099,37,56663.5,62,1531.44594594595
"234",2013,"Dickinson","059","19",1911,1735,1221663,1921,1746,1226610,10,3681.5,12,368.15
"235",2013,"Dubuque","061","19",14590,12436,8334777,14641.5,12505.5,8374775,61,33708,79,552.590163934426
"236",2013,"Emmet","063","19",1611.5,1548,951623.5,1617.5,1555.5,955270.5,6,2923,8,487.166666666667
"237",2013,"Fayette","065","19",3665,3376,2584977.5,3685,3413.5,2647724.5,21,22054,44.5,1050.19047619048
"238",2013,"Floyd","067","19",2935,2751.5,1805081.5,2952.5,2798.5,1818522,18.5,24893.5,41.5,1345.59459459459
"239",2013,"Franklin","069","19",1680.5,1597.5,873747.5,1684,1602.5,875401,4,1627,5,406.75
"240",2013,"Fremont","071","19",1148.5,1125.5,691490.5,1151.5,1128,692607,3,1937,4,645.666666666667
"241",2013,"Greene","073","19",1627.5,1474.5,882973.5,1634.5,1479,884547,5,1500.5,6,300.1
"242",2013,"Grundy","075","19",1098,984,602080,1103,989.5,605815.5,6,2380,7,396.666666666667
"243",2013,"Guthrie","077","19",1389.5,1332,796878.5,1396,1339.5,800089.5,7,4040,9,577.142857142857
"244",2013,"Hamilton","079","19",2382,2177.5,1208280.5,2387.5,2186.5,1208220.5,9,7067,9,785.222222222222
"245",2013,"Hancock","081","19",1334.5,1265,726225.5,1339.5,1270.5,729687,5.5,1033.5,6.5,187.909090909091
"246",2013,"Hardin","083","19",2910,2691.5,1563700,2920,2700,1566926,9.5,2528.5,11,266.157894736842
"247",2013,"Harrison","085","19",2220,2105,1711572,2221.5,2111.5,1717010.5,2,4446.5,6,2223.25
"248",2013,"Henry","087","19",3926,3341,1876502.5,3939,3363,1900376.5,13.5,13872,23,1027.55555555556
"249",2013,"Howard","089","19",1383.5,1238.5,679803,1388.5,1245.5,690387,7,6648,8,949.714285714286
"250",2013,"Humboldt","091","19",1414,1300,855632,1419,1305.5,863457,4.5,5878.5,6,1306.33333333333
"251",2013,"Ida","093","19",910.5,859,558883,914,862.5,568837,4,455,3.5,113.75
"252",2013,"Iowa","095","19",1880.5,1583.5,823754.5,1885,1586,824799.5,4,860.5,5.5,215.125
"253",2013,"Jackson","097","19",3264.5,2891.5,1552882.5,3278,2907.5,1554335.5,13,2654.5,16,204.192307692308
"254",2013,"Jasper","099","19",5880.5,5198,3191566,5911,5280.5,3271044,33,87940.5,71.5,2664.86363636364
"255",2013,"Jefferson","101","19",3365.5,2504.5,1484976.5,3379,2527,1509192,11.5,9162,27.5,796.695652173913
"256",2013,"Johnson","103","19",15686,12456.5,8039395,15730.5,12531,8102170,43.5,55181.5,89.5,1268.54022988506
"257",2013,"Jones","105","19",2536,2302.5,1403656,2540.5,2308,1407375.5,4,603,5,150.75
"258",2013,"Keokuk","107","19",1834.5,1521,915085,1844.5,1527.5,919211,8.5,3340.5,9,393
"259",2013,"Kossuth","109","19",1772,1602.5,1244466,1780,1610,1252477,8,1494.5,8,186.8125
"260",2013,"Lee","111","19",8064,6933.5,3950722.5,8091.5,6972,4003970,25,32237,40.5,1289.48
"261",2013,"Linn","113","19",33417,28007,17505907.5,33558.5,28219.5,17680543.5,133.5,181034.5,238.5,1356.06367041198
"262",2013,"Louisa","115","19",2047.5,1714.5,825247.5,2057.5,1725.5,831416,9,3311,11,367.888888888889
"263",2013,"Lucas","117","19",1836,1667,991175,1844,1677,993904,8,2107,9,263.375
"264",2013,"Lyon","119","19",1049.5,1002,548377,1051,1003.5,548514,1.5,220,2,146.666666666667
"265",2013,"Madison","121","19",1755.5,1601.5,1013495.5,1762,1608.5,1017977.5,6.5,3110,7,478.461538461538
"266",2013,"Mahaska","123","19",4288.5,3753,2165654,4309,3790,2189975,20.5,17538,39,855.512195121951
"267",2013,"Marion","125","19",4134.5,3668.5,2258629,4151.5,3688,2262168.5,15.5,13409.5,19,865.129032258065
"268",2013,"Marshall","127","19",9270,8274.5,6257808.5,9297,8320,6288471,26.5,31718.5,52,1196.92452830189
"269",2013,"Mills","129","19",2192.5,2157.5,7796252.5,2204.5,2170,7827585.5,10,17865,13,1786.5
"270",2013,"Mitchell","131","19",1183.5,1039,657604.5,1189,1043,664336.5,4,2919,4,729.75
"271",2013,"Monona","133","19",1541,1380,902478,1544.5,1386,904933,4,2158,5,539.5
"272",2013,"Monroe","135","19",1205,1115.5,780969.5,1212,1122.5,787428.5,6,5706,8,951
"273",2013,"Montgomery","137","19",2373.5,2209,1405652.5,2379,2217.5,1410400.5,6,4606,8,767.666666666667
"274",2013,"Muscatine","139","19",9722.5,8267.5,4044751.5,9767,8338,4087356,44,39583.5,68,899.625
"275",2013,"O Brien","141","19",1847,1729.5,1688523,1854,1738,1690868,6.5,1915.5,8,294.692307692308
"276",2013,"Osceola","143","19",714.5,675.5,433885,716,677.5,434351.5,2,242.5,2,121.25
"277",2013,"Page","145","19",2788,2655,1825162,2804,2670.5,1852895.5,14,9126.5,19,651.892857142857
"278",2013,"Palo Alto","147","19",1323,1208.5,1054157.5,1326,1214.5,1057853,4.5,1050.5,5.5,233.444444444444
"279",2013,"Plymouth","149","19",2447,2322.5,1543322,2462,2336,1556261,14.5,12209.5,16.5,842.034482758621
"280",2013,"Pocahontas","151","19",1167,1079.5,591123.5,1173,1084.5,596224.5,5,1003.5,6,200.7
"281",2013,"Polk","153","19",87421,70878.5,40853921,87691.5,71294,41215124.5,277,412538.5,484.5,1489.30866425993
"282",2013,"Pottawatta","155","19",18884.5,17496.5,10738451.5,18976.5,17700.5,11053977.5,93,331741,224,3567.10752688172
"283",2013,"Poweshiek","157","19",2455.5,2032.5,1170244,2460.5,2038,1170652.5,5,571,6,114.2
"284",2013,"Ringgold","159","19",860.5,773.5,615483,861,774,615822,1.5,246.5,1,164.333333333333
"285",2013,"Sac","161","19",1244,1156,785719,1248,1161.5,788641.5,4.5,1402.5,4.5,311.666666666667
"286",2013,"Scott","163","19",33491.5,29321,15100043.5,33600.5,29484,15346938,113,126298.5,181.5,1117.68584070796
"287",2013,"Shelby","165","19",1629.5,1490.5,1244535,1639,1499.5,1247396,10,3096.5,10,309.65
"288",2013,"Sioux","167","19",3295,3183,2285112.5,3302,3192,2295288.5,7,6411.5,10,915.928571428571
"289",2013,"Story","169","19",8382.5,7270,4817098.5,8414.5,7304.5,4852598,32,38235,40.5,1194.84375
"290",2013,"Tama","171","19",3103.5,2686.5,1166949.5,3117,2699,1173188.5,13,5627.5,14,432.884615384615
"291",2013,"Taylor","173","19",986.5,928,611708.5,990.5,932,612696.5,4,1250,4,312.5
"292",2013,"Union","175","19",2409.5,2184,1451650.5,2419,2192.5,1453733.5,9,3557.5,11.5,395.277777777778
"293",2013,"Van Buren","177","19",1271.5,1092,514667,1275.5,1097,516109.5,4,316,5,79
"294",2013,"Wapello","179","19",9576.5,8147.5,4607545,9612,8206.5,4680982.5,34.5,59381.5,63.5,1721.20289855072
"295",2013,"Warren","181","19",5005.5,4494.5,3059283,5023.5,4515,3063938.5,18,9524.5,23,529.138888888889
"296",2013,"Washington","183","19",3544,2936,2183287,3555.5,2946,2186870.5,10,3956.5,12,395.65
"297",2013,"Wayne","185","19",1153,1014.5,659532.5,1159,1020.5,663157,6,4265,6,710.833333333333
"298",2013,"Webster","187","19",8295.5,7106.5,4005019.5,8339.5,7180,4073854.5,42.5,85163,90.5,2003.83529411765
"299",2013,"Winnebago","189","19",1374,1288,861181.5,1378,1293.5,861739,4.5,453,5.5,100.666666666667
"300",2013,"Winneshiek","191","19",1879,1625,1461193,1886,1654.5,1478960,9.5,21568.5,28.5,2270.36842105263
"301",2013,"Woodbury","193","19",22830.5,21399,10818926,22915,21542.5,11096679.5,84,188402.5,154.5,2242.8869047619
"302",2013,"Worth","195","19",945,882.5,364613,947.5,884.5,371649,2,1630,2.5,815
"303",2013,"Wright","197","19",2198.5,2053.5,1231146.5,2206.5,2061.5,1236370,9,2179,9.5,242.111111111111
"304",2014,"Adair","001","19",1052.5,1057.5,686209.5,1055,1058,686526,1,47.5,4,47.5
"305",2014,"Adams","003","19",679.5,690,591063,681.5,693.5,591311.5,1,321,2,321
"306",2014,"Allamakee","005","19",2346.5,2367.5,1510349,2349.5,2368,1512366.5,3,467,5,155.666666666667
"307",2014,"Appanoose","007","19",2972,3161,2021340,2975.5,3163,2021994,3,1623,5.5,541
"308",2014,"Audubon","009","19",851,899.5,571422.5,853,901,571569,2,617.5,5,308.75
"309",2014,"Benton","011","19",3304.5,3486,2513559.5,3312.5,3489,2514771,6.5,1153.5,10,177.461538461538
"310",2014,"Black Hawk","013","19",27393,27562.5,16297093,27419,27594,16343234,41.5,41496,126.5,999.903614457831
"311",2014,"Boone","015","19",3811.5,3981.5,6605913,3820.5,3985.5,6610206,9,3554,12,394.888888888889
"312",2014,"Bremer","017","19",2184,2275.5,1508233,2190,2280,1512214.5,5,3918.5,9,783.7
"313",2014,"Buchanan","019","19",2905,3111.5,2158560.5,2910.5,3119,2159934,6,2440.5,19,406.75
"314",2014,"Buena Vist","021","19",4215.5,4272,2341147.5,4222.5,4278.5,2343280.5,6.5,1302.5,10,200.384615384615
"315",2014,"Butler","023","19",2192.5,2330,1652944.5,2195,2334,1649298.5,3,13184,20.5,4394.66666666667
"316",2014,"Calhoun","025","19",1450,1503,1163277,1454,1505,1163845,4,641.5,5.5,160.375
"317",2014,"Carroll","027","19",3447,3922,3676881.5,3457.5,3980,3692021.5,11,13010,57.5,1182.72727272727
"318",2014,"Cass","029","19",2755.5,2756.5,2058551,2760.5,2758.5,2060182.5,5,3595,10,719
"319",2014,"Cedar","031","19",2100.5,2210,1115998,2106,2214,1117402,5.5,2185.5,8,397.363636363636
"320",2014,"Cent. Off","","0",NA,NA,NA,NA,NA,NA,0,0,0,NA
"321",2014,"Cent. Off",NA,NA,0,1473,11231847.5,0,1473,11236420.5,0,0,0,NA
"322",2014,"Cerro Gord","033","19",8453,8904,6388600.5,8472.5,8923,6402716,17,14115,53,830.294117647059
"323",2014,"Cherokee","035","19",1644.5,1739,1126505,1650.5,1745.5,1132295,6,1591,8,265.166666666667
"324",2014,"Chickasaw","037","19",1481.5,1548,1110520.5,1488,1551,1112519,6.5,3649.5,11,561.461538461538
"325",2014,"Clarke","039","19",2087.5,2130,1774742,2090.5,2133.5,1783187.5,3,3355.5,10.5,1118.5
"326",2014,"Clay","041","19",2759,2873,1762589,2773,2882.5,1782566,13.5,8176.5,20,605.666666666667
"327",2014,"Clayton","043","19",2262,2282,2003730.5,2265.5,2283.5,2004428.5,1,944,4.5,944
"328",2014,"Clinton","045","19",10882,11229.5,7382097.5,10890.5,11235.5,7388753.5,9.5,6655,44.5,700.526315789474
"329",2014,"Crawford","047","19",3162,3231.5,1717277.5,3174,3238.5,1724061.5,12.5,6083,21.5,486.64
"330",2014,"Dallas","049","19",6184,6604,4115861.5,6205.5,6627,4122958,21,10816.5,28,515.071428571429
"331",2014,"Davis","051","19",1237,1263,767388.5,1239,1264.5,768463.5,2,238,3,119
"332",2014,"Decatur","053","19",1793.5,1816,1025719.5,1796.5,1816,1025799,2,127.5,5,63.75
"333",2014,"Delaware","055","19",1981.5,2112,1464224.5,1989.5,2116.5,1466199,8,1706.5,9.5,213.3125
"334",2014,"Des Moines","057","19",9905,9816,5227512.5,9924,9827,5235105,18,10878,41.5,604.333333333333
"335",2014,"Dickinson","059","19",2017.5,2143.5,1313541.5,2021,2146,1314864.5,3,1995,10.5,665
"336",2014,"Dubuque","061","19",15230,15313.5,9808915.5,15262,15341,9838522.5,30.5,28228,56.5,925.508196721311
"337",2014,"Emmet","063","19",1714.5,1801,1093825.5,1720.5,1804,1095345.5,6,2511.5,8,418.583333333333
"338",2014,"Fayette","065","19",3914.5,4189.5,3125185,3926,4198.5,3133020.5,12,8023,37.5,668.583333333333
"339",2014,"Floyd","067","19",3280,3514.5,2459212,3286,3522.5,2470108,5,14560.5,26,2912.1
"340",2014,"Franklin","069","19",1709,1753.5,992329,1714.5,1755.5,995696.5,5,848.5,6,169.7
"341",2014,"Fremont","071","19",1220.5,1283.5,784538,1224.5,1287.5,818435,4,2256.5,4,564.125
"342",2014,"Greene","073","19",1671,1748.5,1046752.5,1677,1750.5,1048132.5,4.5,2038,7.5,452.888888888889
"343",2014,"Grundy","075","19",1155.5,1218,663817,1160.5,1220,666197,4,2379,5.5,594.75
"344",2014,"Guthrie","077","19",1430.5,1533,904467,1436.5,1538.5,909536,6,1625.5,7,270.916666666667
"345",2014,"Hamilton","079","19",2510,2639.5,1461178,2513.5,2642.5,1463478.5,3.5,2135.5,10,610.142857142857
"346",2014,"Hancock","081","19",1393,1464,851369.5,1396,1467.5,883449,3,933,4,311
"347",2014,"Hardin","083","19",2965,3017,1870177.5,2970.5,3021.5,1870945.5,5,812.5,7,162.5
"348",2014,"Harrison","085","19",2474.5,2551,2275430,2477,2552.5,2291819.5,2.5,2666,5,1066.4
"349",2014,"Henry","087","19",3984,3977.5,2293143.5,3987,3981,2301881.5,3,3039.5,13,1013.16666666667
"350",2014,"Howard","089","19",1421.5,1420.5,806581,1424.5,1423.5,806786.5,3,507,4.5,169
"351",2014,"Humboldt","091","19",1418.5,1500.5,978567,1421.5,1502.5,979792,4,5426.5,6,1356.625
"352",2014,"Ida","093","19",973,1056,735698.5,973.5,1056.5,736020,0.5,975,5.5,1950
"353",2014,"Iowa","095","19",2928.5,3159,1516797.5,2929.5,3160,1517815.5,1,459.5,4,459.5
"354",2014,"Jackson","097","19",3444,3511.5,1968011,3455.5,3520,1971267.5,11,3038,11.5,276.181818181818
"355",2014,"Jasper","099","19",6473.5,7295,4177088,6496,7329.5,4185992,16.5,10396.5,45.5,630.090909090909
"356",2014,"Jefferson","101","19",3460,3454.5,2062969.5,3463.5,3459,2063344,4,1996.5,12,499.125
"357",2014,"Johnson","103","19",16008,16046,9790212.5,16039.5,16073,9817844.5,29.5,24820,62,841.35593220339
"358",2014,"Jones","105","19",2665.5,2837.5,1738466,2669.5,2838.5,1739777.5,3.5,643,5,183.714285714286
"359",2014,"Keokuk","107","19",1830.5,1851.5,1155344.5,1832,1858.5,1162112,2,2604,9.5,1302
"360",2014,"Kossuth","109","19",1858,1882,1428359,1866,1890,1441956.5,9,4297.5,10,477.5
"361",2014,"Lee","111","19",8577.5,8462,5052029,8589.5,8470.5,5056089,9,6485.5,26.5,720.611111111111
"362",2014,"Linn","113","19",38573,39033.5,23357287.5,38625.5,39126,23588220.5,67,171091.5,230.5,2553.60447761194
"363",2014,"Louisa","115","19",1975.5,2014.5,914087,1980,2016.5,914726,4.5,557,5.5,123.777777777778
"364",2014,"Lucas","117","19",1849.5,1986.5,1149162,1852.5,1989.5,1149190.5,3,84.5,5,28.1666666666667
"365",2014,"Lyon","119","19",1076.5,1178,603953.5,1078.5,1181,604962,2,1251,3,625.5
"366",2014,"Madison","121","19",1900.5,2028.5,1164631,1903.5,2032,1165755.5,4,2539,7,634.75
"367",2014,"Mahaska","123","19",4312.5,4344.5,2603348.5,4317.5,4350,2604035,10.5,3306.5,23.5,314.904761904762
"368",2014,"Marion","125","19",4237.5,4350.5,2609178,4251,4363,2619495,13.5,8184.5,17,606.259259259259
"369",2014,"Marshall","127","19",9440.5,9640.5,7341825.5,9453,9660,7384107,16.5,29314,41,1776.60606060606
"370",2014,"Mills","129","19",2331.5,2395.5,8062300,2336,2399,8075028.5,3,3171,12.5,1057
"371",2014,"Mitchell","131","19",1222.5,1225,802374,1224.5,1226,802549,1,86.5,4,86.5
"372",2014,"Monona","133","19",1606.5,1698,1018929,1611,1699,1021264,4,2024,6,506
"373",2014,"Monroe","135","19",1321.5,1417,948798,1325,1419.5,966673,3.5,1954,8,558.285714285714
"374",2014,"Montgomery","137","19",2501.5,2581,1740004.5,2503.5,2583,1740742.5,2,459.5,5,229.75
"375",2014,"Muscatine","139","19",9949,10030.5,5238887.5,9971,10058,5251045.5,24.5,20186,51.5,823.918367346939
"376",2014,"O Brien","141","19",1906.5,2113.5,1915635,1912,2120,1918136,6,4246,8,707.666666666667
"377",2014,"Osceola","143","19",789.5,812,549707,790,813,549718,0,0,0.5,NA
"378",2014,"Page","145","19",2904,3095,2093824,2912.5,3101,2105724.5,8,3405.5,12.5,425.6875
"379",2014,"Palo Alto","147","19",1385.5,1441.5,1184392.5,1390.5,1444,1185261,5,866,5.5,173.2
"380",2014,"Plymouth","149","19",2714.5,2908.5,1882372,2728.5,2919.5,1888272,14,5953.5,17,425.25
"381",2014,"Pocahontas","151","19",1216.5,1231.5,722760,1220,1234,723668.5,3,907.5,3.5,302.5
"382",2014,"Polk","153","19",94139,93682,53234199,94276.5,93819,53385570.5,149,204398.5,386,1371.80201342282
"383",2014,"Pottawatta","155","19",22092,22657,14267003.5,22127.5,22728,14376626,51,127688.5,168.5,2503.69607843137
"384",2014,"Poweshiek","157","19",2496,2465,1396072.5,2500.5,2466.5,1396681.5,4.5,641,7,142.444444444444
"385",2014,"Ringgold","159","19",932.5,943,764526,932.5,943,764569,0.5,77.5,2,155
"386",2014,"Sac","161","19",1303,1400,978216,1306,1401.5,979571,3,1144,4,381.333333333333
"387",2014,"Scott","163","19",37918,37566.5,20377277.5,37962,37620.5,20478860,63,109419,168.5,1736.80952380952
"388",2014,"Shelby","165","19",1680,1708,1478960.5,1689,1712,1485637,8,10354.5,11.5,1294.3125
"389",2014,"Sioux","167","19",3463,3754,2744687,3466.5,3759.5,2746945,4,577,7,144.25
"390",2014,"Story","169","19",8864,8811.5,5841111.5,8890,8830,5880333,24,11557,34,481.541666666667
"391",2014,"Tama","171","19",3125.5,3166.5,1567167,3133,3171.5,1573475,7,5305.5,10,757.928571428571
"392",2014,"Taylor","173","19",1098.5,1197.5,689705.5,1099.5,1198,689807.5,1,258.5,4,258.5
"393",2014,"Union","175","19",2517.5,2524,1787451,2527,2529.5,1795184,8,4416.5,10,552.0625
"394",2014,"Van Buren","177","19",1276,1335,701270.5,1281,1337,702601.5,5,1190.5,6,238.1
"395",2014,"Wapello","179","19",9784.5,9798,5573990,9806.5,9810.5,5587988.5,18.5,8242.5,52,445.540540540541
"396",2014,"Warren","181","19",5233.5,5559.5,3578739,5241,5565,3585123.5,8,2246,16.5,280.75
"397",2014,"Washington","183","19",3517,3566.5,2536682.5,3522,3571.5,2537640,5,987,6.5,197.4
"398",2014,"Wayne","185","19",1186.5,1235.5,824476,1190,1236.5,825976.5,2,1993.5,5.5,996.75
"399",2014,"Webster","187","19",8653.5,9102,5317847,8677,9122.5,5338723.5,26.5,13793.5,66,520.509433962264
"400",2014,"Winnebago","189","19",1455,1474.5,1005683,1458,1476.5,1006478.5,3,795.5,4.5,265.166666666667
"401",2014,"Winneshiek","191","19",2130,2249,1868839,2134.5,2258,1872895,4.5,7050,17,1566.66666666667
"402",2014,"Woodbury","193","19",24750.5,26023.5,13572622.5,24807,26075.5,13617765,56,44600.5,124,796.4375
"403",2014,"Worth","195","19",1020.5,1023.5,485668.5,1020.5,1023.5,485668.5,0,0.5,0.5,Inf
"404",2014,"Wright","197","19",2279,2349.5,1544866.5,2285.5,2356,1548733.5,6,4280,9,713.333333333333
"405",2015,"Adair","001","19",1063,1088,806812,1063,1088,806812,0,0,0,NA
"406",2015,"Adams","003","19",652.5,684.5,606157,653.5,685.5,606728.5,1,409,1,409
"407",2015,"Allamakee","005","19",2257.5,2338,1528704.5,2257.5,2338,1528709.5,0,0,0,NA
"408",2015,"Appanoose","007","19",3255.5,3326,2233045,3256.5,3327,2241288,2,131,2,65.5
"409",2015,"Audubon","009","19",1001.5,1000.5,664470,1003.5,1002.5,666299,2,3563.5,2,1781.75
"410",2015,"Benton","011","19",3561,3646,2727756,3562.5,3647,2727910,2,153,3,76.5
"411",2015,"Black Hawk","013","19",28735,28849,17105741.5,28747,28874.5,17118564.5,13,17851,29,1373.15384615385
"412",2015,"Boone","015","19",4047.5,4130,6828693.5,4050,4132,6829054,1.5,753,2.5,502
"413",2015,"Bremer","017","19",2313.5,2397,1617742,2314.5,2398,1616798.5,1,901.5,2,901.5
"414",2015,"Buchanan","019","19",3398.5,3419.5,2202859,3402,3423.5,2204965,3.5,1275.5,5,364.428571428571
"415",2015,"Buena Vist","021","19",4206,4237.5,2567323.5,4210,4246.5,2569474.5,6,2687,8,447.833333333333
"416",2015,"Butler","023","19",2605.5,2637,1781525.5,2607.5,2639,1784880.5,2,1490.5,3.5,745.25
"417",2015,"Calhoun","025","19",1476,1510,1235086.5,1477,1511.5,1235351.5,1,20.5,1,20.5
"418",2015,"Carroll","027","19",5354,5558,4188862.5,5360,5574,4198297.5,6.5,8215,15.5,1263.84615384615
"419",2015,"Cass","029","19",2749,2741.5,2105150,2750,2742.5,2106325,1,607,1,607
"420",2015,"Cedar","031","19",2222.5,2280.5,1271502.5,2224.5,2282,1272113.5,2,575.5,2,287.75
"421",2015,"Cent. Off","","0",0,464,7757109.5,0,464,7757109.5,0,0,0,NA
"422",2015,"Cent. Off",NA,NA,0,2831.5,13499954.5,0,2839.5,13499954.5,0,0,0,NA
"423",2015,"Cerro Gord","033","19",9532.5,9495.5,6730649,9537.5,9507.5,6737977,6,4015.5,15,669.25
"424",2015,"Cherokee","035","19",1780.5,1834,1217713.5,1784.5,1839.5,1218784.5,4,1774,4.5,443.5
"425",2015,"Chickasaw","037","19",1586,1615.5,1121104.5,1586,1615.5,1121200,0,0,0,NA
"426",2015,"Clarke","039","19",2082.5,2128.5,1774664,2083.5,2132.5,1776396,3,1432,4,477.333333333333
"427",2015,"Clay","041","19",2816.5,2853.5,1841350,2819.5,2862,1842919.5,3,996,5.5,332
"428",2015,"Clayton","043","19",2282,2296.5,2067721,2283,2298,2068042,1,223.5,1,223.5
"429",2015,"Clinton","045","19",11740.5,11846,7866762.5,11740.5,11847.5,7865321,0,69.5,1.5,Inf
"430",2015,"Crawford","047","19",3158.5,3231.5,1794795,3162,3236.5,1799347,4,2718,6,679.5
"431",2015,"Dallas","049","19",6745,7126,4451564,6757.5,7141,4459950,11,3385,14,307.727272727273
"432",2015,"Davis","051","19",1299,1310,896059,1299,1310,896059,0,0,0,NA
"433",2015,"Decatur","053","19",1841,1865,1131905.5,1841,1865,1131905.5,0,0,0,NA
"434",2015,"Delaware","055","19",2207,2231,1602979,2210.5,2234.5,1605081,3.5,1015,4,290
"435",2015,"Des Moines","057","19",10128,9910,5982008.5,10129,9913.5,5984136,2.5,3102,5,1240.8
"436",2015,"Dickinson","059","19",2118,2138,1483069,2121,2141.5,1483691,3,950,3,316.666666666667
"437",2015,"Dubuque","061","19",16324.5,16052.5,10878590,16341,16075.5,10888121.5,19,7306,26,384.526315789474
"438",2015,"Emmet","063","19",1633.5,1689,1098254.5,1634.5,1691.5,1098686.5,0,520.5,1.5,Inf
"439",2015,"Fayette","065","19",4486.5,4553.5,3375898.5,4489,4559.5,3384721.5,4.5,2947,8,654.888888888889
"440",2015,"Floyd","067","19",3749,3804,2670012,3750,3811,2681272.5,1,1891,4.5,1891
"441",2015,"Franklin","069","19",1708,1740.5,1029140,1710,1742.5,1029421,2,455.5,2,227.75
"442",2015,"Fremont","071","19",1269,1305,863686.5,1271,1307.5,864784,3,416,3,138.666666666667
"443",2015,"Greene","073","19",1775,1839,1248908,1777,1839.5,1251213.5,2,946,2,473
"444",2015,"Grundy","075","19",1221.5,1236,699392.5,1222,1236.5,699623,0,22.5,0.5,Inf
"445",2015,"Guthrie","077","19",1604.5,1677,1060688.5,1608,1681,1061513.5,4,1107.5,4.5,276.875
"446",2015,"Hamilton","079","19",2480.5,2554.5,1530695.5,2480.5,2555.5,1530807,0,0,0,NA
"447",2015,"Hancock","081","19",1449.5,1459,894096.5,1451.5,1461.5,894709,2,614,2,307
"448",2015,"Hardin","083","19",3040.5,3095,1959038.5,3041.5,3096,1959304.5,1,357,1.5,357
"449",2015,"Harrison","085","19",2458.5,2526.5,2357509.5,2460,2528.5,2357669.5,1,706,2,706
"450",2015,"Henry","087","19",4071,4085,2521940.5,4072,4086.5,2522715,0.5,611,2,1222
"451",2015,"Howard","089","19",1366,1375,793772.5,1369,1377.5,793889,3,100,3,33.3333333333333
"452",2015,"Humboldt","091","19",1484,1518.5,1102936.5,1484.5,1519.5,1102936.5,0,175.5,1,Inf
"453",2015,"Ida","093","19",1038.5,1083,745813.5,1038.5,1083,745813.5,0,0,0,NA
"454",2015,"Iowa","095","19",2770.5,2835,1416084.5,2771,2835.5,1416084.5,0,2.5,0.5,Inf
"455",2015,"Jackson","097","19",3484.5,3501.5,2116969,3486.5,3506,2117926.5,2,809,3.5,404.5
"456",2015,"Jasper","099","19",6464.5,6725,4125375.5,6466,6728,4126392,2,1016.5,6,508.25
"457",2015,"Jefferson","101","19",3563.5,3530.5,2228878,3566.5,3532.5,2229026.5,3,63,3,21
"458",2015,"Johnson","103","19",16981.5,16890,11010399.5,17004.5,16918.5,11018109,20.5,16273,28.5,793.80487804878
"459",2015,"Jones","105","19",3050.5,3096.5,1970018.5,3050.5,3098,1970018.5,0,302,1,Inf
"460",2015,"Keokuk","107","19",1865.5,1910,1118972.5,1867.5,1911,1118993.5,1.5,127,2,84.6666666666667
"461",2015,"Kossuth","109","19",1904.5,1934.5,1489333,1906.5,1936.5,1489517.5,2,216,2.5,108
"462",2015,"Lee","111","19",8580.5,8517,5175963.5,8587,8522,5176992.5,6,1695.5,6.5,282.583333333333
"463",2015,"Linn","113","19",42415.5,42736.5,25306984,42456,42825.5,25372659.5,36.5,51389,88.5,1407.91780821918
"464",2015,"Louisa","115","19",2035,2006.5,1158453.5,2039.5,2011,1159115,5,734.5,5,146.9
"465",2015,"Lucas","117","19",1877,1943.5,1332715,1880,1946.5,1332874.5,3,256,3,85.3333333333333
"466",2015,"Lyon","119","19",1219.5,1223.5,710314.5,1220.5,1225,710368.5,1,15,1,15
"467",2015,"Madison","121","19",1992.5,2031,1205331.5,1993,2032,1205786.5,0.5,110,1,220
"468",2015,"Mahaska","123","19",4397.5,4458,2774111.5,4398.5,4459.5,2774621,1,523,2,523
"469",2015,"Marion","125","19",4463.5,4602,2963193.5,4467,4606,2963972,3.5,548,5.5,156.571428571429
"470",2015,"Marshall","127","19",10184,10173,8055700,10198.5,10189,8073067,13.5,18678.5,18.5,1383.59259259259
"471",2015,"Mills","129","19",2359.5,2434.5,8183584.5,2360,2436,8183832.5,0.5,66,1.5,132
"472",2015,"Mitchell","131","19",1295.5,1292,879200.5,1298.5,1295.5,879239.5,3,77,3,25.6666666666667
"473",2015,"Monona","133","19",1765.5,1770.5,1199811.5,1765.5,1770.5,1199811.5,0,0,0,NA
"474",2015,"Monroe","135","19",1449.5,1478.5,1093801,1449.5,1479,1093849.5,0,0,0,NA
"475",2015,"Montgomery","137","19",2374,2429.5,1799376.5,2374.5,2430,1802509,0,0,0,NA
"476",2015,"Muscatine","139","19",10131,10191.5,5266787.5,10148.5,10210,5305772.5,17,9527,21,560.411764705882
"477",2015,"O Brien","141","19",2167,2196.5,2050895.5,2169,2199.5,2053506.5,3,1307,4,435.666666666667
"478",2015,"Osceola","143","19",845,860.5,532393.5,847,862,539336.5,1.5,2171.5,1,1447.66666666667
"479",2015,"Page","145","19",2961,3065,2124468.5,2965.5,3071,2125428,4.5,1033,6,229.555555555556
"480",2015,"Palo Alto","147","19",1461.5,1491.5,1213671,1461.5,1491.5,1213707,0,0,0,NA
"481",2015,"Plymouth","149","19",2963.5,3008.5,2036499.5,2968.5,3014.5,2038520.5,6,2076.5,6,346.083333333333
"482",2015,"Pocahontas","151","19",1228,1250.5,764667,1230.5,1252.5,765881.5,2,977,2,488.5
"483",2015,"Polk","153","19",99765.5,100091.5,56732608,99853,100196.5,56797788.5,87,53031,120.5,609.551724137931
"484",2015,"Pottawatta","155","19",24173.5,24546,15527967.5,24198,24600.5,15541764.5,24,52149.5,60.5,2172.89583333333
"485",2015,"Poweshiek","157","19",2695,2593,1496063.5,2695,2593.5,1496477.5,0,0,0,NA
"486",2015,"Ringgold","159","19",938.5,955.5,778050.5,938.5,955.5,778050.5,0,0,0,NA
"487",2015,"Sac","161","19",1383,1414,1045635.5,1383,1414.5,1045553,0,0,0,NA
"488",2015,"Scott","163","19",39497.5,39136.5,22015092,39522,39176.5,22069967,22.5,45607.5,47,2027
"489",2015,"Shelby","165","19",1735.5,1748,1587496.5,1739,1752,1589409,1,489,2.5,489
"490",2015,"Sioux","167","19",3709.5,3767.5,2875143,3712.5,3771.5,2880582,3,331,3,110.333333333333
"491",2015,"Story","169","19",8979.5,8938,6284721.5,8991.5,8949.5,6298259.5,13,5469,15.5,420.692307692308
"492",2015,"Tama","171","19",3125.5,3216,1600355,3128,3219.5,1601486,3,812,4,270.666666666667
"493",2015,"Taylor","173","19",1210.5,1230,685183.5,1211.5,1231,687648.5,1,1117,1.5,1117
"494",2015,"Union","175","19",2622,2613.5,1757513.5,2624,2615.5,1759379,2,132,3,66
"495",2015,"Van Buren","177","19",1358.5,1399.5,802402,1358.5,1399.5,802355.5,0,0,0,NA
"496",2015,"Wapello","179","19",9914.5,9961.5,5967051,9921.5,9968.5,5966896.5,7,3405.5,11.5,486.5
"497",2015,"Warren","181","19",5430,5745.5,3739599,5433.5,5749.5,3739910.5,3,378.5,4,126.166666666667
"498",2015,"Washington","183","19",3662.5,3666.5,2492136,3666.5,3670.5,2492811.5,4,717,4,179.25
"499",2015,"Wayne","185","19",1200,1245,923604.5,1201,1246,923639,1,405.5,2,405.5
"500",2015,"Webster","187","19",9607,9760.5,5704739,9612,9774.5,5714585,5,4269,15.5,853.8
"501",2015,"Winnebago","189","19",1506.5,1541.5,1089475,1506.5,1541.5,1089498,0,0,0.5,NA
"502",2015,"Winneshiek","191","19",2603,2546.5,2002126.5,2604,2554.5,2077000,1,6040,6.5,6040
"503",2015,"Woodbury","193","19",28048.5,27822.5,15188924,28084.5,27860,15209599,36,16766.5,48.5,465.736111111111
"504",2015,"Worth","195","19",1030.5,1039,548008,1030.5,1039,548008,0,0,0,NA
"505",2015,"Wright","197","19",2323.5,2401.5,1650861.5,2325,2403.5,1652420,2,2705,3.5,1352.5
"506",2016,"Adair","001","19",1149,1232.5,411668,1149,1232.5,411670.5,0,0,0,NA
"507",2016,"Adams","003","19",689.5,740,315060.5,690.5,741,315228,1,140.5,1,140.5
"508",2016,"Allamakee","005","19",2477.5,2592,844551.5,2478.5,2593,844553.5,1,2,1,2
"509",2016,"Appanoose","007","19",3358.5,3505,1030322.5,3358.5,3506,1030319,0,0,1,NA
"510",2016,"Audubon","009","19",1041.5,1098,380467,1043.5,1100,384972.5,3,4438,3,1479.33333333333
"511",2016,"Benton","011","19",3736,4090.5,1469262.5,3739,4094,1470476,3,241.5,3,80.5
"512",2016,"Black Hawk","013","19",29519.5,31273.5,9381035.5,29531.5,31302,9417365.5,10.5,19172.5,32,1825.95238095238
"513",2016,"Boone","015","19",4191.5,4637,2021083,4191.5,4637,2021083,0,6,1,Inf
"514",2016,"Bremer","017","19",2561.5,2694.5,935937,2562.5,2696.5,936496.5,1,349,1.5,349
"515",2016,"Buchanan","019","19",3422.5,3757,1791355,3423,3761.5,1782908.5,1,1007,5.5,1007
"516",2016,"Buena Vist","021","19",4478,4587.5,1561251.5,4483.5,4591,1607909.5,6.5,1566,10,240.923076923077
"517",2016,"Butler","023","19",2559.5,2824,1014761.5,2559.5,2827.5,1017376.5,0,453,2,Inf
"518",2016,"Calhoun","025","19",1603.5,1723.5,650468,1603.5,1724,650489,0,0,1,NA
"519",2016,"Carroll","027","19",4532.5,4849,2039714.5,4535.5,4850,2048714.5,3,1911.5,5.5,637.166666666667
"520",2016,"Cass","029","19",2858.5,2992,1193202.5,2858.5,2992,1193309,0,0,0.5,NA
"521",2016,"Cedar","031","19",2319,2545.5,673893.5,2319,2547,673925.5,0,22,1.5,Inf
"522",2016,"Cent. Off","","0",NA,NA,NA,NA,NA,NA,0,0,0,NA
"523",2016,"Cent. Off",NA,NA,0,1645,10788328.5,0,1645,10788328.5,0,0,0,NA
"524",2016,"Cerro Gord","033","19",9382.5,10139.5,3327435,9385.5,10148,3331428,3,3352.5,10.5,1117.5
"525",2016,"Cherokee","035","19",1931,2010,795016,1933,2012,802236,2,6663,3,3331.5
"526",2016,"Chickasaw","037","19",1730.5,1831,654821,1730.5,1831,657402,0,33.5,1,Inf
"527",2016,"Clarke","039","19",2184.5,2311.5,1363721.5,2188,2318.5,1366369.5,4,2205.5,7,551.375
"528",2016,"Clay","041","19",2892.5,3094.5,1089325.5,2894.5,3097.5,1089888,3,311,4,103.666666666667
"529",2016,"Clayton","043","19",2500,2612.5,1205381.5,2502,2614,1205655.5,1,568,2,568
"530",2016,"Clinton","045","19",11896.5,12540.5,4568999.5,11896.5,12540.5,4568999.5,0,0,0.5,NA
"531",2016,"Crawford","047","19",3490.5,3702.5,1267373.5,3493,3705.5,1276802.5,2.5,3698,4.5,1479.2
"532",2016,"Dallas","049","19",7517.5,8172,2611987.5,7524.5,8187.5,2622567,7,1240,12.5,177.142857142857
"533",2016,"Davis","051","19",1443.5,1478.5,503032.5,1443.5,1479,503032.5,0,0,0,NA
"534",2016,"Decatur","053","19",1960.5,2017,607219,1960.5,2018,607248,0,0,0,NA
"535",2016,"Delaware","055","19",2333,2478,1044032.5,2340,2486,1044422.5,6.5,918.5,8.5,141.307692307692
"536",2016,"Des Moines","057","19",10172.5,10585.5,2836635,10172.5,10588,2836757.5,0,13.5,2,Inf
"537",2016,"Dickinson","059","19",2229.5,2384,898701,2231.5,2388,899682.5,2,971.5,3.5,485.75
"538",2016,"Dubuque","061","19",16667,17190.5,5665068.5,16695.5,17227,5676026.5,28.5,8176.5,37,286.894736842105
"539",2016,"Emmet","063","19",1795.5,1857,591716.5,1795.5,1857.5,592005,0,0,1,NA
"540",2016,"Fayette","065","19",4539.5,4871,1851518.5,4541.5,4876.5,1853456.5,4,1071.5,7.5,267.875
"541",2016,"Floyd","067","19",3638,3993,1407182,3640.5,3997.5,1421528.5,2,4425.5,6,2212.75
"542",2016,"Franklin","069","19",1805,1971.5,737117.5,1806,1973,737122,1,37.5,2,37.5
"543",2016,"Fremont","071","19",1452,1524.5,541923,1453,1526.5,542146,1,251,1.5,251
"544",2016,"Greene","073","19",1864,1943.5,623708,1865,1945,623691.5,0,0,2,NA
"545",2016,"Grundy","075","19",1334.5,1406,437219,1334.5,1407.5,437095.5,0,0,1,NA
"546",2016,"Guthrie","077","19",1673.5,1780,725138.5,1675.5,1781,725495.5,3.5,620.5,4,177.285714285714
"547",2016,"Hamilton","079","19",2549.5,2654.5,743588,2549.5,2654.5,743588,0,0,1,NA
"548",2016,"Hancock","081","19",1519,1682.5,555337.5,1521,1683.5,555908.5,2,207.5,2,103.75
"549",2016,"Hardin","083","19",3253.5,3454.5,1091863,3254.5,3455.5,1091858,0,20,1,Inf
"550",2016,"Harrison","085","19",2635.5,2804.5,1136419.5,2638.5,2806,1136456.5,1,2,2,2
"551",2016,"Henry","087","19",4165,4290.5,1257064,4165,4290.5,1257111.5,0,0,0.5,NA
"552",2016,"Howard","089","19",1403.5,1417.5,476069,1404.5,1418.5,476372,1.5,2,2,1.33333333333333
"553",2016,"Humboldt","091","19",1519,1638.5,694115,1519.5,1639.5,694115,0.5,2,1,4
"554",2016,"Ida","093","19",1163,1181.5,414163,1163,1181.5,414163,0,0,0,NA
"555",2016,"Iowa","095","19",2562,2903.5,756874.5,2562.5,2903.5,757214,0,35,1,Inf
"556",2016,"Jackson","097","19",3684,3846.5,1066461.5,3686,3849.5,1066631.5,2,149.5,2,74.75
"557",2016,"Jasper","099","19",6694,7175,2354576,6694.5,7176.5,2354803.5,0.5,128.5,3,257
"558",2016,"Jefferson","101","19",3694.5,3788,1265134.5,3696.5,3793,1266155.5,3,605,3.5,201.666666666667
"559",2016,"Johnson","103","19",17762.5,18583,6893172,17785.5,18611,6932131.5,22,7889.5,32,358.613636363636
"560",2016,"Jones","105","19",3298,3457.5,1020556,3298,3458,1020556,0,0,0,NA
"561",2016,"Keokuk","107","19",2001.5,2129,599329,2001.5,2130.5,599322,0,0,0,NA
"562",2016,"Kossuth","109","19",1968.5,2156,903019,1970,2158,903117,2,144,2,72
"563",2016,"Lee","111","19",8648.5,9134.5,2798053,8650.5,9138,2799695.5,2,-4,3.5,-2
"564",2016,"Linn","113","19",42743.5,45536,14427195.5,42763,45600,14532725,32,47057,92.5,1470.53125
"565",2016,"Louisa","115","19",2152,2264.5,575132,2155.5,2267.5,575526.5,3,254.5,4,84.8333333333333
"566",2016,"Lucas","117","19",2007.5,2098.5,606050,2009.5,2100.5,606191.5,2,51,2.5,25.5
"567",2016,"Lyon","119","19",1291,1350.5,574518,1292.5,1352.5,574528,2,4,2,2
"568",2016,"Madison","121","19",2053.5,2231,681371.5,2053.5,2231,681378.5,0,0,0,NA
"569",2016,"Mahaska","123","19",4552.5,4675,1501596,4554,4676,1501811,1,136.5,2,136.5
"570",2016,"Marion","125","19",4784,5060,1654414.5,4788,5066.5,1660101.5,4,559,5,139.75
"571",2016,"Marshall","127","19",10174,10834.5,6617728,10186,10846,6631910.5,11,2324.5,14.5,211.318181818182
"572",2016,"Mills","129","19",2528,2654.5,1542765,2528,2654.5,1542765,0,0,0,NA
"573",2016,"Mitchell","131","19",1377,1449,527590,1379,1451.5,527791.5,1.5,54.5,2,36.3333333333333
"574",2016,"Monona","133","19",1845,1952,673670.5,1845,1952,673670.5,0,0,0,NA
"575",2016,"Monroe","135","19",1521.5,1607,541744,1523.5,1609,541810.5,2,16,2,8
"576",2016,"Montgomery","137","19",2456.5,2655,925009,2456.5,2655,925009,0,2,1,Inf
"577",2016,"Muscatine","139","19",10182,11212.5,2990085,10195.5,11233.5,2994233.5,10.5,3745,17,356.666666666667
"578",2016,"O Brien","141","19",2253.5,2339,1146429,2255,2341,1146504,2,4,2.5,2
"579",2016,"Osceola","143","19",867,946,237206,868,946.5,237817,1,31.5,1,31.5
"580",2016,"Page","145","19",3268.5,3495,1322050,3272.5,3497,1323283,4,1349,4,337.25
"581",2016,"Palo Alto","147","19",1541,1680,709735,1541,1680,709735,0,0,0,NA
"582",2016,"Plymouth","149","19",3255.5,3415,1079070.5,3258.5,3420,1081044.5,3,3579.5,4.5,1193.16666666667
"583",2016,"Pocahontas","151","19",1382.5,1429.5,434276,1386,1431.5,435065.5,3,588.5,3,196.166666666667
"584",2016,"Polk","153","19",100959,106961,31602480,101032.5,107081,31657807,66,52217.5,125,791.174242424242
"585",2016,"Pottawatta","155","19",24344.5,26105,8874942,24356.5,26152.5,8923060,14.5,43287.5,56,2985.34482758621
"586",2016,"Poweshiek","157","19",2890.5,2906.5,743423.5,2890.5,2908.5,743424.5,0,0,0,NA
"587",2016,"Ringgold","159","19",953.5,992.5,390547,953.5,992.5,390547,0,0,0,NA
"588",2016,"Sac","161","19",1473.5,1602,594524.5,1474.5,1603,594534.5,1,9,1,9
"589",2016,"Scott","163","19",40062,42228.5,10822005,40073,42269,10922596,13,53426.5,49,4109.73076923077
"590",2016,"Shelby","165","19",1926,1974.5,853295.5,1926,1974.5,853295,0,0,0,NA
"591",2016,"Sioux","167","19",3989,4139,1730326.5,3991.5,4141.5,1730524,2,50,3,25
"592",2016,"Story","169","19",9246.5,9807,3356925.5,9258.5,9823,3358154.5,11.5,1229,14.5,106.869565217391
"593",2016,"Tama","171","19",3394.5,3632.5,907635.5,3395.5,3634,907945.5,1.5,435.5,2,290.333333333333
"594",2016,"Taylor","173","19",1238,1233,459293.5,1238,1233,460778.5,1,88,1,88
"595",2016,"Union","175","19",2711.5,2871.5,947531.5,2712.5,2872.5,948888.5,1,40.5,2,40.5
"596",2016,"Van Buren","177","19",1332.5,1465,364485.5,1332.5,1465,364485.5,0,0,0,NA
"597",2016,"Wapello","179","19",10330.5,10989.5,3113469,10335.5,11001.5,3120965,5,3808,8.5,761.6
"598",2016,"Warren","181","19",5822,6453.5,2108594.5,5823,6458.5,2108534.5,1,108,1.5,108
"599",2016,"Washington","183","19",3762.5,3968,1528978,3769,3972,1529745,4,490,5,122.5
"600",2016,"Wayne","185","19",1375.5,1412.5,601216.5,1376.5,1413.5,601633.5,1,261,1,261
"601",2016,"Webster","187","19",9650.5,10443,3440612.5,9653,10452.5,3436445,4,3079,11,769.75
"602",2016,"Winnebago","189","19",1635,1774.5,567520.5,1635,1775,567520.5,0,0,0,NA
"603",2016,"Winneshiek","191","19",2523.5,2584.5,1040832,2523.5,2590,1041384,0,54.5,4,Inf
"604",2016,"Woodbury","193","19",28187.5,29909,9002589.5,28208,29940,9017096.5,26.5,3986,35,150.415094339623
"605",2016,"Worth","195","19",1176,1222,322847.5,1176,1222,322847.5,0,0,0,NA
"606",2016,"Wright","197","19",2508,2634.5,961485,2508.5,2635,961581.5,1,41,2,41
"607",2017,"Adair","001","19",1213,1173,797818.5,1213,1173,797818.5,0,0,0,NA
"608",2017,"Adams","003","19",689.5,671,469090.5,689.5,671,469145,0,0,0,NA
"609",2017,"Allamakee","005","19",2565.5,2464,1484842.5,2567,2465,1484844.5,1,2,1,2
"610",2017,"Appanoose","007","19",3224,3110.5,2132314.5,3224,3110.5,2132314.5,0,0,0,NA
"611",2017,"Audubon","009","19",1038,986,587776,1038.5,986,591870.5,1,3987.5,1,3987.5
"612",2017,"Benton","011","19",3740,3642.5,2385988.5,3740,3642.5,2386280.5,0,0,0,NA
"613",2017,"Black Hawk","013","19",29386,28411.5,16655598,29390.5,28427,16667406,5,17111,17,3422.2
"614",2017,"Boone","015","19",4217,4103.5,3215891.5,4217,4103.5,3215891.5,0,0,0,NA
"615",2017,"Bremer","017","19",2586.5,2487.5,1642325.5,2586.5,2487.5,1641737,0,0,0,NA
"616",2017,"Buchanan","019","19",3363.5,3279.5,2090860.5,3364.5,3282.5,2092284,1.5,2340,2.5,1560
"617",2017,"Buena Vist","021","19",4399.5,4239.5,2245101.5,4399.5,4242,2245830.5,0,59.5,3,Inf
"618",2017,"Butler","023","19",2437,2388.5,1533154,2438,2390.5,1533503,0,420,2,Inf
"619",2017,"Calhoun","025","19",1645,1593.5,998182,1645,1593.5,998183,0,0,0,NA
"620",2017,"Carroll","027","19",3807,3741.5,2917067.5,3807,3741.5,2910110,0,6,2,Inf
"621",2017,"Cass","029","19",2910.5,2810,1925133.5,2910.5,2810,1925133.5,0,0,0,NA
"622",2017,"Cedar","031","19",2369,2274.5,1323121.5,2369.5,2275,1323163,0,0,0,NA
"623",2017,"Cent. Off","","0",NA,NA,NA,NA,NA,NA,0,0,0,NA
"624",2017,"Cent. Off",NA,NA,0,1370,13710026,0,1370,13710026,0,0,0,NA
"625",2017,"Cerro Gord","033","19",9223,8847,6088109,9225,8851,6088394,2.5,911,4.5,364.4
"626",2017,"Cherokee","035","19",1944,1877.5,1173037,1945,1878.5,1173033,0,1,1,Inf
"627",2017,"Chickasaw","037","19",1726,1672,1110587.5,1726,1672,1110587.5,0,0,0,NA
"628",2017,"Clarke","039","19",2275.5,2197,1393812.5,2277.5,2201.5,1404376,1,2538.5,6,2538.5
"629",2017,"Clay","041","19",2982,2883.5,1906303.5,2982,2885,1906303.5,0,84,1,Inf
"630",2017,"Clayton","043","19",2574.5,2482.5,1940030.5,2574.5,2482.5,1940193,0,0,0,NA
"631",2017,"Clinton","045","19",11753,11349,7023476.5,11753.5,11349,7023515,0.5,0,0,0
"632",2017,"Crawford","047","19",3644,3499,1981254,3645,3500,1984762,1,885.5,1,885.5
"633",2017,"Dallas","049","19",7962,7692.5,4596049.5,7964.5,7693.5,4596725.5,0,609,3.5,Inf
"634",2017,"Davis","051","19",1371.5,1336,773629,1371.5,1336,773629,0,0,0,NA
"635",2017,"Decatur","053","19",1975.5,1904,1172924,1976,1904.5,1172926,0,1,0.5,Inf
"636",2017,"Delaware","055","19",2332.5,2270,1524403.5,2334.5,2274.5,1524759.5,2,256.5,5,128.25
"637",2017,"Des Moines","057","19",10185.5,9749,5544641,10185.5,9750.5,5544559,0,0,0,NA
"638",2017,"Dickinson","059","19",2308,2235,1410207.5,2309,2236,1410214,1,56,1,56
"639",2017,"Dubuque","061","19",16561.5,15985,10175915.5,16562.5,15991,10179938.5,1.5,4502.5,8,3001.66666666667
"640",2017,"Emmet","063","19",1791.5,1749,1000084.5,1791.5,1749,1000084.5,0,0,0,NA
"641",2017,"Fayette","065","19",4499,4380.5,2917842,4500.5,4383,2937035,2,1586,4,793
"642",2017,"Floyd","067","19",3510.5,3402,2226412,3511.5,3404,2226521,1,127.5,3,127.5
"643",2017,"Franklin","069","19",1939.5,1864.5,1060668.5,1939.5,1864.5,1060668.5,0,0,0,NA
"644",2017,"Fremont","071","19",1513,1456,839314.5,1514,1457,839369.5,1,23,1,23
"645",2017,"Greene","073","19",1874.5,1808.5,1112525,1874.5,1808.5,1112525,0,0,0,NA
"646",2017,"Grundy","075","19",1386.5,1339,812024.5,1386.5,1339,812024.5,0,0,0,NA
"647",2017,"Guthrie","077","19",1737,1674.5,1052355,1737,1675,1052355,0,0,0,NA
"648",2017,"Hamilton","079","19",2458.5,2400,1381103,2458.5,2400,1381103,0,0,0,NA
"649",2017,"Hancock","081","19",1518.5,1464,889018,1519.5,1465,889044.5,1,33,1,33
"650",2017,"Hardin","083","19",3215.5,3116.5,1852029,3216,3117.5,1852228.5,1,90,1,90
"651",2017,"Harrison","085","19",2774.5,2668,1830287,2775.5,2668,1830287,0,0,0,NA
"652",2017,"Henry","087","19",4202,4054,2290731.5,4202.5,4054,2290731.5,0,0,0,NA
"653",2017,"Howard","089","19",1359.5,1310,820082,1360.5,1311,820084.5,1,2,1,2
"654",2017,"Humboldt","091","19",1520,1488.5,1043490,1520,1489,1043839,0,92,1,Inf
"655",2017,"Ida","093","19",1122,1072,684738,1122.5,1072,684739.5,0,0,0,NA
"656",2017,"Iowa","095","19",2409,2350,1349762,2410,2350,1349762,0,0,0,NA
"657",2017,"Jackson","097","19",3740,3591,2385828,3742,3593,2386085.5,2,35.5,2,17.75
"658",2017,"Jasper","099","19",6717.5,6544.5,3954985,6718,6544.5,3954985,0,514,1,Inf
"659",2017,"Jefferson","101","19",3591,3459.5,2060044,3594,3463.5,2060263.5,3,134.5,4,44.8333333333333
"660",2017,"Johnson","103","19",18556.5,17823,10882558,18565.5,17837.5,10885194,8.5,2681.5,14,315.470588235294
"661",2017,"Jones","105","19",3280,3201.5,1978527,3280.5,3202,1978527,0,0,0,NA
"662",2017,"Keokuk","107","19",1993,1920.5,1233816,1993.5,1921.5,1233816,0,1,0.5,Inf
"663",2017,"Kossuth","109","19",2068.5,1993.5,1374241.5,2069,1994,1374310,0,0,0.5,NA
"664",2017,"Lee","111","19",8666.5,8258.5,4939673.5,8667,8259,4941426.5,0,1,1,Inf
"665",2017,"Linn","113","19",42936.5,41430.5,24013576,42947,41477.5,24044075.5,9,22179.5,47.5,2464.38888888889
"666",2017,"Louisa","115","19",2115,2022.5,1169286,2115,2022.5,1169233,0,0,1,NA
"667",2017,"Lucas","117","19",2049,1985,1186787,2049.5,1985,1187515.5,0,2.5,1,Inf
"668",2017,"Lyon","119","19",1353.5,1307.5,692651,1354,1308,698488.5,1,240.5,1,240.5
"669",2017,"Madison","121","19",2069,2002,1294460,2069,2002,1294460,0,0,0,NA
"670",2017,"Mahaska","123","19",4525,4347,2643470.5,4525,4347.5,2643532.5,1,86.5,1,86.5
"671",2017,"Marion","125","19",4883.5,4720,3020400,4885.5,4721.5,3020658,1,126.5,2,126.5
"672",2017,"Marshall","127","19",9932.5,9593.5,7859142,9932.5,9593.5,7858501.5,0.5,0,2,0
"673",2017,"Mills","129","19",2650,2563.5,2717804,2650.5,2563.5,2717804,0,0,0,NA
"674",2017,"Mitchell","131","19",1435,1370,925338.5,1435,1370.5,925338.5,0,0,0,NA
"675",2017,"Monona","133","19",1945.5,1868,1068856.5,1945.5,1868,1068856.5,0,0,0,NA
"676",2017,"Monroe","135","19",1489.5,1456.5,917001.5,1489.5,1456.5,917008,0,1,1,Inf
"677",2017,"Montgomery","137","19",2611,2506.5,1510988,2611,2506.5,1511041.5,0,0,0,NA
"678",2017,"Muscatine","139","19",10086,9765.5,5380045.5,10087,9768.5,5382283,3,2237.5,4.5,745.833333333333
"679",2017,"O Brien","141","19",2288.5,2212.5,1776386.5,2289.5,2213,1777253,1,1062.5,2,1062.5
"680",2017,"Osceola","143","19",952.5,918.5,505589,952.5,918.5,505589,0,0,0,NA
"681",2017,"Page","145","19",3405,3291.5,2031564,3406,3292.5,2031966.5,1,302,2,302
"682",2017,"Palo Alto","147","19",1564.5,1516.5,1160387,1564.5,1516.5,1160387,0,0,0,NA
"683",2017,"Plymouth","149","19",3436,3303,2003372.5,3437,3304.5,2003410,1,11.5,1,11.5
"684",2017,"Pocahontas","151","19",1402.5,1356,699623,1402.5,1356,699623,0,0,0,NA
"685",2017,"Polk","153","19",101493.5,97945,56076693.5,101509,97978,56135535,15,51515,48,3434.33333333333
"686",2017,"Pottawatta","155","19",23903.5,23373,13403018.5,23905.5,23396.5,13427190.5,2.5,43518,25.5,17407.2
"687",2017,"Poweshiek","157","19",2729,2614,1579046,2729,2614,1579046,0,0,0,NA
"688",2017,"Ringgold","159","19",955.5,925.5,706068.5,955.5,925.5,706068.5,0,0,0,NA
"689",2017,"Sac","161","19",1566.5,1528,906190.5,1566.5,1528,906190.5,0,0,0,NA
"690",2017,"Scott","163","19",39525.5,38119.5,20575833,39533.5,38139.5,20624136.5,7.5,48302.5,21.5,6440.33333333333
"691",2017,"Shelby","165","19",1909,1834.5,1416216,1909,1834.5,1416216,0,0,0,NA
"692",2017,"Sioux","167","19",4051,3935,2642847,4053,3936,2643322,1.5,4,1.5,2.66666666666667
"693",2017,"Story","169","19",9461,8977,5690955,9463,8979.5,5694102.5,2,380,4.5,190
"694",2017,"Tama","171","19",3417,3322,1873522.5,3417,3322.5,1873522.5,0,0,0,NA
"695",2017,"Taylor","173","19",1171,1122.5,660471.5,1171,1122.5,660471.5,0,0,0,NA
"696",2017,"Union","175","19",2871.5,2766.5,1793443.5,2872.5,2768,1794841.5,1,99.5,2,99.5
"697",2017,"Van Buren","177","19",1329.5,1309.5,787836,1329.5,1309.5,787836,0,0,0,NA
"698",2017,"Wapello","179","19",10278,9877.5,6192725,10280.5,9882.5,6193668,3,987,5,329
"699",2017,"Warren","181","19",6094.5,5873.5,3962307.5,6094.5,5873.5,3962307.5,0,0,0,NA
"700",2017,"Washington","183","19",3850,3750.5,2517559.5,3852,3754,2517899,2,312.5,3,156.25
"701",2017,"Wayne","185","19",1390,1339.5,823095,1390.5,1340.5,823162.5,1,2,1,2
"702",2017,"Webster","187","19",9520.5,9294,5308450,9525,9303.5,5328091,5,11627,9,2325.4
"703",2017,"Winnebago","189","19",1748.5,1667.5,1047906,1748.5,1667.5,1047906,0,0,0,NA
"704",2017,"Winneshiek","191","19",2341.5,2220,1690232.5,2341.5,2221,1692080,0,0,0.5,NA
"705",2017,"Woodbury","193","19",28038.5,27214,14315099,28043,27222,14316112,4.5,1180.5,7,262.333333333333
"706",2017,"Worth","195","19",1198,1136.5,596177,1198,1136.5,596177,0,0,0,NA
"707",2017,"Wright","197","19",2666,2580.5,1461914,2666,2580.5,1461914,0,0,0,NA
"708",2018,"Adair","001","19",1292.5,1619,1065255.5,1292.5,1619,1065255.5,0,0,0,NA
"709",2018,"Adams","003","19",727.5,940.5,636912.5,727.5,940.5,636912.5,0,0,0,NA
"710",2018,"Allamakee","005","19",2626.5,3237.5,1764648,2628.5,3239.5,1764653,2,21.5,2,10.75
"711",2018,"Appanoose","007","19",3382.5,4089.5,2689250.5,3382.5,4089.5,2689250.5,0,0,0,NA
"712",2018,"Audubon","009","19",1072.5,1336,717936,1072.5,1336,717936,0,0,0,NA
"713",2018,"Benton","011","19",3856.5,4807.5,2983251,3857.5,4808,2984067.5,1,111.5,1,111.5
"714",2018,"Black Hawk","013","19",29313.5,35338,21326006.5,29316.5,35348,21382292,4,8910.5,12,2227.625
"715",2018,"Boone","015","19",4204,5432,4172475.5,4204,5432,4172475.5,0,0,0,NA
"716",2018,"Bremer","017","19",2719,3416,2157552.5,2719,3416,2157552.5,0,0,0,NA
"717",2018,"Buchanan","019","19",3302.5,4203.5,2612067,3303,4205.5,2612235.5,0,240.5,2,Inf
"718",2018,"Buena Vist","021","19",4447,5634,2881340,4447,5635,2889575.5,0,203,1,Inf
"719",2018,"Butler","023","19",2393,3011,1874458,2393,3012,1874503,0,1,1,Inf
"720",2018,"Calhoun","025","19",1710,2160.5,1342895.5,1710,2160.5,1342895.5,0,0,0,NA
"721",2018,"Carroll","027","19",3687,4749.5,3425671,3687,4749.5,3425671,0,0,0,NA
"722",2018,"Cass","029","19",3041,3621.5,2372788,3041.5,3622,2372789.5,0,0,0,NA
"723",2018,"Cedar","031","19",2428.5,3053,1713747,2428.5,3053,1713747,0,0,0,NA
"724",2018,"Cent. Off","","0",NA,NA,NA,NA,NA,NA,0,0,0,NA
"725",2018,"Cent. Off",NA,NA,0,1348,15613133.5,0,1348,15613133.5,0,0,0,NA
"726",2018,"Cerro Gord","033","19",9348,11222,7944706,9351,11226.5,7945118.5,3.5,558,5,159.428571428571
"727",2018,"Cherokee","035","19",1938,2423.5,1604097.5,1938,2424,1611194.5,0,0,0,NA
"728",2018,"Chickasaw","037","19",1780,2199,1366061,1780,2199,1366061,0,0,0,NA
"729",2018,"Clarke","039","19",2315,2907.5,1707055,2316,2910,1707310.5,1,2,2,2
"730",2018,"Clay","041","19",3115.5,3817,2451651.5,3115.5,3817.5,2451738.5,0,0,0,NA
"731",2018,"Clayton","043","19",2534.5,3149,2289996.5,2534.5,3149,2289996.5,0,0,0,NA
"732",2018,"Clinton","045","19",11919,14242,8553493,11921.5,14245,8554164.5,2,380,2,190
"733",2018,"Crawford","047","19",3660.5,4657,2478603,3660.5,4657,2478603,0,0,0,NA
"734",2018,"Dallas","049","19",8384.5,10914.5,5788251,8386.5,10917.5,5788334,2,104,3,52
"735",2018,"Davis","051","19",1432,1790.5,976951,1432,1790.5,976951,0,0,0,NA
"736",2018,"Decatur","053","19",1990,2454.5,1376364,1990,2454.5,1376364,0,0,0,NA
"737",2018,"Delaware","055","19",2371.5,2952,1921161.5,2373.5,2954,1921671,2,71.5,2,35.75
"738",2018,"Des Moines","057","19",10768,12710,6986822,10769,12711,7004748.5,0,0,1,NA
"739",2018,"Dickinson","059","19",2380.5,2934,1816003.5,2381,2936,1816125.5,1,2,1,2
"740",2018,"Dubuque","061","19",16894,19639.5,12498748.5,16894,19640,12498834,0,152.5,1,Inf
"741",2018,"Emmet","063","19",1825.5,2297,1246437,1825.5,2297,1246437,0,0,0,NA
"742",2018,"Fayette","065","19",4446,5552.5,3673716.5,4446,5555,3656852,0,269,2.5,Inf
"743",2018,"Floyd","067","19",3552.5,4358,2837628.5,3553.5,4361.5,2839858,0.5,279.5,4,559
"744",2018,"Franklin","069","19",1925,2403.5,1350544.5,1925,2403.5,1350544.5,0,0,0,NA
"745",2018,"Fremont","071","19",1563.5,1887.5,1162468,1564,1888.5,1162469.5,1,9,1,9
"746",2018,"Greene","073","19",1929,2408.5,1380065,1929,2408.5,1380065,0,0,0,NA
"747",2018,"Grundy","075","19",1462,1866,1023136.5,1462,1866,1023136.5,0,0,0,NA
"748",2018,"Guthrie","077","19",1788.5,2282,1269022,1788.5,2282,1269022,0,0,0,NA
"749",2018,"Hamilton","079","19",2489,3159,1745032,2489,3159,1745032,0,0,0,NA
"750",2018,"Hancock","081","19",1589.5,1988,1132847.5,1590.5,1989,1133042.5,1,212,1,212
"751",2018,"Hardin","083","19",3213.5,3968.5,2316136,3213.5,3968.5,2316136,0,0,0,NA
"752",2018,"Harrison","085","19",2860,3433.5,2260867.5,2861.5,3434.5,2262786.5,1,67.5,2,67.5
"753",2018,"Henry","087","19",4371.5,5256.5,2930218.5,4371.5,5256.5,2930218.5,0,0,0,NA
"754",2018,"Howard","089","19",1356,1716,979256,1356,1716,979256,0,0,0,NA
"755",2018,"Humboldt","091","19",1543,1953,1285678.5,1543,1953,1285678.5,0,0,0,NA
"756",2018,"Ida","093","19",1238,1488,975290,1239,1489,975886,1,86,1,86
"757",2018,"Iowa","095","19",2370,3102.5,1636304.5,2370,3102.5,1636304.5,0,0,0,NA
"758",2018,"Jackson","097","19",3815,4622.5,2859400.5,3817,4624.5,2859403.5,2,34.5,2,17.25
"759",2018,"Jasper","099","19",6962.5,8580,5055447,6963.5,8580.5,5055483,1,2,1,2
"760",2018,"Jefferson","101","19",3710,4517,2508206,3710,4517,2508206,0,1,0.5,Inf
"761",2018,"Johnson","103","19",19181,23656.5,13004329,19193.5,23671.5,13018202.5,11,10955,15.5,995.909090909091
"762",2018,"Jones","105","19",3368.5,4155,2335658.5,3368.5,4155,2335658.5,0,0,0,NA
"763",2018,"Keokuk","107","19",2105,2645,1537630,2105,2645,1537630,0,0,0,NA
"764",2018,"Kossuth","109","19",2198,2683,1796872,2198,2683,1796872,0,0,0,NA
"765",2018,"Lee","111","19",8886,10510,6206456.5,8886,10510,6206314,0,0,0,NA
"766",2018,"Linn","113","19",44222.5,53570.5,30942262,44232.5,53607.5,30990903.5,9.5,26659,37.5,2806.21052631579
"767",2018,"Louisa","115","19",2149.5,2753.5,1426633,2149.5,2753.5,1426633,0,0,0,NA
"768",2018,"Lucas","117","19",2076,2562.5,1463268.5,2076,2562.5,1463268.5,0,0,0,NA
"769",2018,"Lyon","119","19",1448,1759,964295.5,1448,1759,964295.5,0,0,0,NA
"770",2018,"Madison","121","19",2186,2734.5,1598044.5,2186,2734.5,1598044.5,0,0,0,NA
"771",2018,"Mahaska","123","19",4544.5,5628,3400311.5,4545,5629,3400357,1,28.5,1.5,28.5
"772",2018,"Marion","125","19",5003.5,6240.5,3761668.5,5003.5,6240.5,3761668.5,0,0,0,NA
"773",2018,"Marshall","127","19",10124.5,12465,8897938,10125.5,12467.5,8899828.5,1,428,2,428
"774",2018,"Mills","129","19",2679,3240.5,3910072.5,2680,3241.5,3910075,1,2,1,2
"775",2018,"Mitchell","131","19",1491,1809,1224095.5,1491,1809,1224095.5,0,0,0,NA
"776",2018,"Monona","133","19",2023,2467,1394964.5,2023,2467,1394964.5,0,0,0,NA
"777",2018,"Monroe","135","19",1514,1927,1117226,1514,1927,1117226,0,0,0,NA
"778",2018,"Montgomery","137","19",2766,3301.5,2050908.5,2766,3301.5,2051026,0,0,0.5,NA
"779",2018,"Muscatine","139","19",10204,12417,6719753,10211,12430.5,6745376.5,4,13952,11,3488
"780",2018,"O Brien","141","19",2371,2978,2441673.5,2371,2978,2441673.5,0,0,0,NA
"781",2018,"Osceola","143","19",964,1248.5,635947,964,1248.5,635947,0,0,0,NA
"782",2018,"Page","145","19",3501.5,4279.5,2651336.5,3502.5,4280,2651347.5,1,18,1,18
"783",2018,"Palo Alto","147","19",1654,2041,1527895,1654,2041,1527895,0,0,0,NA
"784",2018,"Plymouth","149","19",3484.5,4344.5,2560460.5,3485.5,4345.5,2560715.5,1,35,1,35
"785",2018,"Pocahontas","151","19",1414.5,1764.5,982919.5,1414.5,1765,982976.5,0,40.5,1,Inf
"786",2018,"Polk","153","19",103660,124281,70693490.5,103665.5,124294.5,70755371.5,5.5,32348.5,21,5881.54545454545
"787",2018,"Pottawatta","155","19",24609.5,29393,17209571,24613,29421,17221967.5,2.5,23390,22.5,9356
"788",2018,"Poweshiek","157","19",2759,3462.5,2155725.5,2759,3462.5,2155725.5,0,0,0,NA
"789",2018,"Ringgold","159","19",898.5,1127.5,842646.5,898.5,1127.5,842646.5,0,0,0,NA
"790",2018,"Sac","161","19",1574.5,1996.5,1175399.5,1574.5,1996.5,1175399.5,0,0,0,NA
"791",2018,"Scott","163","19",40465,47377.5,27744150,40470,47387.5,27758581.5,3,6096,12,2032
"792",2018,"Shelby","165","19",2022.5,2463.5,1738162,2022.5,2463.5,1738193,0,0,0,NA
"793",2018,"Sioux","167","19",4091,5198.5,3265501.5,4093,5201.5,3267659,3,456.5,3.5,152.166666666667
"794",2018,"Story","169","19",9349.5,11965.5,7371050.5,9350.5,11966,7371079.5,1,56.5,3,56.5
"795",2018,"Tama","171","19",3639.5,4369,2497957,3639.5,4369,2497957,0,0,0,NA
"796",2018,"Taylor","173","19",1239.5,1569,816800,1239.5,1569,816800,0,0,0,NA
"797",2018,"Union","175","19",3002.5,3703.5,2214557.5,3002.5,3703.5,2214557.5,0,0,0,NA
"798",2018,"Van Buren","177","19",1375,1715,931324,1375,1715,931324,0,0,0,NA
"799",2018,"Wapello","179","19",10586.5,12917.5,7166104.5,10588.5,12919,7166267,2,63.5,3,31.75
"800",2018,"Warren","181","19",6315,8028,4667293.5,6315,8028,4667293.5,0,0,0,NA
"801",2018,"Washington","183","19",3890,4850,3109617,3892,4852,3109886,2,254.5,2,127.25
"802",2018,"Wayne","185","19",1318,1666.5,926985,1318,1666.5,926985,0,0,0,NA
"803",2018,"Webster","187","19",9592,11668.5,6742228,9595,11672.5,6742437.5,3.5,1220,6.5,348.571428571429
"804",2018,"Winnebago","189","19",1718,2202,1364591,1718,2202,1364591,0,0,0,NA
"805",2018,"Winneshiek","191","19",2177,2789.5,1983967,2177,2791.5,1983977,0,84,1.5,Inf
"806",2018,"Woodbury","193","19",28660,34086,18662682.5,28663,34091,18668392,3.5,1595.5,6.5,455.857142857143
"807",2018,"Worth","195","19",1232,1530,787115.5,1232,1530,787115.5,0,0,0,NA
"808",2018,"Wright","197","19",2781.5,3407.5,1897705,2781.5,3407.5,1897705,0,0,0,NA
"809",2019,"Adair","001","19",1360.5,1351,1074714.5,1360.5,1351,1074714.5,0,0,0,NA
"810",2019,"Adams","003","19",723.5,731,624128,723.5,731,624128,0,0,0,NA
"811",2019,"Allamakee","005","19",2543.5,2573.5,1789474.5,2545.5,2575.5,1789581.5,2,5,2,2.5
"812",2019,"Appanoose","007","19",3550,3503,2704565.5,3550,3503,2704565.5,0,0,0,NA
"813",2019,"Audubon","009","19",1085,1087,744315.5,1085,1087,744315.5,0,0,0,NA
"814",2019,"Benton","011","19",3912,3931.5,2925835.5,3912.5,3931.5,2925835.5,0,0,0.5,NA
"815",2019,"Black Hawk","013","19",29359,29012,21129348.5,29361.5,29032.5,21157364.5,3,23308,16.5,7769.33333333333
"816",2019,"Boone","015","19",4253.5,4275.5,4003705,4253.5,4275.5,4003705,0,0,0,NA
"817",2019,"Bremer","017","19",2752.5,2770,2100726.5,2752.5,2770,2100726.5,0,0,0,NA
"818",2019,"Buchanan","019","19",3242.5,3216.5,2520888,3242.5,3217,2520907,0,0,0,NA
"819",2019,"Buena Vist","021","19",4305.5,4364.5,2637302.5,4305.5,4364.5,2637302.5,0,0,0,NA
"820",2019,"Butler","023","19",2352.5,2366,1741036.5,2352.5,2366.5,1743622.5,0,0,0.5,NA
"821",2019,"Calhoun","025","19",1812.5,1805.5,1323182.5,1812.5,1805.5,1323182.5,0,0,0,NA
"822",2019,"Carroll","027","19",3699.5,3727.5,3530718,3699.5,3727.5,3530718,0,0,0,NA
"823",2019,"Cass","029","19",3140.5,3124.5,2575531.5,3140.5,3124.5,2575531.5,0,0,0,NA
"824",2019,"Cedar","031","19",2452.5,2467.5,1689051,2453.5,2467.5,1689328.5,0.5,0,0,0
"825",2019,"Cent. Off","","0",NA,NA,NA,NA,NA,NA,0,0,0,NA
"826",2019,"Cent. Off",NA,NA,0,1213.5,22220026,0,1213.5,22220026,0,0,0,NA
"827",2019,"Cerro Gord","033","19",9342,9199.5,7754400.5,9345,9204.5,7754534,3,251,4.5,83.6666666666667
"828",2019,"Cherokee","035","19",1945.5,1947,1512348.5,1945.5,1947,1512348.5,0,0,0,NA
"829",2019,"Chickasaw","037","19",1755,1768.5,1377094,1755,1768.5,1377094,0,0,0,NA
"830",2019,"Clarke","039","19",2317,2309.5,1721495,2317,2310,1721579.5,0,0,0,NA
"831",2019,"Clay","041","19",3132.5,3152.5,2327584,3132.5,3152.5,2327584,0,0,0,NA
"832",2019,"Clayton","043","19",2635,2633.5,2415709.5,2635,2633.5,2415709.5,0,0,0,NA
"833",2019,"Clinton","045","19",11993,11922,8311149.5,11995,11924.5,8311755,2,330,2,165
"834",2019,"Crawford","047","19",3746,3777.5,2530464,3746,3777.5,2530464,0,0,0,NA
"835",2019,"Dallas","049","19",9163.5,9226,6164622.5,9165.5,9227.5,6164716.5,2,43,2,21.5
"836",2019,"Davis","051","19",1482,1493,1009580,1482,1493,1009580,0,0,0,NA
"837",2019,"Decatur","053","19",1995,1995,1367411.5,1995,1995,1367411.5,0,0,0,NA
"838",2019,"Delaware","055","19",2337,2331.5,1913779.5,2338.5,2333,1913800,1,33,1,33
"839",2019,"Des Moines","057","19",10878,10753,7079637.5,10878,10753,7079662.5,0,0,0,NA
"840",2019,"Dickinson","059","19",2379.5,2381.5,1796656,2379.5,2382.5,1796656,0,0,0,NA
"841",2019,"Dubuque","061","19",17239,17029,13204060,17240,17030,13204452.5,0,159,1,Inf
"842",2019,"Emmet","063","19",1822,1807.5,1244392.5,1822,1807.5,1244392.5,0,0,0,NA
"843",2019,"Fayette","065","19",4495.5,4497,3582526,4497.5,4498.5,3582744.5,1,85,1.5,85
"844",2019,"Floyd","067","19",3527.5,3557.5,2721559.5,3527.5,3558,2721524.5,0,0,1,NA
"845",2019,"Franklin","069","19",1950.5,1963.5,1355952,1950.5,1963.5,1355952,0,0,0,NA
"846",2019,"Fremont","071","19",1518.5,1538,1050430,1518.5,1538,1050430,0,0,0,NA
"847",2019,"Greene","073","19",1920,1910,1376684,1920,1910,1376684,0,0,0,NA
"848",2019,"Grundy","075","19",1472,1463,1054207,1472,1463,1054207,0,0,0,NA
"849",2019,"Guthrie","077","19",1858.5,1829.5,1398529.5,1858.5,1829.5,1398529.5,0,0,0,NA
"850",2019,"Hamilton","079","19",2549,2554,1750587,2549,2554,1750587,0,0,0,NA
"851",2019,"Hancock","081","19",1573.5,1575,1127202,1574.5,1576,1127226.5,1,65.5,1,65.5
"852",2019,"Hardin","083","19",3256,3296.5,2254573,3256,3296.5,2254573,0,0,0,NA
"853",2019,"Harrison","085","19",2919,2905.5,2305760,2919.5,2907,2306004,1,85,1,85
"854",2019,"Henry","087","19",4372,4386,2821508.5,4372,4386.5,2821647,0,21,0.5,Inf
"855",2019,"Howard","089","19",1420,1417.5,972849,1420.5,1418,972857.5,1,8,1,8
"856",2019,"Humboldt","091","19",1542,1557,1259087.5,1542,1557,1259089,0,0,0,NA
"857",2019,"Ida","093","19",1230.5,1243.5,912359,1230.5,1243.5,912359,0,0,0,NA
"858",2019,"Iowa","095","19",2392,2415.5,1711218,2392,2415.5,1711218,0,0,0,NA
"859",2019,"Jackson","097","19",3811,3799.5,2868209,3813,3801.5,2868330,2,39.5,2,19.75
"860",2019,"Jasper","099","19",7038,7031.5,5163543,7038,7031.5,5163543,0,0,0,NA
"861",2019,"Jefferson","101","19",3682.5,3641.5,2580942,3683,3641.5,2580942,0,0,0,NA
"862",2019,"Johnson","103","19",19866,19699.5,13912105,19866.5,19705.5,13923693.5,2,2779.5,6,1389.75
"863",2019,"Jones","105","19",3480,3461,2597507,3480,3461,2597507,0,0,0,NA
"864",2019,"Keokuk","107","19",2152.5,2148.5,1599417,2152.5,2148.5,1599417,0,0,0,NA
"865",2019,"Kossuth","109","19",2288.5,2271.5,1801587.5,2288.5,2271.5,1801587.5,0,0,0,NA
"866",2019,"Lee","111","19",8868,8828,6390796.5,8868,8829,6390809.5,0.5,2,1,4
"867",2019,"Linn","113","19",44823.5,44688.5,31373405,44828.5,44713,31399403.5,3.5,10898,20.5,3113.71428571429
"868",2019,"Louisa","115","19",2137,2167,1448458.5,2137,2167,1448458.5,0,0,0,NA
"869",2019,"Lucas","117","19",2078,2075.5,1486717,2078,2075.5,1486717,0,0,0,NA
"870",2019,"Lyon","119","19",1436.5,1454,888050,1436.5,1454,888050,0,0,0,NA
"871",2019,"Madison","121","19",2219,2237,1615137.5,2219,2237,1615137.5,0,0,0,NA
"872",2019,"Mahaska","123","19",4610.5,4550,3419898.5,4610.5,4550.5,3419898.5,0,0,0,NA
"873",2019,"Marion","125","19",5068.5,5040,3913193.5,5068.5,5040,3913193.5,0,0,0,NA
"874",2019,"Marshall","127","19",10044,10033,8904392.5,10045,10034,8906423,1,2,1,2
"875",2019,"Mills","129","19",2740,2734.5,3118523,2740.5,2734.5,3118524.5,0,0,0.5,NA
"876",2019,"Mitchell","131","19",1473,1459,1167721,1474,1460,1167777.5,1,41,1,41
"877",2019,"Monona","133","19",2055.5,2064,1441849,2055.5,2064,1441849,0,0,0,NA
"878",2019,"Monroe","135","19",1555,1550,1082214.5,1555,1550,1082214.5,0,0,0,NA
"879",2019,"Montgomery","137","19",2808.5,2792.5,1949095,2808.5,2792.5,1949095,0,0,0,NA
"880",2019,"Muscatine","139","19",10309,10222,6738553.5,10311,10228.5,6738691.5,2,512.5,3,256.25
"881",2019,"O Brien","141","19",2389,2435,2361434.5,2389,2435,2361434.5,0,0,0,NA
"882",2019,"Osceola","143","19",995,1001,658602.5,995,1001,658602.5,0,0,0,NA
"883",2019,"Page","145","19",3579,3551.5,2557566,3579,3551.5,2557566,0,0,0,NA
"884",2019,"Palo Alto","147","19",1653.5,1680,1525915,1653.5,1680,1525915,0,0,0,NA
"885",2019,"Plymouth","149","19",3532.5,3554,2633555.5,3532.5,3554.5,2633555.5,0,0,0,NA
"886",2019,"Pocahontas","151","19",1389.5,1402.5,952352.5,1389.5,1402.5,952352.5,0,0,0,NA
"887",2019,"Polk","153","19",104878.5,104478,72038186,104882,104489,72050713,3,7731.5,11.5,2577.16666666667
"888",2019,"Pottawatta","155","19",24935,24971.5,17980114,24939,25001.5,18059562,2.5,32793.5,19.5,13117.4
"889",2019,"Poweshiek","157","19",2759.5,2770,1972871,2759.5,2770,1972871,0,0,0,NA
"890",2019,"Ringgold","159","19",901,895,854851,901,895,854851,0,0,0,NA
"891",2019,"Sac","161","19",1623,1628,1165305,1623,1628,1165305,0,0,0,NA
"892",2019,"Scott","163","19",41056,40427,27081933.5,41061.5,40444.5,27107116,3.5,8636,16,2467.42857142857
"893",2019,"Shelby","165","19",2091.5,2086.5,1738454.5,2091.5,2086.5,1738454.5,0,0,0,NA
"894",2019,"Sioux","167","19",4096.5,4121.5,3141674.5,4097.5,4123,3141677,1,2,1,2
"895",2019,"Story","169","19",9462.5,9446,7104448,9463.5,9447.5,7104767,1,36.5,1,36.5
"896",2019,"Tama","171","19",3645,3670,2454792.5,3645,3670,2454792.5,0,0,0,NA
"897",2019,"Taylor","173","19",1239.5,1260,825998.5,1239.5,1260,825998.5,0,0,0,NA
"898",2019,"Union","175","19",2992.5,2999.5,2204215,2992.5,2999.5,2204215,0,0,0,NA
"899",2019,"Van Buren","177","19",1415.5,1399.5,976779.5,1415.5,1399.5,976779.5,0,0,0,NA
"900",2019,"Wapello","179","19",10727.5,10525,7439659,10729,10528,7439960,1,29.5,2,29.5
"901",2019,"Warren","181","19",6536.5,6556.5,4902868.5,6536.5,6556.5,4902868.5,0,0,0,NA
"902",2019,"Washington","183","19",3950.5,3913,3058126,3952,3914,3059781,1,604.5,1,604.5
"903",2019,"Wayne","185","19",1301.5,1309.5,952432.5,1301.5,1309.5,952432.5,0,0,0,NA
"904",2019,"Webster","187","19",9592.5,9551.5,6760087,9592.5,9552.5,6759632.5,0,0,1,NA
"905",2019,"Winnebago","189","19",1760.5,1763,1335022.5,1760.5,1763,1335022.5,0,0,0,NA
"906",2019,"Winneshiek","191","19",2163,2144,1905417,2163,2144,1909714.5,0,85.5,0.5,Inf
"907",2019,"Woodbury","193","19",29140,29010.5,18536359,29140,29011.5,18536359,0,299.5,1.5,Inf
"908",2019,"Worth","195","19",1254,1235,821326.5,1254.5,1235.5,821407,0,0,0.5,NA
"909",2019,"Wright","197","19",2758,2777,1925654.5,2758,2777,1926569,0,0,0,NA
"910",2020,"Adair","001","19",1429,1386,1147249,1429,1386,1147249,0,0,0,NA
"911",2020,"Adams","003","19",753,741,696814,753,741,696814,0,0,0,NA
"912",2020,"Allamakee","005","19",2645,2538,1856202,2647,2540,1856207,2,5,2,2.5
"913",2020,"Appanoose","007","19",3617,3510,2853528,3617,3510,2853528,0,0,0,NA
"914",2020,"Audubon","009","19",1131,1096,803244,1132,1097,803409,1,165,1,165
"915",2020,"Benton","011","19",4021,3900,3001404,4021,3900,3001466,0,0,0,NA
"916",2020,"Black Hawk","013","19",30834,29778,22218343,30837,29796,22275860,2,29391,16,14695.5
"917",2020,"Boone","015","19",4424,4288,4133796,4424,4288,4133796,0,0,0,NA
"918",2020,"Bremer","017","19",2850,2754,2249063,2850,2754,2249063,0,0,0,NA
"919",2020,"Buchanan","019","19",3401,3301,2667978,3401,3301,2667978,0,0,0,NA
"920",2020,"Buena Vist","021","19",4572,4439,2826296,4573,4440,2826299,1,10,1,10
"921",2020,"Butler","023","19",2385,2341,1824176,2385,2341,1824176,0,0,0,NA
"922",2020,"Calhoun","025","19",1844,1792,1385397,1844,1792,1385397,0,0,0,NA
"923",2020,"Carroll","027","19",3764,3675,3591819,3764,3675,3591819,0,0,0,NA
"924",2020,"Cass","029","19",3175,3100,2651094,3175,3100,2651094,0,0,0,NA
"925",2020,"Cedar","031","19",2658,2548,1892292,2659,2549,1892412,1,127,1,127
"926",2020,"Cent. Off","","0",NA,NA,NA,NA,NA,NA,0,0,0,NA
"927",2020,"Cent. Off",NA,NA,0,1371,18561606,0,1371,18561606,0,0,0,NA
"928",2020,"Cerro Gord","033","19",9765,9254,7769937,9768,9257,7769491,3,94,3,31.3333333333333
"929",2020,"Cherokee","035","19",2002,1954,1594664,2002,1954,1594664,0,0,0,NA
"930",2020,"Chickasaw","037","19",1822,1770,1479579,1822,1770,1479579,0,0,0,NA
"931",2020,"Clarke","039","19",2425,2368,1780123,2425,2369,1780215,0,11,1,Inf
"932",2020,"Clay","041","19",3253,3162,2474068,3253,3162,2474068,0,0,0,NA
"933",2020,"Clayton","043","19",2776,2674,2624847,2776,2674,2624847,0,0,0,NA
"934",2020,"Clinton","045","19",12341,11932,8893993,12341,11932,8894018,0,24,1,Inf
"935",2020,"Crawford","047","19",4004,3880,2613585,4004,3880,2613585,0,0,0,NA
"936",2020,"Dallas","049","19",10117,9844,6807835,10117,9844,6807835,0,0,0,NA
"937",2020,"Davis","051","19",1535,1476,1057979,1535,1476,1057979,0,0,0,NA
"938",2020,"Decatur","053","19",2041,1959,1433568,2041,1959,1433568,0,0,0,NA
"939",2020,"Delaware","055","19",2416,2356,1961279,2416,2356,1961279,0,0,0,NA
"940",2020,"Des Moines","057","19",11165,10780,7575175,11165,10780,7575175,0,0,1,NA
"941",2020,"Dickinson","059","19",2489,2409,1887633,2489,2409,1887633,0,0,0,NA
"942",2020,"Dubuque","061","19",17906,17356,13624566,17908,17358,13624646,2,5,2,2.5
"943",2020,"Emmet","063","19",1867,1795,1282227,1867,1795,1282227,0,0,0,NA
"944",2020,"Fayette","065","19",4596,4450,3696980,4599,4453,3697965,2,146,2,73
"945",2020,"Floyd","067","19",3596,3498,2800802,3596,3498,2800802,0,0,0,NA
"946",2020,"Franklin","069","19",2037,1956,1438542,2037,1957,1438542,0,0,0,NA
"947",2020,"Fremont","071","19",1517,1479,1090337,1517,1479,1090337,0,0,0,NA
"948",2020,"Greene","073","19",2003,1961,1501107,2003,1961,1501107,0,0,0,NA
"949",2020,"Grundy","075","19",1561,1514,1122454,1561,1514,1122454,0,0,0,NA
"950",2020,"Guthrie","077","19",1981,1912,1579867,1981,1912,1579867,0,0,0,NA
"951",2020,"Hamilton","079","19",2681,2633,1795764,2681,2633,1795764,0,0,0,NA
"952",2020,"Hancock","081","19",1571,1521,1114032,1571,1521,1114032,0,0,0,NA
"953",2020,"Hardin","083","19",3320,3206,2387587,3320,3206,2387587,0,0,0,NA
"954",2020,"Harrison","085","19",3008,2930,2320434,3008,2930,2319620,0,0,0,NA
"955",2020,"Henry","087","19",4561,4431,3002276,4561,4431,3002276,0,0,0,NA
"956",2020,"Howard","089","19",1542,1484,1067994,1542,1484,1067994,0,0,0,NA
"957",2020,"Humboldt","091","19",1661,1611,1338463,1661,1612,1338465,0,2,1,Inf
"958",2020,"Ida","093","19",1330,1284,994572,1330,1284,994572,0,0,0,NA
"959",2020,"Iowa","095","19",2454,2368,1723872,2454,2368,1723872,0,0,0,NA
"960",2020,"Jackson","097","19",3855,3734,3030572,3856,3735,3030574,1,2,1,2
"961",2020,"Jasper","099","19",7420,7175,5593647,7420,7175,5593647,0,0,0,NA
"962",2020,"Jefferson","101","19",3865,3715,2680209,3866,3716,2680393,1,1165,1,1165
"963",2020,"Johnson","103","19",21348,20701,15033200,21348,20702,15033343,0,20,1,Inf
"964",2020,"Jones","105","19",3680,3570,2705912,3680,3570,2705912,0,0,0,NA
"965",2020,"Keokuk","107","19",2232,2170,1627967,2232,2170,1627967,0,0,0,NA
"966",2020,"Kossuth","109","19",2409,2339,1911812,2409,2339,1911812,0,0,0,NA
"967",2020,"Lee","111","19",9163,8831,6543143,9163,8831,6543143,0,0,0,NA
"968",2020,"Linn","113","19",47026,45729,33501573,47028,45741,33542526,1,35338,11,35338
"969",2020,"Louisa","115","19",2193,2117,1453101,2193,2117,1453101,0,0,0,NA
"970",2020,"Lucas","117","19",2159,2093,1505378,2159,2093,1505378,0,0,0,NA
"971",2020,"Lyon","119","19",1528,1497,990259,1528,1497,990259,0,0,0,NA
"972",2020,"Madison","121","19",2347,2288,1715257,2347,2288,1715257,0,0,0,NA
"973",2020,"Mahaska","123","19",4657,4514,3579640,4657,4514,3579640,0,0,0,NA
"974",2020,"Marion","125","19",5272,5148,4282582,5272,5148,4282582,0,0,0,NA
"975",2020,"Marshall","127","19",10344,9976,9224235,10345,9976,9224433,1,197,1,197
"976",2020,"Mills","129","19",2749,2668,3135712,2749,2668,3135712,0,0,0,NA
"977",2020,"Mitchell","131","19",1513,1459,1184441,1514,1460,1184476,1,21,1,21
"978",2020,"Monona","133","19",2165,2104,1536011,2165,2104,1536011,0,0,0,NA
"979",2020,"Monroe","135","19",1616,1585,1143137,1616,1585,1143137,0,0,0,NA
"980",2020,"Montgomery","137","19",2836,2735,2021788,2836,2735,2022773,0,0,0,NA
"981",2020,"Muscatine","139","19",10580,10271,7170669,10581,10272,7171319,1,748,1,748
"982",2020,"O Brien","141","19",2519,2453,2371347,2519,2453,2371347,0,0,0,NA
"983",2020,"Osceola","143","19",1043,1013,725148,1043,1013,725148,0,0,0,NA
"984",2020,"Page","145","19",3693,3583,2670555,3693,3583,2670555,0,0,0,NA
"985",2020,"Palo Alto","147","19",1717,1672,1552015,1717,1672,1552015,0,0,0,NA
"986",2020,"Plymouth","149","19",3688,3595,2634008,3689,3596,2634185,1,176,1,176
"987",2020,"Pocahontas","151","19",1413,1372,994998,1413,1372,994998,0,0,0,NA
"988",2020,"Polk","153","19",109482,106480,76420453,109489,106492,76506479,5,6223,10,1244.6
"989",2020,"Pottawatta","155","19",25840,25258,18728219,25842,25277,18798316,2,33584,14,16792
"990",2020,"Poweshiek","157","19",2832,2753,2047541,2832,2753,2047541,0,0,0,NA
"991",2020,"Ringgold","159","19",964,929,915575,964,929,915575,0,0,0,NA
"992",2020,"Sac","161","19",1624,1581,1197399,1624,1581,1197399,0,0,0,NA
"993",2020,"Scott","163","19",42857,41582,28278514,42861,41596,28291750,3,9364,13,3121.33333333333
"994",2020,"Shelby","165","19",2212,2150,1872091,2212,2150,1872091,0,0,0,NA
"995",2020,"Sioux","167","19",4401,4282,3428021,4401,4282,3428021,0,0,0,NA
"996",2020,"Story","169","19",10183,9901,7505071,10185,9903,7505074,1,4,2,4
"997",2020,"Tama","171","19",3913,3812,2509415,3914,3812,2509415,1,2,1,2
"998",2020,"Taylor","173","19",1295,1258,847518,1295,1258,847518,0,0,0,NA
"999",2020,"Union","175","19",2985,2933,2269822,2985,2933,2269822,0,0,0,NA
"1000",2020,"Van Buren","177","19",1477,1414,1038288,1477,1414,1038288,0,0,0,NA
"1001",2020,"Wapello","179","19",10968,10492,7842031,10968,10492,7842031,0,0,0,NA
"1002",2020,"Warren","181","19",6801,6629,5115959,6801,6629,5115959,0,0,0,NA
"1003",2020,"Washington","183","19",4160,4050,3279869,4161,4051,3279965,1,203,1,203
"1004",2020,"Wayne","185","19",1347,1303,981582,1347,1303,981582,0,0,0,NA
"1005",2020,"Webster","187","19",9699,9403,6937588,9699,9403,6937588,0,0,0,NA
"1006",2020,"Winnebago","189","19",1828,1772,1339995,1828,1772,1339995,0,0,0,NA
"1007",2020,"Winneshiek","191","19",2161,2100,1933128,2161,2100,1933128,0,0,0,NA
"1008",2020,"Woodbury","193","19",30743,29768,19344553,30743,29769,19344553,0,46,1,Inf
"1009",2020,"Worth","195","19",1307,1263,857387,1307,1263,857387,0,0,0,NA
"1010",2020,"Wright","197","19",2783,2718,1945212,2783,2718,1945212,0,0,0,NA
