"City","post.city","dist","dist.mi"
"Ackley","Ackley",20.3653891309008,0.012654462209657
"Ackworth","Indianola",7767.67140096019,4.82660574608603
"Adair","Adair",106.38388039331,0.0661038581438717
"Adel","Adel",725.053884799426,0.450527457451704
"Afton","Afton",110.846577903421,0.0688768489584268
"Agency","Agency",112.027248920101,0.0696104836887318
"Ainsworth","Ainsworth",146.315810277981,0.0909164013482391
"Akron","Akron",102.3104912181,0.0635727722386818
"Albert City","Marathon",9267.06508934583,5.75828550163191
"Albia","Albia",137.735551321995,0.0855848772604993
"Albion","Albion",164.962963538283,0.102503201616746
"Alburnett","Alburnett",98.5672513986485,0.0612468315688296
"Alden","Alden",884.355449312516,0.549512829894767
"Alexander","Alexander",148.077199094448,0.0920108772785162
"Algona","Algona",410.934937696655,0.255343053171508
"Alleman","Alleman",501.188996817976,0.311424308141783
"Allerton","Allerton",114.163987585734,0.0709381911301353
"Allison","Allison",151.106823842163,0.0938933982376286
"Alta","Alta",44.973607614306,0.0279452955369089
"Alta Vista","Elma",5681.85884160458,3.53054231026668
"Alton","Alton",237.855846266425,0.147796725050415
"Altoona","Altoona",473.512975458225,0.294227231073453
"Alvord","Alvord",6.9009214020305,0.0042880324325011
"Amana","Walford",9488.67545103805,5.89598775368697
"Ames","Ames",1144.40819649678,0.711102065465402
"Anamosa","Anamosa",183.298205507059,0.113896189254127
"Anderson","Sidney",6766.04034425473,4.20422125474991
"Andover","Andover",160.15463932184,0.0995154483900508
"Andrew","Andrew",54.0843829034403,0.0336064670890936
"Anita","Anita",166.450939094018,0.103427786475789
"Ankeny","Ankeny",951.587894011563,0.591289121289859
"Anthon","Anthon",116.338213539357,0.0722891920851637
"Aplington","Aplington",88.6028843849794,0.055055262873179
"Arcadia","Arcadia",137.902277241309,0.0856884759117097
"Archer","Archer",98.7889835341358,0.0613846094875895
"Aredale","Aredale",184.92482728913,0.114906924857474
"Arion","Denison",11804.0123602816,7.33467096432052
"Arispe","Arispe",131.962461591515,0.081997646721581
"Arlington","Arlington",114.998732115846,0.071456877173555
"Armstrong","Armstrong",239.504782122414,0.148821325972187
"Arnolds Park","Milford",2814.02256899024,1.74855201771604
"Arthur","Arthur",112.002541278861,0.0695951310769871
"Asbury","Dubuque",5730.28015160397,3.56062990808231
"Ashton","Ashton",372.374799731491,0.231382901683956
"Aspinwall","Manning",5862.9679374605,3.64307825026777
"Atalissa","Atalissa",20.1788398078985,0.0125385458702737
"Athelstan","Blockton",7397.32878079213,4.59648558184958
"Atkins","Atkins",143.18980053997,0.0889739895513219
"Atlantic","Atlantic",512.186879973082,0.318258073795754
"Auburn","Auburn",174.733957284998,0.108574613772137
"Audubon","Audubon",255.872195932172,0.15899156225857
"Aurelia","Aurelia",86.2243522437372,0.0535773119780432
"Aurora","Aurora",126.606424305741,0.0786695604772825
"Avoca","Avoca",153.245399536197,0.0952222471552061
"Ayrshire","Ayrshire",96.8043270327609,0.0601514014926737
"Badger","Badger",100.499076570921,0.06244721170795
"Bagley","Bagley",23.8924193880299,0.0148460565275595
"Baldwin","Baldwin",171.388962725936,0.106496131157977
"Balltown","Sherrill",7896.81617377054,4.90685256271197
"Bancroft","Bancroft",53.8917894144665,0.0334867950802565
"Bankston","Epworth",8013.58802286087,4.97941120335308
"Barnes City","Gibson",7163.10508808376,4.45094577168769
"Barnum","Barnum",89.7856452210733,0.0557901961566636
"Bartlett","Thurman",8331.04948237906,5.17667254791536
"Bassett","Ionia",5604.48432453413,3.4824640292201
"Batavia","Batavia",86.4319028111816,0.0537062778816867
"Battle Creek","Danbury",13534.3377600893,8.40984498832448
"Baxter","Baxter",226.66280525079,0.140841693961489
"Bayard","Bayard",36.2125614186658,0.0225014355012778
"Beacon","Beacon",244.865469260623,0.152152301499943
"Beaconsfield","Ellston",6185.92816449982,3.84375636950342
"Beaman","Beaman",124.419742840261,0.0773108200283958
"Beaver","Beaver",180.154617954369,0.111942855112924
"Beaverdale","Middletown",5020.53024742872,3.11961190037503
"Bedford","Bedford",264.571058368125,0.16439678310926
"Belle Plaine","Chelsea",10074.0418320047,6.25971744719456
"Bellevue","Bellevue",132.325130336049,0.082222998562041
"Belmond","Belmond",116.976811896411,0.0726859985848849
"Bennett","Bennett",55.5375628765108,0.0345094309821404
"Bentley","Underwood",5113.80057413615,3.17756737655155
"Benton","Benton",331.527350393532,0.206001481241379
"Berkley","Rippey",7309.81628717897,4.54210785618068
"Bernard","Bernard",111.544287032121,0.0693103851774363
"Bertram","Ely",10257.1755945835,6.37351145638194
"Bettendorf","Bettendorf",788.443525555203,0.489915941917762
"Bevington","Bevington",67.2390569757553,0.0417804000720821
"Birmingham","Birmingham",101.421807390831,0.0630205698802483
"Blairsburg","Blairsburg",234.276867084119,0.145572851176926
"Blairstown","Blairstown",72.5066607308693,0.045053536285001
"Blakesburg","Blakesburg",114.752593473893,0.0713039337594661
"Blanchard","Blanchard",114.650691873404,0.0712406150600692
"Blencoe","Blencoe",95.1950540060639,0.0591514459028019
"Blockton","Blockton",80.3904669016362,0.0499523048091366
"Bloomfield","Bloomfield",105.982596252576,0.0658545118160597
"Blue Grass","Buffalo",7703.30106647836,4.78660788697872
"Bode","Bode",145.752154946336,0.0905661622711595
"Bolan","Grafton",5635.83412601661,3.50194388671707
"Bonaparte","Bonaparte",110.066644585897,0.0683922210129831
"Bondurant","Bondurant",798.574968822419,0.496211326952155
"Boone","Boone",922.26275009098,0.573067327286783
"Bouton","Bouton",61.5521217449101,0.0382467034407565
"Boxholm","Boxholm",182.773009734407,0.113569847831678
"Boyden","Boyden",136.453460231996,0.0847882230378155
"Braddyville","Braddyville",294.968566272885,0.183284912993549
"Bradford","Hampton",12526.5941225016,7.78366231649296
"Bradgate","Bradgate",56.0902875609055,0.0348528780720074
"Brandon","Brandon",95.6065660378468,0.0594071475455029
"Brayton","Brayton",530.605571389069,0.329702914499597
"Breda","Breda",259.905303416857,0.161497618289436
"Bridgewater","Bridgewater",48.9305338130248,0.030404014725933
"Brighton","Brighton",156.01979009674,0.0969461729922012
"Bristow","Dumont",5960.58338833241,3.7037336605915
"Britt","Britt",179.900543406784,0.111784980557217
"Bronson","Bronson",213.232550914853,0.132496523394513
"Brooklyn","Brooklyn",69.0071670486865,0.0428790523962094
"Brunsville","Brunsville",207.790850710224,0.129115208696663
"Buck Grove","Denison",11315.596689106,7.0311836303065
"Buckeye","Alden",10264.5944671978,6.37812132867719
"Buffalo","Buffalo",1392.08115690676,0.864998860548309
"Buffalo Center","Rake",10604.1892427344,6.58913567394712
"Burchinal","Swaledale",10281.4161648354,6.38857384375993
"Burlington","Burlington",389.928743755441,0.242290413436062
"Burr Oak","Decorah",18514.1938102518,11.50418312207
"Burt","Burt",94.8875169991376,0.0589603513252711
"Bussey","Bussey",83.110836923696,0.0516426638501139
"Calamus","Calamus",108.595942823634,0.0674783695882643
"California Junction","Modale",6713.01558806371,4.17127320897074
"Callender","Callender",118.020604298127,0.0733345809133316
"Calmar","Calmar",389.445089136992,0.241989884482142
"Calumet","Calumet",114.366183055904,0.0710638295316301
"Camanche","Camanche",1326.60378150202,0.82431311831569
"Cambridge","Cambridge",340.706103034033,0.21170489194836
"Cantril","Cantril",160.411010364644,0.0996747499212891
"Carbon","Corning",9445.67894212857,5.86927096994937
"Carlisle","Carlisle",1368.15418015564,0.85013133107749
"Carpenter","Grafton",10312.1530588843,6.40767285835201
"Carroll","Carroll",82.4669794380583,0.0512425894804057
"Carson","Carson",41.4239920526203,0.0257396673657288
"Carter Lake","Crescent",9381.26404349254,5.829245419969
"Cascade","Cascade",480.48997119594,0.298562533891992
"Casey","Casey",126.307929745773,0.0784840846140609
"Castalia","Castalia",83.8164973090469,0.0520811407494198
"Castana","Castana",143.117453335601,0.088929035096596
"Cedar Falls","Waterloo",8914.60674752695,5.53927810931757
"Cedar Rapids","Hiawatha",7264.94810100282,4.51422806646822
"Center Junction","Onslow",6042.70476146821,3.75476150033826
"Center Point","Urbana",9865.06626602567,6.12986609078664
"Centerville","Centerville",217.884193061002,0.135386918926508
"Central City","Coggon",8350.03807783769,5.18847151046409
"Centralia","Peosta",2978.4569568851,1.85072677775665
"Chapin","Sheffield",6479.35505027711,4.02608332694574
"Chariton","Chariton",138.965938169928,0.0863494039665863
"Charles City","Floyd",8885.8986380144,5.52143972260164
"Charlotte","Charlotte",96.1301072124729,0.0597324608487215
"Charter Oak","Ricketts",6949.62667584006,4.31829647719341
"Chatsworth","Hawarden",9841.37066689055,6.11514233265645
"Chelsea","Chelsea",84.1740047390796,0.0523032854987267
"Cherokee","Cherokee",441.57758674168,0.274383506651264
"Chester","Chester",291.185098473477,0.180933975823563
"Chillicothe","Chillicothe",76.2149051980217,0.0473577318578
"Churdan","Churdan",74.6801228990446,0.0464040626459023
"Cincinnati","Cincinnati",279.537385415501,0.173696424713015
"Clare","Clare",44.5034763666786,0.0276531696134394
"Clarence","Clarence",90.570378227272,0.0562778064894582
"Clarinda","Clarinda",148.005246456035,0.0919661679956329
"Clarion","Clarion",117.441693272765,0.0729748623905913
"Clarksville","Clarksville",426.413863967764,0.264961209067513
"Clayton","Garnavillo",8471.14362694212,5.26372298661665
"Clear Lake","Ventura",6816.73413105842,4.2357209037499
"Clearfield","Clearfield",463.558699266084,0.288041932521666
"Cleghorn","Cleghorn",56.3745535805465,0.0350295127328978
"Clemons","Clemons",52.3063573379176,0.0325016535654192
"Clermont","Clermont",54.70766273821,0.0339937551033043
"Climbing Hill","Hornick",12475.1339018861,7.75168642774886
"Clinton","Clinton",2151.66830081552,1.33698428374604
"Clio","Lineville",8194.65074842973,5.09191833020253
"Clive","Waukee",6020.81307521351,3.7411586413585
"Clutier","Clutier",148.626946366387,0.0923524742906283
"Coalville","Lehigh",11291.7211645143,7.01634807171542
"Coburg","Essex",9870.93093477129,6.13351022586977
"Coggon","Coggon",75.091128351206,0.0466594495147172
"Coin","Coin",102.619701219866,0.0637649063666892
"Colesburg","Colesburg",93.339214904522,0.0579982813044377
"Colfax","Colfax",335.898012738886,0.208717284073574
"College Springs","Shambaugh",8269.06811568071,5.13815912410864
"Collins","Collins",206.480163781481,0.128300785849063
"Colo","Colo",379.451107843429,0.23577991433178
"Columbus City","Conesville",13586.9292294228,8.44252380221566
"Columbus Junction","Conesville",11561.3300245395,7.18387519867816
"Colwell","Floyd",12417.3844811961,7.71580261246528
"Conesville","Conesville",186.17621835319,0.11568450297434
"Conrad","Conrad",274.026906127578,0.170272372687399
"Conroy","Williamsburg",6937.52900284814,4.31077933402875
"Conway","Sharpsburg",6246.6330438578,3.88147662109496
"Coon Rapids","Bayard",10263.8935001963,6.37768576811046
"Coppock","Wayland",4713.14347451144,2.92861067390065
"Coralville","Tiffin",6245.21854535782,3.88059769274753
"Corley","Harlan",8004.83463275914,4.97397210059218
"Corning","Corning",130.837438395505,0.0812985899332531
"Correctionville","Correctionville",86.7300422804173,0.0538915331018252
"Corwith","Corwith",326.277132820286,0.202739148297674
"Corydon","Corydon",254.903356249225,0.158389553375937
"Cotter","Ainsworth",7472.94955948536,4.64347414072698
"Coulter","Coulter",243.182714405078,0.151106686432598
"Council Bluffs","Crescent",13078.6208225443,8.1266756991252
"Craig","Ireton",8949.96900001548,5.56125118750862
"Crawfordsville","Crawfordsville",138.781235691804,0.0862346352030516
"Crescent","Crescent",211.87634146073,0.131653814169795
"Cresco","Cresco",382.435955027556,0.237634611811427
"Creston","Creston",146.949104500904,0.0913099120128313
"Cromwell","Creston",8465.62702100417,5.26029512766838
"Crystal Lake","Woden",9810.51590018231,6.09597007541218
"Cumberland","Cumberland",13.7002197051952,0.00851291921843687
"Cumming","Cumming",721.217253035094,0.44814348573567
"Curlew","Curlew",43.8731546049584,0.0272615059500376
"Cushing","Cushing",23.6447268610158,0.0146921475743563
"Cylinder","Cylinder",95.9940767809095,0.0596479354834305
"Dakota City","Humboldt",1887.96681044875,1.17312782497535
"Dallas Center","Adel",8979.79088864443,5.57978164426788
"Dana","Dana",89.0112926580895,0.0553090359302497
"Danbury","Danbury",74.4938932659287,0.0462883449525434
"Danville","Danville",249.834978718313,0.155240210561177
"Davenport","Davenport",1142.99827695894,0.710225982352251
"Davis City","Lamoni",10590.826272715,6.58083231190317
"Dawson","Dawson",71.0728083448314,0.0441625819940363
"Dayton","Dayton",151.54603428805,0.0941663108716
"De Soto","Adel",8776.2728059821,5.45332140972591
"Decatur City","Leon",6686.16579297853,4.15458952494886
"Decorah","Decorah",184.488878429932,0.114636038878886
"Dedham","Dedham",143.506435362468,0.0891707372476124
"Deep River","Gibson",11276.657693263,7.00698806752054
"Defiance","Defiance",130.04300353569,0.0808049511499751
"Delaware","Delhi",5015.97053724994,3.11677862870153
"Delhi","Delhi",261.90890218511,0.162742596459664
"Delmar","Delmar",222.487685463274,0.138247395604
"Deloit","Deloit",189.561288420874,0.117787887347367
"Delphos","Benton",5017.63613112785,3.11781358043504
"Delta","Hayesville",9500.91611732541,5.90359374873861
"Denison","Denison",71.5601442896316,0.0444653984173927
"Denmark","Middletown",11450.9431510102,7.11528399668635
"Denver","Denver",289.098883797467,0.179637662524116
"Derby","Derby",126.728265468476,0.0787452690424121
"Des Moines","Norwalk",12159.018128917,7.55526125378327
"DeWitt","Welton",10090.8512759568,6.27016234819255
"Dexter","Dexter",69.2391681899853,0.0430232111773794
"Diagonal","Diagonal",132.089233159071,0.0820764188972848
"Diamondhead Lake","Dexter",4770.47002832327,2.96423173196926
"Dickens","Dickens",319.740492621154,0.198677469640499
"Dike","Dike",182.905643489602,0.113652262600777
"Dixon","Dixon",17.6792282150075,0.0109853597151874
"Dolliver","Dolliver",185.94956721332,0.115543668528908
"Donahue","Donahue",63.6219811715895,0.0395328540625717
"Donnellson","Donnellson",376.242884520651,0.233786417397481
"Doon","Doon",186.168729381833,0.115679849544719
"Douds","Birmingham",12023.3203688528,7.47094260091441
"Dougherty","Aredale",10300.1089847647,6.40018901997224
"Dow City","Dunlap",12178.5645343141,7.56740682325127
"Dows","Dows",199.920293195815,0.124224672503377
"Drakesville","Drakesville",41.3258930448315,0.02567871148716
"Dubuque","Dubuque",923.609044443839,0.573903875555113
"Dumont","Dumont",316.654050248759,0.196759643857122
"Duncan","Britt",7767.46880669843,4.82647985988701
"Duncombe","Duncombe",254.964033129382,0.158427256229637
"Dundee","Dundee",123.033347713715,0.0764493543022187
"Dunkerton","Dunkerton",132.734589193814,0.0824774244219495
"Dunlap","Dunlap",75.1177518715685,0.0466759925981884
"Durango","Sherrill",4918.98066990458,3.05651193783928
"Durant","Durant",284.340906185152,0.176681193217174
"Dyersville","Dyersville",163.22561970192,0.101423666539802
"Dysart","Dysart",287.667855258869,0.178748462890059
"Eagle Grove","Goldfield",8083.59811503136,5.02291344433515
"Earlham","Earlham",103.984381170195,0.0646128789121051
"Earling","Earling",37.6646904467521,0.0234037463675888
"Earlville","Earlville",86.3176499245289,0.0536352844512544
"Early","Early",42.4415414669059,0.0263719430628328
"East Amana","Walford",7950.42795782918,4.94016537058428
"East Peru","Truro",6985.08908363946,4.34033178899014
"Eddyville","Eddyville",259.832802428508,0.161452568277804
"Edgewood","Edgewood",42.952853634361,0.0266896576156366
"Elberon","Elberon",143.275487978719,0.0890272332408243
"Eldon","Eldon",166.941450340262,0.103732575939379
"Eldora","Eldora",112.636590006215,0.0699891105687516
"Eldridge","Eldridge",804.411011074142,0.499837674362151
"Elgin","Elgin",68.9713806583188,0.0428568157710402
"Elk Horn","Kimballton",3992.36121071027,2.48073747786025
"Elk Run Heights","Raymond",2179.2229557246,1.35410594722155
"Elkader","Elkader",160.144511880823,0.0995091554918987
"Elkhart","Elkhart",217.57393977227,0.135194136530235
"Elkport","Colesburg",13018.8767887717,8.08955248911589
"Elliott","Elliott",45.489508857276,0.0282658616081545
"Ellston","Ellston",36.5632063244111,0.0227193160770057
"Ellsworth","Ellsworth",408.887540469985,0.254070859909375
"Elma","Elma",91.2228107466432,0.0566832091364524
"Ely","Ely",408.213927718104,0.253652296480126
"Emerson","Emerson",55.4800466526836,0.0344736920686247
"Emmetsburg","Emmetsburg",238.507075198106,0.148201379822923
"Epworth","Epworth",216.532506272762,0.134547019955213
"Essex","Essex",65.507923030234,0.0407047236412195
"Estherville","Estherville",628.490463824493,0.390525747997089
"Evansdale","Raymond",4167.99485050308,2.58987112825195
"Everly","Everly",533.129848606408,0.331271427158412
"Exira","Exira",260.833202130527,0.162074187641048
"Exline","Exline",119.043138813518,0.0739699542076943
"Fairbank","Fairbank",63.3723213488395,0.0393777226888498
"Fairfax","Fairfax",846.947106898358,0.52626837076054
"Fairfield","Fairfield",424.577116737066,0.263819907604027
"Farley","Farley",268.982032765662,0.167137634681632
"Farmersburg","Farmersburg",24.4825435687796,0.0152127425798761
"Farmington","Farmington",145.700317130882,0.0905339517559331
"Farnhamville","Farnhamville",144.833751428713,0.0899954929590109
"Farragut","Farragut",157.965919325629,0.0981554412572855
"Fayette","Fayette",75.5413215018289,0.0469391864829129
"Fenton","Fenton",144.764033717638,0.0899521723951624
"Ferguson","Ferguson",195.046702308006,0.121196364459828
"Fertile","Fertile",332.519618782391,0.206618048042433
"Floris","Floris",188.948540245796,0.11740714340107
"Floyd","Floyd",179.59682043482,0.111596255910404
"Fonda","Fonda",142.928865354399,0.0888118519941282
"Fontanelle","Fontanelle",220.439603466702,0.136974776845708
"Forest City","Leland",7960.68258750747,4.94653730008211
"Fort Atkinson","Calmar",6694.51581025567,4.15977798353438
"Fort Dodge","Badger",11982.7326124078,7.44572254610447
"Fort Madison","Montrose",13281.5152490261,8.25274841180261
"Fostoria","Fostoria",181.763450671943,0.112942537107476
"Franklin","Donnellson",4893.59606973307,3.04073868344611
"Fraser","Ogden",10976.5545984578,6.82051270739831
"Fredericksburg","Fredericksburg",219.765521130717,0.136555921630515
"Frederika","Frederika",142.001262250567,0.088235466325897
"Fredonia","Letts",9933.63995921229,6.1724757950957
"Fremont","Fremont",20.6422180447855,0.0128264756687064
"Fruitland","Fruitland",815.8140610798,0.506923198947216
"Frytown","Kalona",9792.23853386216,6.08461305002446
"Galt","Rowan",6781.08089232551,4.21356701514519
"Galva","Galva",75.2459788885072,0.0467556691479306
"Garber","Colesburg",12691.6040943626,7.88619472771817
"Garden City","Radcliffe",8613.74615034831,5.35233205918808
"Garden Grove","Humeston",10086.9142835582,6.26771601528882
"Garnavillo","Garnavillo",136.2173181987,0.0846414912264443
"Garner","Garner",92.4689072146432,0.0574574973448701
"Garrison","Garrison",40.4580686500866,0.025139470575173
"Garwin","Garwin",289.468007231691,0.179867025121563
"Geneva","Hampton",9511.67866451552,5.91028128344867
"George","George",333.940730856472,0.207501085873017
"Gibson","Gibson",74.5741600554554,0.0463382204078184
"Gilbert","Gilbert",350.179106388474,0.217591141515712
"Gilbertville","Gilbertville",120.495063024181,0.0748721378063982
"Gillett Grove","Webb",7456.01505373067,4.63295152995168
"Gilman","Gilman",91.6065354788797,0.0569216445570469
"Gilmore City","Bradgate",8322.1068433846,5.17111585138073
"Gladbrook","Gladbrook",116.424269820624,0.0723426649627112
"Glenwood","Glenwood",383.53921580868,0.238320146066255
"Glidden","Glidden",191.130713696687,0.118763082700424
"Goldfield","Goldfield",220.65516095648,0.137108718018689
"Goodell","Belmond",8513.75456293425,5.29020018652502
"Goose Lake","Charlotte",7226.69700081853,4.49045994209561
"Gowrie","Gowrie",255.86574538607,0.158987554076288
"Graettinger","Graettinger",136.703703408975,0.0849437168909381
"Graf","Peosta",5553.91913530614,3.45104428702431
"Grafton","Grafton",89.323006639232,0.0555027259584262
"Grand Junction","Beaver",7997.16145537833,4.96920421068989
"Grand Mound","Calamus",9268.64440692151,5.75926684377322
"Grand River","Ellston",12562.6564293553,7.8060703881649
"Grandview","Grandview",20.662095681624,0.0128388270557864
"Granger","Granger",416.944169920357,0.259077015807582
"Grant","Grant",92.0243460902492,0.0571812599544442
"Granville","Granville",115.423529793917,0.0717208341315763
"Gravity","Gravity",69.727867046672,0.0433268744746577
"Gray","Gray",458.660472938931,0.284998316730536
"Greeley","Greeley",99.6569832283971,0.0619239593256123
"Green Mountain","Marshalltown",10456.3365606022,6.49726430499798
"Greene","Greene",61.8273581140093,0.0384177273386601
"Greenfield","Greenfield",107.642537490572,0.0668859511630541
"Greenville","Royal",12662.8349210392,7.86831839772102
"Grimes","Grimes",979.288509216837,0.608501480260575
"Grinnell","Grinnell",379.096919806026,0.23555983215679
"Griswold","Griswold",112.29415995469,0.0697763344652054
"Grundy Center","Holland",4821.70252082014,2.99606611706453
"Gruver","Estherville",10555.5420185275,6.55890769959446
"Guernsey","Victor",9906.24607106672,6.1554540274248
"Guthrie Center","Panora",11605.3840465553,7.21124909039211
"Guttenberg","Guttenberg",317.739297625798,0.19743398510504
"Halbur","Halbur",129.35528505431,0.0803776228294814
"Hamburg","Hamburg",212.187078260617,0.131846897005878
"Hamilton","Hamilton",36.8416059344282,0.0228923055210816
"Hampton","Hampton",417.973414081407,0.259716558281178
"Hancock","Hancock",237.199105163378,0.147388645174474
"Hanlontown","Hanlontown",73.6333813122819,0.0457536477793939
"Hansell","Hampton",8425.53630432007,5.23538391895167
"Harcourt","Harcourt",332.277027926585,0.20646730911977
"Hardy","Hardy",99.3396642282529,0.0617267865011738
"Harlan","Harlan",267.797577863692,0.16640164875474
"Harper","Keota",8272.00637759766,5.13998487485424
"Harpers Ferry","Marquette",17965.4449439015,11.163206490237
"Harris","Harris",339.415496866558,0.21090294670347
"Hartford","Hartford",316.262587766726,0.196516400423198
"Hartley","Hartley",235.096826984243,0.146082350480026
"Hartwick","Victor",7342.25058008285,4.56226158519666
"Harvey","Harvey",278.293250636493,0.172923355441248
"Hastings","Hastings",334.872245282952,0.208079901923713
"Havelock","Havelock",97.5767513955108,0.06063136359138
"Haverhill","Haverhill",62.1336821446441,0.0386080682078997
"Hawarden","Hawarden",171.029427161893,0.106272726185012
"Hawkeye","Hawkeye",43.6582235755283,0.0271279540413496
"Hayesville","Hayesville",99.8954058469397,0.0620721082265188
"Hayfield","Garner",11399.4240998473,7.08327155234624
"Hazleton","Hazleton",129.09831964462,0.0802179519758973
"Hedrick","Hedrick",244.091712533667,0.151671511508757
"Henderson","Macedonia",5790.55285255718,3.59808161654631
"Hepburn","Villisca",9481.537689473,5.89155255564553
"Hiawatha","Hiawatha",215.123343405509,0.133671407015225
"High Amana","Marengo",10634.2169419461,6.607794015434
"Hills","Hills",159.714670258021,0.0992420643728967
"Hillsboro","Hillsboro",111.551546118987,0.0693148957635013
"Hinton","Hinton",20.2785537562291,0.0126005052260618
"Holiday Lake","Brooklyn",9463.50978000852,5.88035053551367
"Holland","Holland",102.815901789741,0.0638868197109929
"Holstein","Holstein",32.0471967807263,0.0199131987108367
"Holy Cross","Luxemburg",6372.54486922428,3.95971457793476
"Homestead","Oxford",7910.26714928295,4.9152106088171
"Hopkinton","Hopkinton",236.522407253389,0.146968164717445
"Hornick","Hornick",30.6216650759962,0.0190274146499369
"Hospers","Hospers",57.1943434057458,0.0355389063563717
"Houghton","Houghton",9.63071782943324,0.00598424876839276
"Hubbard","Hubbard",255.177552386848,0.158559930904168
"Hudson","Hudson",1152.63797296623,0.716215809900002
"Hull","Hull",86.7763479193604,0.0539203060830009
"Humboldt","Humboldt",211.376291060558,0.13134309735259
"Humeston","Humeston",112.571116890766,0.0699484274735323
"Hutchins","Britt",6648.17707144147,4.13098443505866
"Huxley","Huxley",819.952781253019,0.50949487963997
"Ida Grove","Arthur",10228.8597504309,6.35591681198498
"Imogene","Essex",11596.7948000287,7.20591198168866
"Independence","Independence",879.343486205768,0.546398541367165
"Indianola","Indianola",415.610120180629,0.258248075986758
"Inwood","Inwood",377.262746942745,0.23442013033056
"Ionia","Ionia",207.171609410732,0.128730430111156
"Iowa City","Hills",11173.7934954579,6.94307123806618
"Iowa Falls","Alden",9129.35365989206,5.67271561300079
"Ireton","Ireton",432.931322734651,0.269010968938953
"Irvington","Algona",7900.87503262569,4.90937461989766
"Irwin","Irwin",168.611885835081,0.10477053611323
"Jackson Junction","Waucoma",5813.75106781975,3.61249631476223
"Jacksonville","Kimballton",6647.42878717777,4.13051947291744
"Jamaica","Jamaica",113.40916465609,0.0704691660515196
"Janesville","Janesville",44.9443344415051,0.0279271060362525
"Jefferson","Jefferson",243.737759268023,0.151451575214131
"Jesup","Jesup",177.519093576751,0.110305216694879
"Jewell Junction","Ellsworth",5153.29373657759,3.20210728239095
"Johnston","Johnston",853.310739268577,0.530222547370055
"Joice","Joice",431.462133596008,0.268098057414685
"Jolley","Jolley",79.2135622434544,0.0492210103847775
"Kalona","Kalona",213.997802545102,0.132972028565252
"Kamrar","Kamrar",341.806248934976,0.212388490706975
"Kanawha","Kanawha",245.314508260154,0.15243132131212
"Kellerton","Kellerton",145.563252076992,0.0904487835063328
"Kelley","Slater",8099.32559214749,5.03268604251828
"Kellogg","Kellogg",171.651479302954,0.106659251345956
"Kensett","Kensett",125.484305971661,0.0779723086859168
"Kent","Lenox",11642.8141727578,7.23450708534069
"Keokuk","Keokuk",347.483965633771,0.215916459209822
"Keomah Village","Oskaloosa",8682.18671613708,5.39485904199281
"Keosauqua","Keosauqua",262.357147489731,0.163021123092841
"Keota","Keota",139.191717983314,0.0864896969950096
"Keswick","Keswick",81.8595189486604,0.050865131148648
"Keystone","Keystone",83.2447907037564,0.0517258988443838
"Kimballton","Kimballton",198.549435352772,0.123372861194587
"Kingsley","Kingsley",210.626938936289,0.130877471673781
"Kinross","Keota",10731.6919213958,6.66836214088962
"Kirkman","Irwin",8290.3308462101,5.15137116824041
"Kirkville","Kirkville",141.349976443305,0.0878307762125529
"Kiron","Kiron",138.902275437578,0.0863098457909236
"Klemme","Klemme",277.447177761909,0.172397630293095
"Knierim","Knierim",189.377522013684,0.117673700231165
"Knoxville","Knoxville",165.71227907299,0.102968804559863
"La Motte","Zwingle",5478.79019482864,3.40436134215087
"La Porte City","Gilbertville",11754.8033333106,7.30409390202256
"Lacona","Lacona",68.7629696527666,0.0427273152161093
"Ladora","Ladora",113.891910590138,0.0707691303753045
"Lake City","Lanesboro",10087.8895005752,6.26832198686192
"Lake Mills","Joice",8375.02668736958,5.20399870775753
"Lake Panorama","Panora",3598.22999608503,2.23583577089735
"Lake Park","Harris",9303.4128644219,5.7808709549787
"Lake View","Breda",14638.4955715904,9.09593663181468
"Lakeside","Alta",12041.314018423,7.48212333294151
"Lakota","Lakota",143.097963570694,0.0889169247218859
"Lambs Grove","Newton",3218.95998793393,2.00016838666249
"Lamoni","Lamoni",164.813191997837,0.102410137924888
"Lamont","Lamont",146.865988097829,0.0912582658903364
"Lanesboro","Lanesboro",202.951206768002,0.12610799430064
"Lansing","Lansing",75.1999653928859,0.0467270776961429
"Larchwood","Larchwood",355.37827774246,0.22082175581911
"Larrabee","Larrabee",72.7600652306566,0.0452109944924383
"Latimer","Latimer",177.930690956492,0.110560971370327
"Laurel","Laurel",58.9635829889928,0.0366382605254535
"Laurens","Laurens",48.778382124477,0.0303094720790684
"Lawler","Lawler",251.795200721066,0.156458235667249
"Lawton","Lawton",361.685188738521,0.224740687411644
"Le Claire","Princeton",8981.21277877069,5.58066516555752
"Le Grand","Montour",5724.66886370108,3.55714321650681
"Le Mars","Brunsville",8481.76102301341,5.27032032863087
"Le Roy","Humeston",8334.4693641359,5.17879756326249
"Leando","Birmingham",12918.5277613694,8.02719851360987
"Ledyard","Ledyard",184.381024058473,0.114569021300237
"Lehigh","Lehigh",5.88991978574258,0.00365982534718665
"Leighton","Leighton",25.8212619544068,0.0160445833618717
"Leland","Leland",445.872044932204,0.277051958431569
"Lenox","Lenox",161.254937816543,0.100199141966003
"Leon","Leon",526.641345766763,0.32723965966044
"Lester","Lester",257.425507420586,0.159956744971437
"Letts","Letts",143.587156851401,0.0892208952399117
"Lewis","Lewis",181.103162181652,0.112532252987975
"Libertyville","Libertyville",45.2771096436895,0.028133882896409
"Lidderdale","Lidderdale",226.839733579836,0.140951632094236
"Lime Springs","Chester",8085.28691225881,5.02396281395717
"Lincoln","Lincoln",97.5949600444152,0.0606426779177583
"Linden","Linden",110.213529974214,0.0684834913336075
"Lineville","Lineville",63.2327178955947,0.0392909771515036
"Linn Grove","Peterson",8687.58286039678,5.39821204954761
"Lisbon","Lisbon",174.428969692886,0.108385103327038
"Liscomb","Liscomb",135.63138256802,0.0842774078176734
"Little Cedar","Stacyville",8227.19882788703,5.11214276288299
"Little Rock","Sibley",12148.3211256558,7.54861444616985
"Little Sioux","Pisgah",8528.49445721281,5.29935912937278
"Livermore","Livermore",36.4537066239911,0.0226512761386559
"Lockridge","Lockridge",277.620160593868,0.172505116808372
"Logan","Logan",35.6792369051995,0.0221700431150207
"Lohrville","Lohrville",405.61764164612,0.252039039607292
"Lone Rock","Fenton",8375.59891145492,5.20435427120965
"Lone Tree","Riverside",9320.33025483729,5.7913829307785
"Long Grove","Eldridge",6150.68079481164,3.8218546761529
"Lorimor","Lorimor",97.6002944029103,0.0606459925334308
"Lost Nation","Baldwin",12291.677424563,7.63769189297815
"Loveland","Crescent",14878.913160558,9.24532514948909
"Lovilia","Lovilia",198.175440045495,0.123140471356509
"Low Moor","Camanche",6663.73978509387,4.14065465400357
"Lowden","Lowden",147.791852262717,0.091833571032337
"Lu Verne","Livermore",9468.42514434131,5.88340480036451
"Luana","Luana",76.6630791861051,0.0476362141769493
"Lucas","Lucas",233.149503534246,0.144872340160578
"Luther","Madrid",10144.7953765916,6.30368164794812
"Luxemburg","Luxemburg",360.713549244337,0.224136938807503
"Luzerne","Blairstown",8138.97003193498,5.05731994771347
"Lynnville","Lynnville",510.14146220296,0.316987110510515
"Lytton","Lytton",108.706882906037,0.0675473045382071
"Macedonia","Macedonia",102.877671852463,0.063925201836637
"Macksburg","Macksburg",94.0996698640629,0.0584708059631026
"Madrid","Madrid",90.831113802155,0.0564398200143589
"Magnolia","Logan",8744.94676726917,5.43385631772481
"Maharishi Vedic City","Fairfield",6594.11223819922,4.09739011556209
"Malcom","Malcom",219.604983870031,0.136456168432305
"Mallard","Mallard",223.880765644241,0.139113015229127
"Maloy","Benton",5423.9958019179,3.37031369543353
"Malvern","Malvern",516.8208056667,0.321137460837923
"Manchester","Manchester",498.498703735138,0.309752638038607
"Manilla","Manilla",461.887823870359,0.287003699006149
"Manly","Manly",253.368122378349,0.157435603570357
"Manning","Manning",179.770146430986,0.111703955657968
"Manson","Manson",445.154764430965,0.276606261129233
"Mapleton","Mapleton",373.047014422485,0.231800596398714
"Maquoketa","Maquoketa",392.808413217416,0.244079756529319
"Marathon","Marathon",68.0913645958156,0.0423099993102666
"Marble Rock","Greene",9102.71399948153,5.65616250057184
"Marcus","Marcus",193.975637174994,0.120530835647064
"Marengo","Marengo",157.432661400776,0.0978240902472618
"Marion","Marion",482.907086033542,0.300064458955748
"Marne","Marne",117.958857178312,0.073296213043745
"Marquette","Marquette",166.538802156924,0.10348238203505
"Marshalltown","Marshalltown",1067.89420367916,0.663558489234322
"Martelle","Martelle",60.0944867082088,0.0373409713003664
"Martensdale","Martensdale",226.849326473367,0.140957592840083
"Martinsburg","Martinsburg",37.9404257006941,0.023575080258066
"Marysville","Hamilton",4402.79001982239,2.73576603740706
"Mason City","Plymouth",12548.8708150391,7.79750440721166
"Masonville","Masonville",61.0416948057317,0.0379295389431323
"Massena","Massena",360.108692698896,0.223761098491006
"Matlock","Boyden",8182.87636976654,5.08460207275821
"Maurice","Maurice",373.717020864958,0.23221691897188
"Maxwell","Maxwell",112.083867742398,0.0696456649829614
"Maynard","Maynard",172.700147532981,0.107310863372716
"Maysville","Donahue",5927.88447802223,3.68341550599315
"McCallsburg","Zearing",7673.65554286603,4.76818701832621
"McCausland","Princeton",10744.746403495,6.67647381748611
"McClelland","Underwood",5639.66067274143,3.50432159188201
"McGregor","Mcgregor",233.409160547262,0.145033683498413
"McIntire","Riceville",8936.37059912231,5.55280153554723
"Mechanicsville","Mechanicsville",30.5120306277088,0.01895929098317
"Mediapolis","Mediapolis",55.687721927783,0.0346027354619885
"Melbourne","Melbourne",68.5331300176977,0.0425844995322269
"Melcher-Dallas","Lacona",12780.5075600485,7.94143676309489
"Melrose","Melrose",286.12720027335,0.177791144561052
"Melvin","Melvin",19.0702712609568,0.011849713523692
"Menlo","Menlo",119.926752870098,0.074519006357646
"Meriden","Meriden",15.0701271580022,0.00936413998229496
"Merrill","Merrill",78.8574207316685,0.0489997143774576
"Meservey","Meservey",398.649562454763,0.247709277272078
"Meyer","Stacyville",7331.13374498606,4.55535390625573
"Middle Amana","Walford",10702.9013166407,6.65047249402233
"Middletown","Middletown",231.211391088649,0.143668053292145
"Miles","Miles",245.462787949784,0.152523458011145
"Milford","Milford",1858.69186191064,1.15493722092727
"Miller","Garner",9352.07258304763,5.81110669300089
"Millersburg","Millersburg",52.7516633850711,0.032778353829245
"Millerton","Corydon",10212.7206104476,6.34588841843446
"Millville","Guttenberg",9797.19058941942,6.08769011373813
"Milo","Milo",120.093448487598,0.0746225861801873
"Milton","Milton",201.098429033581,0.124956731947025
"Minburn","Minburn",123.489952078317,0.0767330750128561
"Minden","Minden",123.14594490839,0.0765193189336712
"Mineola","Glenwood",11600.6900014979,7.20833234692078
"Mingo","Mingo",10.2219355474847,0.00635161431307613
"Missouri Valley","Modale",11960.6406087595,7.43199521570548
"Mitchell","Osage",6362.64674398643,3.95356416995759
"Mitchellville","Mitchellville",273.660198220358,0.170044511028382
"Modale","Modale",253.209506117878,0.157337044025972
"Mona","Stacyville",14019.7167058928,8.71144538925729
"Mondamin","Mondamin",37.6194486508052,0.0233756344275995
"Monmouth","Monmouth",199.639482376863,0.124050184803994
"Monona","Monona",35.4003165807598,0.0219967301141033
"Monroe","Monroe",182.268836128198,0.113256568973815
"Montezuma","Montezuma",73.7834155575668,0.0458468747084208
"Monticello","Monticello",1252.21366731467,0.778089258672982
"Montour","Montour",93.7166706283898,0.0582328213450332
"Montrose","Montrose",282.093501349514,0.175284721027049
"Moorhead","Moorhead",83.8008653085084,0.0520714274776132
"Moorland","Moorland",160.613061792524,0.0998002988190825
"Moravia","Moravia",82.5316320759406,0.0512827627546593
"Morley","Olin",8690.57056278784,5.40006852117004
"Morning Sun","Wapello",10614.9667753472,6.59583252016425
"Morrison","Reinbeck",6910.97061929357,4.29427672468107
"Moulton","Moulton",93.1067457868729,0.057853831736335
"Mount Auburn","Brandon",9837.36488420784,6.11265325546511
"Mount Ayr","Benton",10535.4539930479,6.54642558311418
"Mount Pleasant","Salem",13944.0232809266,8.66441169009263
"Mount Sterling","Cantril",11533.3058758855,7.16646180540487
"Mount Union","Winfield",8555.95696052464,5.31642353251816
"Mount Vernon","Lisbon",2514.91947886492,1.56269803150177
"Moville","Moville",89.2186954498739,0.0554379100103836
"Murray","Murray",90.2322525119057,0.0560677049755754
"Muscatine","Muscatine",1063.45222962736,0.660798375375785
"Mystic","Mystic",278.679940031045,0.173163633017031
"Nashua","Nashua",343.699696938796,0.213565024386557
"Nemaha","Nemaha",81.7160940204638,0.0507760110575896
"Neola","Neola",101.939255297301,0.0633420970033391
"Nevada","Nevada",939.556859100401,0.583813385096075
"New Albin","Lansing",15785.2727331973,9.80851070349953
"New Hampton","Ionia",11882.8081163372,7.38363236205658
"New Hartford","Stout",8663.74033642016,5.38339699658173
"New Haven","Riceville",11252.5314394882,6.99199671308622
"New Liberty","Bennett",8371.42816140355,5.20176268807949
"New London","Danville",10186.173776232,6.32939298551104
"New Market","Clarinda",11231.8560360709,6.97914961698939
"New Providence","Union",9994.16187497444,6.21008235841474
"New Sharon","Lynnville",16198.6582957865,10.0653765039111
"New Vienna","Luxemburg",7129.13930786505,4.42984042086741
"New Virginia","Truro",10273.3255971582,6.3835465996318
"Newell","Newell",391.507293385169,0.243271278398036
"Newhall","Newhall",27.4761318415784,0.0170728715185334
"Newton","Newton",228.960887890573,0.142269655869453
"Nichols","Nichols",75.3197963907951,0.0468015372031447
"Nodaway","Villisca",7460.1637696129,4.63552942168814
"Nora Springs","Rudd",8791.45209782696,5.46275338147883
"North Buena Vista","Luxemburg",12796.058639202,7.95109975269961
"North English","Millersburg",9318.49067490139,5.79023986915415
"North Liberty","Tiffin",6172.09921379765,3.83516346057666
"North Washington","Ionia",9651.47822424836,5.99714867567943
"Northboro","Blanchard",6698.35374866907,4.16216276716425
"Northwood","Northwood",253.706797628584,0.157646046549271
"Norwalk","Norwalk",873.233347707076,0.542601878498093
"Norway","Norway",189.191795352736,0.117558295070125
"Numa","Cincinnati",7784.61473049284,4.83713383970106
"Oakland","Oakland",346.924868431043,0.215569052421866
"Oakland Acres","Kellogg",6999.15483384089,4.34907183825855
"Oakville","Oakville",112.338569437613,0.0698039292300191
"Ocheyedan","Ocheyedan",296.14334332329,0.184014885384136
"Odebolt","Odebolt",186.057665236722,0.115610837505807
"Oelwein","Oelwein",195.546938009862,0.121507196418126
"Ogden","Ogden",143.405780777396,0.0891081934074311
"Okoboji","Okoboji",894.322586733178,0.555706120040981
"Olds","Olds",134.460567221557,0.0835498971150263
"Olin","Olin",47.1713986753835,0.0293109391663217
"Ollie","Ollie",153.579346747811,0.0954297522680341
"Onawa","Onawa",625.139140824781,0.388443333073435
"Onslow","Onslow",33.4775283415906,0.0208019652631425
"Orange City","Alton",4290.19928871894,2.66580542223058
"Orchard","Orchard",79.1906630609959,0.0492067814968741
"Orient","Orient",79.4610752049182,0.0493748077611552
"Orleans","Okoboji",7369.58573567473,4.57924685816194
"Osage","Osage",131.268770829782,0.0815666073992724
"Osceola","Osceola",1075.60294091503,0.668348474999311
"Oskaloosa","Oskaloosa",64.4807153502862,0.0400664465779227
"Ossian","Ossian",63.6807383406865,0.0395693640634907
"Osterdock","Guttenberg",7865.92897432433,4.88766015270488
"Otho","Lehigh",10821.920826861,6.72442776610743
"Oto","Oto",270.924217509204,0.168344451957912
"Otranto","Grafton",15709.7135850639,9.76156044006471
"Ottosen","Ottosen",331.603044673724,0.206048515471957
"Ottumwa","Ottumwa",455.813360395982,0.283229203562612
"Owasa","Eldora",11636.2903203277,7.23045335263234
"Oxford","Oxford",167.69254651252,0.104199285319031
"Oxford Junction","Wyoming",9338.24473660934,5.80251447023168
"Oyens","Oyens",47.2785849114347,0.0293775415850031
"Pacific Junction","Glenwood",5796.3762899511,3.6017001316632
"Packwood","Packwood",51.6216840123551,0.0320762174164411
"Palmer","Palmer",117.461154648581,0.0729869551251433
"Palo","Palo",335.689244820785,0.208587561743536
"Panama","Panama",88.6315693394198,0.0550730868720046
"Panora","Panora",73.1907376919537,0.045478601870387
"Panorama Park","Bettendorf",2207.09036235557,1.37142194554724
"Park View","Eldridge",7131.45942789199,4.43128207616868
"Parkersburg","Parkersburg",339.187356632469,0.210761186978074
"Parnell","Parnell",90.3162001004718,0.0561198675726303
"Paton","Paton",8.49573196729622,0.00527900146825082
"Patterson","Bevington",7611.68712265336,4.72968163909024
"Paullina","Paullina",294.902740678276,0.183244010878001
"Pella","Pella",198.962962666952,0.123629815075327
"Peosta","Peosta",474.380091598286,0.294766031896518
"Percival","Thurman",9250.88312054684,5.74823049549731
"Perry","Perry",349.035506138591,0.216880541484843
"Persia","Persia",67.4028809230883,0.0418821955220603
"Peterson","Peterson",221.56947582126,0.137676846760532
"Pierson","Pierson",271.11850919353,0.168465179176093
"Pilot Mound","Boxholm",7600.70389324941,4.72285697885228
"Pioneer","Clare",8349.14345474278,5.18791561761698
"Pisgah","Pisgah",319.984422774058,0.198829040763539
"Plainfield","Plainfield",8.13755214677328,0.00505643891499266
"Plano","Plano",77.1741650381024,0.0479537881038907
"Pleasant Hill","Altoona",6744.21852041041,4.19066180624593
"Pleasant Plain","Brighton",4505.34546953723,2.79949101975182
"Pleasanton","Lamoni",16774.3630429703,10.4231027383735
"Pleasantville","Pleasantville",346.526599776131,0.215321579829494
"Plover","Plover",8.10993159967297,0.00503927630802039
"Plymouth","Plymouth",137.141568325913,0.0852157934522409
"Pocahontas","Pocahontas",519.227292473955,0.322632781951834
"Polk City","Granger",8964.86509147587,5.57050718675546
"Pomeroy","Pomeroy",673.776638105041,0.418665263395967
"Popejoy","Dows",9394.62309922818,5.83754634979052
"Portland","Plymouth",13211.6977577481,8.20936584742969
"Portsmouth","Portsmouth",73.7448741854914,0.045822926217513
"Postville","Postville",283.081790952868,0.175898815526175
"Prairie City","Colfax",8723.6907534658,5.4206484471718
"Prairieburg","Coggon",9856.52567244487,6.12455921361274
"Prescott","Prescott",54.473224225148,0.0338480818100044
"Preston","Preston",252.805008396249,0.157085700872185
"Primghar","Primghar",350.266837868005,0.21764565531288
"Princeton","Princeton",925.293860732574,0.57495077153726
"Promise City","Seymour",7538.64579333064,4.68429587524766
"Protivin","Protivin",208.807597811984,0.129746985860031
"Pulaski","Pulaski",303.923076441202,0.188848985931346
"Quasqueton","Quasqueton",143.142422932187,0.0889445504797957
"Quimby","Quimby",158.693765877754,0.0986077039972258
"Radcliffe","Radcliffe",283.93766844635,0.176430632980177
"Rake","Rake",486.495998676793,0.302294505193797
"Ralston","Ralston",347.682569397427,0.216039865829049
"Randalia","Fayette",7121.24626451957,4.42493591263079
"Randall","Randall",47.8886241969772,0.0297566023058999
"Randolph","Randolph",174.03166745978,0.108138231241151
"Rathbun","Mystic",5335.49307705316,3.3153206687816
"Raymond","Raymond",363.24916825341,0.225712498926789
"Readlyn","Readlyn",55.5240546651254,0.0345010373713237
"Reasnor","Reasnor",58.5037292760588,0.036352520763994
"Red Oak","Stanton",11011.500694869,6.84222719827145
"Redding","Redding",194.523103643422,0.120871015434017
"Redfield","Redfield",50.9836941637348,0.0316797890262141
"Reinbeck","Reinbeck",274.645410277011,0.170656693229237
"Rembrandt","Rembrandt",48.9601448364094,0.0304224141571446
"Remsen","Remsen",244.058907714375,0.151651127545389
"Renwick","Renwick",324.161387247315,0.201424485355251
"Rhodes","Rhodes",225.227431643904,0.139949794428004
"Riceville","Riceville",219.551194284879,0.136422745143989
"Richland","Richland",196.805149878906,0.122289012785406
"Rickardsville","Sherrill",8380.5665183146,5.20744099805166
"Ricketts","Ricketts",28.3542141958825,0.0176184864291097
"Ridgeway","Ridgeway",457.953254785207,0.284558871879139
"Rinard","Somers",6486.2764908318,4.03038410938465
"Ringsted","Ringsted",134.513938917236,0.0835830607389419
"Rippey","Rippey",32.0285831618343,0.0199016327478521
"River Sioux","Pisgah",10434.3506418513,6.48360289267779
"Riverdale","Bettendorf",2915.77639003978,1.81177889125541
"Riverside","Riverside",3478.17076043499,2.16123444358225
"Riverton","Riverton",22.8544405230745,0.0142010865622633
"Robins","Hiawatha",3087.08513065581,1.91822517472073
"Rochester","Tipton",10905.5148513584,6.77637066870342
"Rock Falls","Plymouth",5402.68149688132,3.35706960439864
"Rock Rapids","Lester",13186.2511615311,8.19355407049176
"Rock Valley","Doon",9987.17935339209,6.2057436219966
"Rockford","Rockford",42.3336815970357,0.0263049220676317
"Rockwell","Rockwell",506.812179595478,0.314918390847422
"Rockwell City","Jolley",11580.2169135827,7.19561096380983
"Rodman","Cylinder",7227.05080678279,4.49067978686143
"Rodney","Rodney",35.2374591132779,0.0218955352066766
"Roland","Roland",108.104649677246,0.0671730942746
"Rolfe","Rolfe",124.359998371873,0.0772736965483288
"Rome","Lockridge",5780.72458473676,3.59197461594247
"Rose Hill","Fremont",12246.3966992645,7.60955576341869
"Roseville","Rockford",11784.1862355047,7.32235158534182
"Rossie","Royal",9650.80426638498,5.9967298978079
"Rowan","Rowan",116.921219270375,0.0726514549392523
"Rowley","Rowley",97.9909405855704,0.0608887287425965
"Royal","Royal",52.7496594241126,0.0327771086260203
"Rudd","Rudd",111.862223730946,0.0695079418219218
"Runnells","Runnells",241.609076020286,0.150128873175801
"Russell","Russell",235.486114961783,0.146324242739918
"Ruthven","Ruthven",52.1115412446504,0.0323806004947297
"Rutland","Rutland",265.254154363306,0.164821239150882
"Ryan","Ryan",246.731202332625,0.153311613924625
"Sabula","Sabula",312.9132762009,0.19443523534623
"Sac City","Lytton",11105.471920733,6.90061819285777
"Sageville","Dubuque",5780.89034283709,3.59207761321902
"Salem","Salem",179.776976619511,0.111708199739042
"Salix","Salix",2701.46019841484,1.67860902494923
"Sanborn","Sanborn",102.295177744041,0.0635632568899926
"Sandyville","Pleasantville",9655.99070160684,5.99995259824814
"Saylorville","Ankeny",4877.24651354839,3.03057954337008
"Scarville","Scarville",45.0824486342492,0.0280129261903121
"Schaller","Schaller",362.2949877974,0.225119598862658
"Schleswig","Schleswig",255.65757172462,0.158858201000099
"Scranton","Scranton",391.402874309347,0.243206395412473
"Searsboro","Lynnville",6974.1736838498,4.33354927610743
"Sergeant Bluff","Salix",9142.19364842575,5.68069400951596
"Sexton","Wesley",8015.94601638075,4.98087639214453
"Seymour","Seymour",121.461835856635,0.0754728624080732
"Shambaugh","Shambaugh",49.9388717831485,0.0310305666987668
"Shannon City","Arispe",6482.9733863709,4.02833165606267
"Sharpsburg","Sharpsburg",141.225247151447,0.087753273047742
"Sheffield","Sheffield",714.29141431307,0.443839970403127
"Shelby","Shelby",920.921680778418,0.572234025706966
"Sheldahl","Sheldahl",136.759159421442,0.0849781756488605
"Sheldon","Sheldon",152.311449954,0.0946419179693666
"Shell Rock","Waverly",9176.25615972451,5.70185946622418
"Shellsburg","Shellsburg",115.565839717673,0.0718092613912101
"Shenandoah","Shenandoah",435.954452817363,0.270889454301578
"Sherrill","Sherrill",43.8060675158058,0.0272198199783638
"Shueyville","Swisher",3587.6288261117,2.22924851130986
"Sibley","Sibley",171.634638704122,0.106648787086219
"Sidney","Sidney",148.578935093704,0.0923226414781099
"Sigourney","Sigourney",28.794767517583,0.0178922334871681
"Silver City","Glenwood",11479.7148239276,7.13316187985872
"Sioux Center","Maurice",11853.2766807559,7.36528238439799
"Sioux City","Hinton",15475.552640433,9.61605961973848
"Sioux Rapids","Rembrandt",7533.44290967142,4.68106295422544
"Slater","Slater",103.026262335334,0.0640175316535687
"Sloan","Sloan",145.080115302793,0.0901485763258116
"Smithland","Smithland",70.2124503843964,0.0436279805078028
"Soldier","Soldier",118.12120459613,0.0733970910211016
"Solon","Solon",274.1936801275,0.170376001214505
"Somers","Somers",27.3066515025579,0.0169675613507959
"South Amana","Marengo",8939.02219647164,5.55444916124378
"South English","Keswick",12478.6536497893,7.7538734970232
"Spencer","Spencer",193.227489640897,0.120065958465654
"Spillville","Spillville",65.0397771007542,0.0404138313368727
"Spirit Lake","Okoboji",3710.88688362178,2.30583749376295
"Spragueville","Preston",3834.7894704128,2.38282696801987
"Spring Hill","Martensdale",8651.77704813232,5.37596335617503
"Springbrook","Springbrook",237.76299676686,0.14773903106402
"Springville","Springville",338.683675712094,0.2104482142609
"St. Ansgar","Stacyville",12821.3646512912,7.96682417473745
"St. Anthony","Clemons",3409.32179547343,2.11845369337512
"St. Benedict","Wesley",7871.26088912239,4.89097324993487
"St. Charles","Bevington",8049.24037101802,5.00156453857984
"St. Donatus","Zwingle",14143.7654543654,8.78852568414445
"St. Joseph","Livermore",6145.68519855096,3.81875055750881
"St. Lucas","Waucoma",8307.99485256804,5.16234706953505
"St. Marys","Martensdale",7309.13132594581,4.54168224113428
"St. Olaf","Farmersburg",3836.16424092652,2.38368121054875
"St. Paul","Houghton",8047.88626321702,5.00072313526142
"Stacyville","Stacyville",207.037272456257,0.128646957023417
"Stanhope","Stanhope",37.1817823893163,0.0231036813050318
"Stanley","Aurora",7213.62885167855,4.48233977319635
"Stanton","Stanton",58.9470732953463,0.0366280018806027
"Stanwood","Stanwood",184.828813655775,0.114847264770103
"State Center","Melbourne",9776.47878554751,6.07482039945444
"Steamboat Rock","Eldora",6048.52979267409,3.75838100580369
"Stockport","Stockport",71.0152231201295,0.044126800205378
"Stockton","Stockton",19.7896815564365,0.0122967342184045
"Stone City","Anamosa",6375.2121990297,3.96137197932329
"Storm Lake","Alta",8893.45455787201,5.52613475207949
"Story City","Randall",5706.5726612537,3.54589876109587
"Stout","Stout",78.6549165803939,0.0488738841704759
"Stratford","Stratford",216.198259994838,0.134339329011252
"Strawberry Point","Dundee",11283.2515638667,7.01108530749144
"Struble","Maurice",7971.58525035632,4.95331189859916
"Stuart","Stuart",310.678372703338,0.193046531125046
"Sully","Sully",85.7224775904541,0.0532654616228581
"Sumner","Sumner",92.3813551751674,0.057403095046549
"Sun Valley Lake","Ellston",3824.08839484483,2.37617762999313
"Superior","Superior",248.853336872865,0.154630246786029
"Sutherland","Sutherland",247.31794914836,0.153676201380266
"Swaledale","Swaledale",163.894468312263,0.101839269669659
"Swan","Runnells",6676.54586473132,4.14861198051396
"Swea City","Bancroft",12547.253290861,7.79649932459561
"Swisher","Swisher",284.622569589398,0.176856210688334
"Tabor","Tabor",209.883842046786,0.130415732816454
"Tama","Tama",341.729555866549,0.212340835858353
"Templeton","Templeton",89.5953409236996,0.0556719465851001
"Tennant","Portsmouth",8961.23190229901,5.56824962836344
"Terril","Terril",199.429856382549,0.123919929290281
"Thayer","Thayer",56.3701447926505,0.035026773239954
"Thompson","Thompson",251.052226218726,0.155996572857756
"Thor","Thor",191.975742591263,0.119288159149675
"Thornburg","Thornburg",108.726007989008,0.067559188310138
"Thornton","Thornton",405.208913428003,0.251785067745671
"Thurman","Thurman",231.394649734744,0.143781924900327
"Tiffin","Tiffin",694.66042707932,0.431641844234704
"Tingley","Tingley",115.153984262719,0.0715533463553101
"Tipton","Tipton",203.710995138454,0.126580104760176
"Titonka","Titonka",29.614087821009,0.0184013353634282
"Toeterville","Stacyville",8856.38907160902,5.50310333381477
"Toledo","Toledo",303.552354684364,0.188618630182578
"Toronto","Lowden",7039.55202244767,4.37417347974033
"Traer","Traer",172.292047771327,0.107057282015717
"Treynor","Treynor",95.4676763910775,0.0593208455468002
"Tripoli","Tripoli",307.21164026411,0.190892404122551
"Truesdale","Truesdale",39.3332558798352,0.0244405445393091
"Truro","Truro",144.520150745463,0.0898006305888593
"Turin","Castana",7461.88351470819,4.63659802141774
"Twin Lakes","Jolley",6890.8990642605,4.28180484245861
"Udell","Unionville",5739.47418034787,3.56634281091694
"Underwood","Underwood",521.91003230822,0.324299758685391
"Union","Union",184.050420445239,0.114363593802478
"Unionville","Unionville",102.281595897551,0.063554817524457
"University Heights","Tiffin",10104.4882191892,6.27863594924581
"University Park","Oskaloosa",2032.81547534575,1.26313258473107
"Urbana","Urbana",498.731744397625,0.309897442748097
"Urbandale","Grimes",5630.88537118556,3.49886887397894
"Ute","Ute",29.6347764271735,0.0184141906633292
"Vail","Vail",241.938535424935,0.150333589695527
"Valeria","Mingo",5377.41543341042,3.34137000527367
"Van Horne","Keystone",9035.5818030846,5.61444850056448
"Van Meter","Waukee",10754.4497508252,6.68250319612002
"Van Wert","Weldon",5789.96433833276,3.59771593087416
"Varina","Varina",79.6878350362155,0.0495157097442883
"Ventura","Ventura",368.620567852987,0.229050130867378
"Victor","Victor",159.449276306269,0.0990771562677026
"Villisca","Villisca",96.0586292353333,0.0596880465065883
"Vincent","Vincent",80.044758770178,0.0497374918017843
"Vining","Vining",342.275009759639,0.212679765089357
"Vinton","Vinton",176.056089731781,0.109396148532726
"Volga","Volga",131.735930307821,0.0818568867513011
"Wadena","Wadena",303.105658215783,0.188341065951199
"Wahpeton","Okoboji",3746.46036530566,2.32794182365034
"Walcott","Walcott",676.342999606749,0.420259926008645
"Walford","Walford",214.060887219831,0.133011227552674
"Walker","Walker",59.9398738049948,0.0372448993260834
"Wall Lake","Breda",13802.1621689527,8.57626330908432
"Wallingford","Wallingford",158.154033768142,0.0982723301165439
"Walnut","Walnut",815.589769889356,0.506783830905919
"Wapello","Wapello",228.587161416704,0.142037433076659
"Washburn","Gilbertville",4610.59875756254,2.86489236058539
"Washington","Washington",362.729408388177,0.22538953521957
"Washta","Washta",161.377287665879,0.100275166614235
"Waterloo","Waterloo",688.265425848882,0.427668175925146
"Waterville","Waukon",16162.4430619756,10.0428734078628
"Watkins","Norway",5360.47662163338,3.33084471886096
"Waucoma","Waucoma",163.208925873997,0.101413293479251
"Waukee","Waukee",980.884928040078,0.609493448621191
"Waukon","Waukon",158.882182703652,0.0987247807487508
"Waverly","Waverly",316.992110269718,0.196969704550405
"Wayland","Wayland",82.1605514725313,0.0510521840290383
"Webb","Webb",95.4675894138613,0.0593207915016804
"Webster","Keswick",6065.46087469557,3.76890148917046
"Webster City","Kamrar",11314.1777205572,7.03030192440033
"Weldon","Weldon",75.7675450266597,0.0470797552207606
"Wellman","Wellman",83.2776467152082,0.0517463146170756
"Wellsburg","Wellsburg",96.471703850787,0.0599447190934674
"Welton","Welton",39.6706602479334,0.0246501978289186
"Wesley","Wesley",187.183687344542,0.116310514988966
"West Amana","Marengo",8642.82871091904,5.37040311893247
"West Bend","Ottosen",8859.70114309041,5.50516135898323
"West Branch","Atalissa",19027.0611342271,11.8228640040358
"West Burlington","Burlington",4093.51515434079,2.54359160496789
"West Chester","Washington",11366.8994651984,7.06306168758982
"West Des Moines","Waukee",8899.45998140249,5.52986634810405
"West Liberty","Atalissa",7923.65616316641,4.92353015376288
"West Okoboji","Milford",2768.44141508353,1.72022921053187
"West Point","Donnellson",12225.749443602,7.59672615752039
"West Union","Hawkeye",11764.6745654983,7.31022759943827
"Westfield","Westfield",196.669584986409,0.12220477669259
"Westgate","Maynard",9671.55431742058,6.00962337776994
"Weston","Underwood",6788.33165915638,4.21807243138166
"Westphalia","Earling",6525.22066944312,4.05458289259254
"Westside","Westside",218.079910596601,0.13550853212732
"Westwood","Lockridge",10966.0547683445,6.813988417461
"What Cheer","Thornburg",6350.90001770411,3.94626509490082
"Wheatland","Wheatland",151.623983419058,0.0942147462010834
"Whiting","Whiting",223.435207904661,0.138836158570927
"Whittemore","Whittemore",166.415041240715,0.103405480590785
"Whitten","Whitten",470.126884569312,0.292123212391718
"Willey","Dedham",7683.06990006531,4.77403682687348
"Williams","Williams",351.124487338296,0.218178573821885
"Williamsburg","Williamsburg",356.760126985838,0.221680396865317
"Williamson","Williamson",29.393110894845,0.0182640267098407
"Wilton","Wilton",542.347845892518,0.33699922335008
"Windsor Heights","Johnston",8850.45767291516,5.49941773467696
"Winfield","Winfield",209.394640912002,0.130111757418132
"Winterset","Winterset",991.20038612546,0.615903175127163
"Winthrop","Winthrop",279.916286041475,0.173931862573877
"Wiota","Wiota",106.613233583268,0.0662463715648689
"Woden","Woden",152.559706555612,0.0947961774221671
"Woodbine","Woodbine",402.98400637634,0.250402575026073
"Woodburn","Woodburn",168.434022573405,0.104660017040459
"Woodward","Woodward",465.369192641953,0.289166920601123
"Woolstock","Woolstock",356.538984181635,0.221542985139927
"Worthington","Worthington",215.580119967754,0.133955234724483
"Wyoming","Wyoming",26.3354698659812,0.0163640972460946
"Yale","Yale",169.840230863426,0.105533794091838
"Yetter","Auburn",7900.13516349992,4.90891488667911
"Yorktown","Yorktown",185.619643044604,0.115338663218269
"Zearing","Zearing",300.138256682178,0.186497208692862
"Zwingle","Zwingle",119.615962271876,0.0743258900928376
