"City","county","district_school_id","public","type","center","geometry","dist"
"Alleman","Polk",412,TRUE,"Elementary",c(-97.8815036369282, 49.1094137075578),c(-93.613704, 41.818529),8.44814261005723
"Ames","Story",440,TRUE,"Elementary",c(-97.9020890257274, 49.1749009324551),c(-93.626421, 42.042006),8.31622072720965
"Ames","Story",961,TRUE,"Elementary",c(-97.9020890257274, 49.1749009324551),c(-93.618975, 42.051193),8.31217663818008
"Ames","Story",8104,TRUE,"Elementary",c(-97.9020890257274, 49.1749009324551),c(-93.630255, 42.05011),8.30729870502781
"Ames","Story",456,TRUE,"Elementary",c(-97.9020890257274, 49.1749009324551),c(-93.600105, 41.990178),8.37420504727224
"Ankeny","Polk",447,TRUE,"Elementary",c(-97.8796103875634, 49.0856436278411),c(-93.589447, 41.744444),8.50286503878569
"Ankeny","Polk",418,TRUE,"Elementary",c(-97.8796103875634, 49.0856436278411),c(-93.609939, 41.753021),8.48513101608366
"Ankeny","Polk",8504,TRUE,"Elementary",c(-97.8796103875634, 49.0856436278411),c(-93.623057, 41.731844),8.49685916722253
"Ankeny","Polk",405,TRUE,"Elementary",c(-97.8796103875634, 49.0856436278411),c(-93.589648, 41.729636),8.5155519790302
"Ankeny","Polk",8503,TRUE,"High",c(-97.8796103875634, 49.0856436278411),c(-93.623057, 41.731844),8.49685916722253
"Ankeny","Polk",8503,TRUE,"Middle",c(-97.8796103875634, 49.0856436278411),c(-93.623057, 41.731844),8.49685916722253
"Aurelia","Cherokee",251,TRUE,"Middle",c(-98.5443672673991, 49.3451143612008),c(-95.429754, 42.714287),7.32589157028056
"Bettendorf","Scott",411,TRUE,"Elementary",c(-96.7929981166125, 49.1087879738094),c(-90.483735, 41.544807),9.84990402221248
"Bettendorf","Scott",8114,TRUE,"Elementary",c(-96.7929981166125, 49.1087879738094),c(-90.51181, 41.528303),9.8446471036002
"Bettendorf","Scott",8114,TRUE,"Middle",c(-96.7929981166125, 49.1087879738094),c(-90.51181, 41.528303),9.8446471036002
"Bettendorf","Scott",8110,TRUE,"Elementary",c(-96.7929981166125, 49.1087879738094),c(-90.506308, 41.530363),9.84657289141615
"Bettendorf","Scott",8110,TRUE,"High",c(-96.7929981166125, 49.1087879738094),c(-90.506308, 41.530363),9.84657289141615
"Bettendorf","Scott",8110,TRUE,"Middle",c(-96.7929981166125, 49.1087879738094),c(-90.506308, 41.530363),9.84657289141615
"Bettendorf","Scott",407,TRUE,"Elementary",c(-96.7929981166125, 49.1087879738094),c(-90.477744, 41.58261),9.82475391299165
"Bloomfield","Davis",428,TRUE,"Middle",c(-97.4216512694424, 48.8158751262916),c(-92.408777, 40.754657),9.49274175993902
"Bondurant","Polk",209,TRUE,"Middle",c(-97.826809190028, 49.0777460080881),c(-93.464561, 41.698711),8.57201066973158
"Burlington","Des Moines",208,TRUE,"Middle",c(-96.9742572730532, 48.8653032745922),c(-91.137895, 40.795359),9.95927332576739
"Carroll","Carroll",8002,TRUE,"Elementary",c(-98.3239785977903, 49.1614127080017),c(-94.865389, 42.059272),7.89950913931987
"Carroll","Carroll",8002,TRUE,"High",c(-98.3239785977903, 49.1614127080017),c(-94.865389, 42.059272),7.89950913931987
"Carroll","Carroll",8002,TRUE,"Middle",c(-98.3239785977903, 49.1614127080017),c(-94.865389, 42.059272),7.89950913931987
"Carter Lake","Pottawattamie",422,TRUE,"Elementary",c(-98.6564308227282, 48.9073864753789),c(-95.916467, 41.290322),8.0948794291168
"Cascade","Dubuque",8150,TRUE,"Elementary",c(-97.0134707261491, 49.3179111423752),c(-91.019908, 42.299037),9.22970142414081
"Cascade","Dubuque",8150,TRUE,"Middle",c(-97.0134707261491, 49.3179111423752),c(-91.019908, 42.299037),9.22970142414081
"Cedar Falls","Black Hawk",8113,TRUE,"Elementary",c(-97.5186655704079, 49.3486768430577),c(-92.446831, 42.532655),8.49597902978958
"Cedar Falls","Black Hawk",8113,TRUE,"Middle",c(-97.5186655704079, 49.3486768430577),c(-92.446831, 42.532655),8.49597902978958
"Cedar Rapids","Linn",569,TRUE,"Elementary",c(-97.22609023223, 49.2069299859141),c(-91.675791, 42.022844),9.07837612242964
"Cedar Rapids","Linn",610,TRUE,"Elementary",c(-97.22609023223, 49.2069299859141),c(-91.666068, 41.950253),9.14183833267616
"Cedar Rapids","Linn",8220,TRUE,"Elementary",c(-97.22609023223, 49.2069299859141),c(-91.671671, 42.005831),9.09436086881864
"Cedar Rapids","Linn",8220,TRUE,"Middle",c(-97.22609023223, 49.2069299859141),c(-91.671671, 42.005831),9.09436086881864
"Cedar Rapids","Linn",433,TRUE,"Elementary",c(-97.22609023223, 49.2069299859141),c(-91.752443, 41.971291),9.07277716894774
"Cedar Rapids","Linn",8214,TRUE,"Elementary",c(-97.22609023223, 49.2069299859141),c(-91.689919, 41.969857),9.11177355491338
"Cedar Rapids","Linn",8214,TRUE,"Middle",c(-97.22609023223, 49.2069299859141),c(-91.689919, 41.969857),9.11177355491338
"Cedar Rapids","Linn",636,TRUE,"Elementary",c(-97.22609023223, 49.2069299859141),c(-91.713228, 42.03933),9.04246313509895
"Cedar Rapids","Linn",232,TRUE,"Middle",c(-97.22609023223, 49.2069299859141),c(-91.738942, 41.978461),9.07521677993353
"Cedar Rapids","Linn",608,TRUE,"Elementary",c(-97.22609023223, 49.2069299859141),c(-91.710603, 41.953231),9.11245018571533
"Cedar Rapids","Linn",951,TRUE,"Elementary",c(-97.22609023223, 49.2069299859141),c(-91.666611, 41.905046),9.17743532133817
"Cedar Rapids","Linn",951,TRUE,"High",c(-97.22609023223, 49.2069299859141),c(-91.666611, 41.905046),9.17743532133817
"Cedar Rapids","Linn",951,TRUE,"Middle",c(-97.22609023223, 49.2069299859141),c(-91.666611, 41.905046),9.17743532133817
"Cedar Rapids","Linn",214,TRUE,"Middle",c(-97.22609023223, 49.2069299859141),c(-91.653297, 42.025633),9.08994228854548
"Cedar Rapids","Linn",627,TRUE,"Elementary",c(-97.22609023223, 49.2069299859141),c(-91.721383, 41.985209),9.08047662355658
"Cedar Rapids","Linn",8200,TRUE,"Elementary",c(-97.22609023223, 49.2069299859141),c(-91.648681, 42.024254),9.09386210926863
"Cedar Rapids","Linn",505,TRUE,"Elementary",c(-97.22609023223, 49.2069299859141),c(-91.725472, 41.971349),9.08902817359827
"Cedar Rapids","Linn",8216,TRUE,"Middle",c(-97.22609023223, 49.2069299859141),c(-91.646919, 42.002597),9.11205604737331
"Chariton","Lucas",439,TRUE,"Elementary",c(-97.7431930033306, 48.8760570992503),c(-93.310785, 41.023029),9.0175546039713
"Clarinda","Page",8202,TRUE,"Elementary",c(-98.3307878970784, 48.756056648692),c(-95.04505, 40.74595),8.65782201547922
"Clarinda","Page",8202,TRUE,"Middle",c(-98.3307878970784, 48.756056648692),c(-95.04505, 40.74595),8.65782201547922
"Clinton","Clinton",516,TRUE,"Elementary",c(-96.7163407733484, 49.2020733496578),c(-90.25054, 41.844528),9.79489934674696
"Clinton","Clinton",480,TRUE,"Elementary",c(-96.7163407733484, 49.2020733496578),c(-90.19686, 41.873826),9.80850848864526
"Coralville","Johnson",493,TRUE,"Elementary",c(-97.1797818727715, 49.1222887937995),c(-91.575666, 41.705263),9.2961490059775
"Coralville","Johnson",213,TRUE,"Middle",c(-97.1797818727715, 49.1222887937995),c(-91.585515, 41.681809),9.30895060711611
"Coralville","Johnson",403,TRUE,"Elementary",c(-97.1797818727715, 49.1222887937995),c(-91.571292, 41.676337),9.32187517447892
"Coralville","Johnson",406,TRUE,"Elementary",c(-97.1797818727715, 49.1222887937995),c(-91.584299, 41.684289),9.30769947473813
"Council Bluffs","Pottawattamie",544,TRUE,"Elementary",c(-98.6340981676943, 48.8948010207342),c(-95.869056, 41.266643),8.11383096807045
"Council Bluffs","Pottawattamie",8100,TRUE,"Elementary",c(-98.6340981676943, 48.8948010207342),c(-95.852246, 41.218217),8.16508687708203
"Council Bluffs","Pottawattamie",212,TRUE,"Middle",c(-98.6340981676943, 48.8948010207342),c(-95.831134, 41.27219),8.12162587779051
"Council Bluffs","Pottawattamie",245,TRUE,"Middle",c(-98.6340981676943, 48.8948010207342),c(-95.874858, 41.268525),8.11008583477654
"Council Bluffs","Pottawattamie",481,TRUE,"Elementary",c(-98.6340981676943, 48.8948010207342),c(-95.836264, 41.272733),8.11934707612727
"Council Bluffs","Pottawattamie",499,TRUE,"Elementary",c(-98.6340981676943, 48.8948010207342),c(-95.859016, 41.242114),8.14031324180885
"Council Bluffs","Pottawattamie",8004,TRUE,"Elementary",c(-98.6340981676943, 48.8948010207342),c(-95.821227, 41.260942),8.1356037117408
"Council Bluffs","Pottawattamie",8004,TRUE,"High",c(-98.6340981676943, 48.8948010207342),c(-95.821227, 41.260942),8.1356037117408
"Council Bluffs","Pottawattamie",8004,TRUE,"Middle",c(-98.6340981676943, 48.8948010207342),c(-95.821227, 41.260942),8.1356037117408
"Crescent","Pottawattamie",425,TRUE,"Elementary",c(-98.6392080961571, 48.9297539711538),c(-95.853709, 41.364599),8.06167321046104
"Creston","Union",8101,TRUE,"Elementary",c(-98.1104332095561, 48.8668468158951),c(-94.36466, 41.054979),8.66349211983516
"Creston","Union",8101,TRUE,"Middle",c(-98.1104332095561, 48.8668468158951),c(-94.36466, 41.054979),8.66349211983516
"Danbury","Woodbury",8103,TRUE,"Elementary",c(-98.6239132996875, 49.1957779250275),c(-95.717779, 42.236783),7.54143401047696
"Davenport","Scott",526,TRUE,"Elementary",c(-96.8309045945309, 49.1025433148637),c(-90.535945, 41.536973),9.8419698478467
"Davenport","Scott",427,TRUE,"Elementary",c(-96.8309045945309, 49.1025433148637),c(-90.561397, 41.549204),9.81629564975233
"Davenport","Scott",8109,TRUE,"Elementary",c(-96.8309045945309, 49.1025433148637),c(-90.560599, 41.54286),9.82168743494895
"Davenport","Scott",8109,TRUE,"Middle",c(-96.8309045945309, 49.1025433148637),c(-90.560599, 41.54286),9.82168743494895
"Davenport","Scott",463,TRUE,"Elementary",c(-96.8309045945309, 49.1025433148637),c(-90.622255, 41.512529),9.8058985864379
"Davenport","Scott",8115,TRUE,"Elementary",c(-96.8309045945309, 49.1025433148637),c(-90.599018, 41.563342),9.78140925394375
"Davenport","Scott",8115,TRUE,"Middle",c(-96.8309045945309, 49.1025433148637),c(-90.599018, 41.563342),9.78140925394375
"Davenport","Scott",535,TRUE,"Elementary",c(-96.8309045945309, 49.1025433148637),c(-90.606196, 41.5234),9.8076710015207
"Davenport","Scott",475,TRUE,"Elementary",c(-96.8309045945309, 49.1025433148637),c(-90.649366, 41.532359),9.77338784438045
"Davenport","Scott",127,TRUE,"High",c(-96.8309045945309, 49.1025433148637),c(-90.591047, 41.558427),9.79027649110165
"Davenport","Scott",8212,TRUE,"Elementary",c(-96.8309045945309, 49.1025433148637),c(-90.589906, 41.545508),9.80096149400832
"Davenport","Scott",8212,TRUE,"Middle",c(-96.8309045945309, 49.1025433148637),c(-90.589906, 41.545508),9.80096149400832
"Davenport","Scott",573,TRUE,"Elementary",c(-96.8309045945309, 49.1025433148637),c(-90.610118, 41.577734),9.76324439311825
"Davenport","Scott",508,TRUE,"Elementary",c(-96.8309045945309, 49.1025433148637),c(-90.573321, 41.538259),9.81711513829982
"Davenport","Scott",414,TRUE,"Elementary",c(-96.8309045945309, 49.1025433148637),c(-90.629505, 41.566275),9.75974882077744
"Davenport","Scott",962,TRUE,"Elementary",c(-96.8309045945309, 49.1025433148637),c(-90.622255, 41.512529),9.8058985864379
"Davenport","Scott",116,TRUE,"High",c(-96.8309045945309, 49.1025433148637),c(-90.580203, 41.574527),9.78479943896272
"Davenport","Scott",218,TRUE,"Middle",c(-96.8309045945309, 49.1025433148637),c(-90.554328, 41.538331),9.82917706073854
"Davenport","Scott",205,TRUE,"Middle",c(-96.8309045945309, 49.1025433148637),c(-90.600303, 41.579214),9.7683611834155
"Denver","Bremer",309,TRUE,"Elementary",c(-97.484416590954, 49.3973846263053),c(-92.330525, 42.668666),8.47574497512131
"Des Moines","Polk",236,TRUE,"Middle",c(-97.8758327066883, 49.0412738171324),c(-93.616215, 41.627682),8.55018635107942
"Des Moines","Polk",616,TRUE,"Elementary",c(-97.8758327066883, 49.0412738171324),c(-93.650365, 41.548238),8.60233474686347
"Des Moines","Polk",8108,TRUE,"Elementary",c(-97.8758327066883, 49.0412738171324),c(-93.606554, 41.601732),8.57750098363408
"Des Moines","Polk",8108,TRUE,"Middle",c(-97.8758327066883, 49.0412738171324),c(-93.606554, 41.601732),8.57750098363408
"Des Moines","Polk",8117,TRUE,"Elementary",c(-97.8758327066883, 49.0412738171324),c(-93.623344, 41.531935),8.6298221112027
"Des Moines","Polk",8117,TRUE,"Middle",c(-97.8758327066883, 49.0412738171324),c(-93.623344, 41.531935),8.6298221112027
"Des Moines","Polk",445,TRUE,"Elementary",c(-97.8758327066883, 49.0412738171324),c(-93.604747, 41.623238),8.5597563340399
"Des Moines","Polk",435,TRUE,"Elementary",c(-97.8758327066883, 49.0412738171324),c(-93.610485, 41.600358),8.57673709848927
"Des Moines","Polk",8120,TRUE,"Elementary",c(-97.8758327066883, 49.0412738171324),c(-93.561202, 41.628854),8.57671298811581
"Des Moines","Polk",8120,TRUE,"High",c(-97.8758327066883, 49.0412738171324),c(-93.561202, 41.628854),8.57671298811581
"Des Moines","Polk",8120,TRUE,"Middle",c(-97.8758327066883, 49.0412738171324),c(-93.561202, 41.628854),8.57671298811581
"Des Moines","Polk",114,TRUE,"High",c(-97.8758327066883, 49.0412738171324),c(-93.682962, 41.636719),8.50926535036506
"Des Moines","Polk",598,TRUE,"Elementary",c(-97.8758327066883, 49.0412738171324),c(-93.674401, 41.592094),8.55232765590388
"Des Moines","Polk",923,TRUE,"Elementary",c(-97.8758327066883, 49.0412738171324),c(-93.664703, 41.634025),8.52061901773938
"Des Moines","Polk",194,TRUE,"High",c(-97.8758327066883, 49.0412738171324),c(-93.641783, 41.584446),8.57504857205292
"Des Moines","Polk",688,TRUE,"Elementary",c(-97.8758327066883, 49.0412738171324),c(-93.539667, 41.613891),8.60048536700651
"Des Moines","Polk",724,TRUE,"Elementary",c(-97.8758327066883, 49.0412738171324),c(-93.690172, 41.628785),8.51262274599475
"Des Moines","Polk",751,TRUE,"Elementary",c(-97.8758327066883, 49.0412738171324),c(-93.624793, 41.632436),8.54179234051096
"Des Moines","Polk",715,TRUE,"Elementary",c(-97.8758327066883, 49.0412738171324),c(-93.658523, 41.614457),8.54068552268306
"Des Moines","Polk",739,TRUE,"Elementary",c(-97.8758327066883, 49.0412738171324),c(-93.532103, 41.62261),8.59677617461312
"Des Moines","Polk",503,TRUE,"Elementary",c(-97.8758327066883, 49.0412738171324),c(-93.617504, 41.623221),8.55341282599943
"Des Moines","Polk",647,TRUE,"Elementary",c(-97.8758327066883, 49.0412738171324),c(-93.602409, 41.535445),8.63710694671432
"Des Moines","Polk",855,TRUE,"Elementary",c(-97.8758327066883, 49.0412738171324),c(-93.616106, 41.545395),8.62168607969507
"Des Moines","Polk",778,TRUE,"Elementary",c(-97.8758327066883, 49.0412738171324),c(-93.572442, 41.607827),8.58925509910768
"Des Moines","Polk",859,TRUE,"Elementary",c(-97.8758327066883, 49.0412738171324),c(-93.551468, 41.605495),8.60179845926224
"Des Moines","Polk",886,TRUE,"Elementary",c(-97.8758327066883, 49.0412738171324),c(-93.636415, 41.524672),8.62971409544374
"Des Moines","Polk",272,TRUE,"Middle",c(-97.8758327066883, 49.0412738171324),c(-93.690182, 41.582963),8.55254769547382
"Des Moines","Polk",8509,TRUE,"High",c(-97.8758327066883, 49.0412738171324),c(-93.560975, 41.643995),8.56374514610068
"Des Moines","Polk",790,TRUE,"Elementary",c(-97.8758327066883, 49.0412738171324),c(-93.577462, 41.558003),8.62990920315281
"Des Moines","Polk",8107,TRUE,"Elementary",c(-97.8758327066883, 49.0412738171324),c(-93.676893, 41.584558),8.5576693928824
"Des Moines","Polk",8107,TRUE,"Middle",c(-97.8758327066883, 49.0412738171324),c(-93.676893, 41.584558),8.5576693928824
"Des Moines","Polk",8505,TRUE,"Elementary",c(-97.8758327066883, 49.0412738171324),c(-93.679431, 41.580857),8.55964989758626
"Des Moines","Polk",8505,TRUE,"Middle",c(-97.8758327066883, 49.0412738171324),c(-93.679431, 41.580857),8.55964989758626
"Des Moines","Polk",589,TRUE,"Elementary",c(-97.8758327066883, 49.0412738171324),c(-93.603089, 41.558675),8.61659003557647
"Des Moines","Polk",931,TRUE,"Elementary",c(-97.8758327066883, 49.0412738171324),c(-93.635387, 41.539471),8.61733284134407
"Des Moines","Polk",562,TRUE,"Elementary",c(-97.8758327066883, 49.0412738171324),c(-93.693743, 41.579616),8.55372501865481
"Des Moines","Polk",706,TRUE,"Elementary",c(-97.8758327066883, 49.0412738171324),c(-93.617346, 41.53371),8.63123534028336
"Des Moines","Polk",269,TRUE,"Middle",c(-97.8758327066883, 49.0412738171324),c(-93.684738, 41.633099),8.51154092756567
"Des Moines","Polk",913,TRUE,"Elementary",c(-97.8758327066883, 49.0412738171324),c(-93.699455, 41.600415),8.53279032236348
"Des Moines","Polk",935,TRUE,"Elementary",c(-97.8758327066883, 49.0412738171324),c(-93.641783, 41.584446),8.57504857205292
"Des Moines","Polk",988,TRUE,"High",c(-97.8758327066883, 49.0412738171324),c(-93.654457, 41.590289),8.56371342363555
"Des Moines","Polk",988,TRUE,"Middle",c(-97.8758327066883, 49.0412738171324),c(-93.654457, 41.590289),8.56371342363555
"Des Moines","Polk",760,TRUE,"Elementary",c(-97.8758327066883, 49.0412738171324),c(-93.625657, 41.556246),8.60753361660408
"Des Moines","Polk",266,TRUE,"Middle",c(-97.8758327066883, 49.0412738171324),c(-93.61778, 41.51203),8.64988585536028
"Des Moines","Polk",490,TRUE,"Elementary",c(-97.8758327066883, 49.0412738171324),c(-93.63777, 41.594379),8.56839646160561
"Des Moines","Polk",850,TRUE,"Elementary",c(-97.8758327066883, 49.0412738171324),c(-93.656873, 41.591685),8.56130799299988
"Des Moines","Polk",850,TRUE,"Middle",c(-97.8758327066883, 49.0412738171324),c(-93.656873, 41.591685),8.56130799299988
"Des Moines","Polk",553,TRUE,"Elementary",c(-97.8758327066883, 49.0412738171324),c(-93.666601, 41.582379),8.56462161765683
"Des Moines","Polk",733,TRUE,"Elementary",c(-97.8758327066883, 49.0412738171324),c(-93.628156, 41.60707),8.56213430163347
"Des Moines","Polk",697,TRUE,"Elementary",c(-97.8758327066883, 49.0412738171324),c(-93.605265, 41.573197),8.60290182926664
"Des Moines","Polk",819,TRUE,"Elementary",c(-97.8758327066883, 49.0412738171324),c(-93.671658, 41.640016),8.51197405071357
"Des Moines","Polk",618,TRUE,"Elementary",c(-97.8758327066883, 49.0412738171324),c(-93.63901, 41.611593),8.55282548006065
"Des Moines","Polk",782,TRUE,"Elementary",c(-97.8758327066883, 49.0412738171324),c(-93.520093, 41.587511),8.63313665630787
"Des Moines","Polk",984,TRUE,"Elementary",c(-97.8758327066883, 49.0412738171324),c(-93.628735, 41.585043),8.58097995152721
"Des Moines","Polk",904,TRUE,"Elementary",c(-97.8758327066883, 49.0412738171324),c(-93.559165, 41.591468),8.61006543546245
"Des Moines","Polk",281,TRUE,"Middle",c(-97.8758327066883, 49.0412738171324),c(-93.600456, 41.555332),8.62079873756396
"Des Moines","Polk",863,TRUE,"Elementary",c(-97.8758327066883, 49.0412738171324),c(-93.613388, 41.511948),8.65212009498896
"Des Moines","Polk",620,TRUE,"Elementary",c(-97.8758327066883, 49.0412738171324),c(-93.641424, 41.604079),8.55815890500162
"Des Moines","Polk",8221,TRUE,"Elementary",c(-97.8758327066883, 49.0412738171324),c(-93.695852, 41.61126),8.52510082234017
"Des Moines","Polk",8221,TRUE,"Middle",c(-97.8758327066883, 49.0412738171324),c(-93.695852, 41.61126),8.52510082234017
"Des Moines","Polk",571,TRUE,"Elementary",c(-97.8758327066883, 49.0412738171324),c(-93.694322, 41.615861),8.52184177833542
"Des Moines","Polk",8119,TRUE,"Elementary",c(-97.8758327066883, 49.0412738171324),c(-93.673964, 41.622248),8.52629138040235
"Des Moines","Polk",8119,TRUE,"Middle",c(-97.8758327066883, 49.0412738171324),c(-93.673964, 41.622248),8.52629138040235
"Des Moines","Polk",977,TRUE,"Elementary",c(-97.8758327066883, 49.0412738171324),c(-93.625747, 41.535433),8.62559417584244
"Des Moines","Polk",977,TRUE,"High",c(-97.8758327066883, 49.0412738171324),c(-93.625747, 41.535433),8.62559417584244
"Des Moines","Polk",977,TRUE,"Middle",c(-97.8758327066883, 49.0412738171324),c(-93.625747, 41.535433),8.62559417584244
"Dubuque","Dubuque",8006,TRUE,"Elementary",c(-96.9170096527624, 49.387271608175),c(-90.70623, 42.517509),9.2610702506701
"Dubuque","Dubuque",8006,TRUE,"High",c(-96.9170096527624, 49.387271608175),c(-90.70623, 42.517509),9.2610702506701
"Dubuque","Dubuque",8006,TRUE,"Middle",c(-96.9170096527624, 49.387271608175),c(-90.70623, 42.517509),9.2610702506701
"Dubuque","Dubuque",225,TRUE,"Middle",c(-96.9170096527624, 49.387271608175),c(-90.752385, 42.504911),9.23956084727002
"Dubuque","Dubuque",8127,TRUE,"Elementary",c(-96.9170096527624, 49.387271608175),c(-90.680781, 42.525205),9.27245954127411
"Dubuque","Dubuque",8160,TRUE,"Elementary",c(-96.9170096527624, 49.387271608175),c(-90.720467, 42.509244),9.25766734260425
"Dubuque","Dubuque",522,TRUE,"Elementary",c(-96.9170096527624, 49.387271608175),c(-90.721447, 42.568195),9.21329487059128
"Dubuque","Dubuque",494,TRUE,"Elementary",c(-96.9170096527624, 49.387271608175),c(-90.722123, 42.509111),9.25665781977619
"Dubuque","Dubuque",8136,TRUE,"Elementary",c(-96.9170096527624, 49.387271608175),c(-90.73627, 42.515282),9.24260698234511
"Dubuque","Dubuque",8122,TRUE,"Elementary",c(-96.9170096527624, 49.387271608175),c(-90.674942, 42.486668),9.30493088307596
"Dubuque","Iowa",8134,TRUE,"High",c(-96.9170096527624, 49.387271608175),c(-90.706196, 42.517514),9.261089343291
"Dubuque","Dubuque",8126,TRUE,"Elementary",c(-96.9170096527624, 49.387271608175),c(-90.696973, 42.503934),9.27734835983989
"Dubuque","Dubuque",520,TRUE,"Elementary",c(-96.9170096527624, 49.387271608175),c(-90.665652, 42.504593),9.29788886394008
"Dyersville","Dubuque",8146,TRUE,"High",c(-97.0604709954663, 49.3697331011356),c(-91.114275, 42.472699),9.10638930689473
"Dyersville","Dubuque",8146,TRUE,"Middle",c(-97.0604709954663, 49.3697331011356),c(-91.114275, 42.472699),9.10638930689473
"Dyersville","Dubuque",8001,TRUE,"Elementary",c(-97.0604709954663, 49.3697331011356),c(-91.213305, 42.55547),8.97906074097038
"Dyersville","Delaware",8137,TRUE,"Elementary",c(-97.0604709954663, 49.3697331011356),c(-91.213305, 42.55547),8.97906074097038
"Dysart","Tama",250,TRUE,"Middle",c(-97.4520886982037, 49.2466999447976),c(-92.314171, 42.168664),8.74624440027613
"Evansdale","Black Hawk",200,TRUE,"Middle",c(-97.4566263733054, 49.3370703247458),c(-92.275501, 42.470812),8.6017186373451
"Fairfield","Jefferson",487,TRUE,"Elementary",c(-97.2793487642142, 48.9035427185395),c(-91.970446, 40.998036),9.52268265966867
"Fairfield","Jefferson",486,TRUE,"Elementary",c(-97.2793487642142, 48.9035427185395),c(-91.958376, 41.002989),9.52530840535033
"Farley","Dubuque",8153,TRUE,"Middle",c(-97.0200302523157, 49.3610165832636),c(-91.004814, 42.441847),9.16830051231324
"Fort Dodge","Webster",459,TRUE,"Elementary",c(-98.1058759668691, 49.3079213019203),c(-94.185576, 42.521102),7.83770808764603
"Fort Dodge","Webster",509,TRUE,"Elementary",c(-98.1058759668691, 49.3079213019203),c(-94.198595, 42.496282),7.85272401995148
"Fort Dodge","Webster",454,TRUE,"Elementary",c(-98.1058759668691, 49.3079213019203),c(-94.183555, 42.50123),7.85593076896548
"Fort Dodge","Webster",8206,TRUE,"Elementary",c(-98.1058759668691, 49.3079213019203),c(-94.181664, 42.502066),7.85615083559343
"Fort Dodge","Webster",8206,TRUE,"Middle",c(-98.1058759668691, 49.3079213019203),c(-94.181664, 42.502066),7.85615083559343
"Fort Dodge","Webster",8301,TRUE,"Elementary",c(-98.1058759668691, 49.3079213019203),c(-94.165334, 42.494895),7.87052719856266
"Fort Dodge","Webster",8301,TRUE,"Middle",c(-98.1058759668691, 49.3079213019203),c(-94.165334, 42.494895),7.87052719856266
"Garwin","Tama",172,TRUE,"High",c(-97.5741900760477, 49.2154345421263),c(-92.674655, 42.09468),8.64352874760268
"Garwin","Tama",172,TRUE,"Middle",c(-97.5741900760477, 49.2154345421263),c(-92.674655, 42.09468),8.64352874760268
"Gilbertville","Black Hawk",8008,TRUE,"Elementary",c(-97.4315899286157, 49.3238767576734),c(-92.215588, 42.417619),8.65465610724925
"Gilbertville","Black Hawk",8008,TRUE,"High",c(-97.4315899286157, 49.3238767576734),c(-92.215588, 42.417619),8.65465610724925
"Gilbertville","Black Hawk",8008,TRUE,"Middle",c(-97.4315899286157, 49.3238767576734),c(-92.215588, 42.417619),8.65465610724925
"Granger","Dallas",418,TRUE,"Elementary",c(-97.9523855426824, 49.0893345250393),c(-93.81796, 41.762279),8.41303852570481
"Granger","Dallas",427,TRUE,"Elementary",c(-97.9523855426824, 49.0893345250393),c(-93.820562, 41.761067),8.41281586072168
"Grinnell","Poweshiek",8501,TRUE,"Elementary",c(-97.5740175376601, 49.1076901217043),c(-92.74589, 41.74618),8.80355875722236
"Grinnell","Poweshiek",8501,TRUE,"Middle",c(-97.5740175376601, 49.1076901217043),c(-92.74589, 41.74618),8.80355875722236
"Hiawatha","Linn",558,TRUE,"Elementary",c(-97.2342017490459, 49.2255437908685),c(-91.668234, 42.044207),9.08579083444587
"Hiawatha","Linn",502,TRUE,"Elementary",c(-97.2342017490459, 49.2255437908685),c(-91.679625, 42.038767),9.08312080194948
"Holy Cross","Dubuque",8148,TRUE,"Elementary",c(-97.0245165747146, 49.4088636172295),c(-90.997131, 42.59977),9.09357645563465
"Hull","Sioux",8306,TRUE,"Elementary",c(-98.7995331390351, 49.4768920224527),c(-96.146129, 43.189373),6.82447426420183
"Hull","Sioux",8306,TRUE,"Middle",c(-98.7995331390351, 49.4768920224527),c(-96.146129, 43.189373),6.82447426420183
"Hull","Sioux",8305,TRUE,"Elementary",c(-98.7995331390351, 49.4768920224527),c(-96.129572, 43.19273),6.82783895595044
"Hull","Sioux",8305,TRUE,"Middle",c(-98.7995331390351, 49.4768920224527),c(-96.129572, 43.19273),6.82783895595044
"Hull","Sioux",8309,TRUE,"High",c(-98.7995331390351, 49.4768920224527),c(-96.133871, 43.192707),6.82618019362982
"Indianola","Warren",431,TRUE,"Middle",c(-97.8461057846192, 48.9755652885303),c(-93.539753, 41.35544),8.75277005972946
"Indianola","Warren",436,TRUE,"Elementary",c(-97.8461057846192, 48.9755652885303),c(-93.578438, 41.360427),8.72945126988615
"Inwood","Lyon",8303,TRUE,"Elementary",c(-98.9048441021197, 49.507048899522),c(-96.428286, 43.305169),6.67807265019404
"Inwood","Lyon",8303,TRUE,"Middle",c(-98.9048441021197, 49.507048899522),c(-96.428286, 43.305169),6.67807265019404
"Iowa City","Johnson",488,TRUE,"Elementary",c(-97.158579159266, 49.1107956461011),c(-91.596479, 41.644184),9.31059867330772
"Iowa City","Johnson",468,TRUE,"Elementary",c(-97.158579159266, 49.1107956461011),c(-91.526738, 41.679714),9.32408758400646
"Ireton","Sioux",8311,TRUE,"Elementary",c(-98.8539180494831, 49.4084038411729),c(-96.313151, 42.973754),6.91810781776675
"Ireton","Sioux",8311,TRUE,"Middle",c(-98.8539180494831, 49.4084038411729),c(-96.313151, 42.973754),6.91810781776675
"Jesup","Buchanan",434,TRUE,"Elementary",c(-97.3830461019945, 49.3444574913065),c(-92.015742, 42.57631),8.63804224274027
"Jesup","Buchanan",434,TRUE,"Middle",c(-97.3830461019945, 49.3444574913065),c(-92.015742, 42.57631),8.63804224274027
"Jesup","Buchanan",420,TRUE,"Elementary",c(-97.3830461019945, 49.3444574913065),c(-91.979428, 42.536518),8.69178512789478
"Jesup","Buchanan",420,TRUE,"Middle",c(-97.3830461019945, 49.3444574913065),c(-91.979428, 42.536518),8.69178512789478
"Johnston","Polk",415,TRUE,"Elementary",c(-97.9156088294364, 49.0671548979965),c(-93.736447, 41.678766),8.48844415100058
"Johnston","Polk",432,TRUE,"Elementary",c(-97.9156088294364, 49.0671548979965),c(-93.755863, 41.66668),8.48943543949713
"Kalona","Johnson",8506,TRUE,"High",c(-97.2106491140944, 49.0556846655536),c(-91.788961, 41.540813),9.26649869995419
"Latimer","Franklin",8201,TRUE,"Elementary",c(-97.8416291191697, 49.4016283838174),c(-93.369911, 42.733638),8.02859630919327
"Latimer","Franklin",8201,TRUE,"Middle",c(-97.8416291191697, 49.4016283838174),c(-93.369911, 42.733638),8.02859630919327
"Le Mars","Plymouth",449,TRUE,"Elementary",c(-98.7973765988954, 49.3530290938806),c(-96.166417, 42.775928),7.08379892502216
"Marshalltown","Marshall",491,TRUE,"Elementary",c(-97.6546271492869, 49.1933311127654),c(-92.901555, 42.049789),8.58031985261502
"Mason City","Cerro Gordo",8401,TRUE,"Elementary",c(-97.8031621056601, 49.521991446872),c(-93.187852, 43.146193),7.8709524967785
"Mason City","Cerro Gordo",8401,TRUE,"High",c(-97.8031621056601, 49.521991446872),c(-93.187852, 43.146193),7.8709524967785
"Mason City","Cerro Gordo",8401,TRUE,"Middle",c(-97.8031621056601, 49.521991446872),c(-93.187852, 43.146193),7.8709524967785
"Muscatine","Muscatine",402,TRUE,"Elementary",c(-96.9844615109463, 49.0531012217192),c(-91.027646, 41.442585),9.6645542159223
"Muscatine","Muscatine",461,TRUE,"Elementary",c(-96.9844615109463, 49.0531012217192),c(-91.07506, 41.444433),9.63394303106336
"Neola","Pottawattamie",417,TRUE,"Elementary",c(-98.5596335507777, 48.9607135959096),c(-95.594112, 41.504331),8.02446007434211
"Newhall","Benton",8204,TRUE,"Elementary",c(-97.3261546639326, 49.2017583399449),c(-91.973833, 41.992518),8.97889155036918
"Newhall","Benton",8204,TRUE,"Middle",c(-97.3261546639326, 49.2017583399449),c(-91.973833, 41.992518),8.97889155036918
"Newton","Jasper",408,TRUE,"Elementary",c(-97.6820235743723, 49.0873624071514),c(-93.024438, 41.69578),8.73662371081135
"Newton","Jasper",467,TRUE,"Elementary",c(-97.6820235743723, 49.0873624071514),c(-93.062229, 41.692838),8.71903051476235
"North Liberty","Johnson",401,TRUE,"Elementary",c(-97.1900186539554, 49.136145775322),c(-91.599668, 41.741731),9.26981069405841
"North Liberty","Johnson",497,TRUE,"Elementary",c(-97.1900186539554, 49.136145775322),c(-91.595104, 41.726421),9.28477739265005
"Northwood","Worth",109,TRUE,"High",c(-97.8217257389018, 49.6112267994916),c(-93.222279, 43.454252),7.68526180331998
"Northwood","Worth",109,TRUE,"Middle",c(-97.8217257389018, 49.6112267994916),c(-93.222279, 43.454252),7.68526180331998
"Orange City","Sioux",8317,TRUE,"High",c(-98.7666869136097, 49.4217840319636),c(-96.071646, 43.003808),6.96086645992361
"Orange City","Sioux",8308,TRUE,"Elementary",c(-98.7666869136097, 49.4217840319636),c(-96.065356, 43.004056),6.96307559897742
"Orange City","Sioux",8308,TRUE,"Middle",c(-98.7666869136097, 49.4217840319636),c(-96.065356, 43.004056),6.96307559897742
"Ossian","Winneshiek",8105,TRUE,"Elementary",c(-97.3148227896204, 49.5544200373494),c(-91.758049, 43.143339),8.48408480724192
"Ossian","Winneshiek",8105,TRUE,"Middle",c(-97.3148227896204, 49.5544200373494),c(-91.758049, 43.143339),8.48408480724192
"Ottumwa","Wapello",301,TRUE,"Elementary",c(-97.4353946776589, 48.8960540757833),c(-92.416676, 40.998317),9.35744559608466
"Ottumwa","Wapello",517,TRUE,"Elementary",c(-97.4353946776589, 48.8960540757833),c(-92.399947, 41.01513),9.35225628405794
"Paullina","O'Brien",8203,TRUE,"Elementary",c(-98.6401381710007, 49.4208786064107),c(-95.688217, 42.974194),7.09038652079948
"Paullina","O'Brien",8203,TRUE,"Middle",c(-98.6401381710007, 49.4208786064107),c(-95.688217, 42.974194),7.09038652079948
"Peosta","Dubuque",8157,TRUE,"Elementary",c(-96.9650410972259, 49.3678192810573),c(-90.831933, 42.448893),9.24589399760582
"Pleasant Hill","Polk",438,TRUE,"Middle",c(-97.836340738185, 49.044786015865),c(-93.443525, 41.600392),8.64383204216117
"Pocahontas","Pocahontas",409,TRUE,"Elementary",c(-98.2848434338802, 49.366346686515),c(-94.672859, 42.731585),7.55423683686448
"Pocahontas","Pocahontas",8102,TRUE,"Elementary",c(-98.2848434338802, 49.366346686515),c(-94.662307, 42.732611),7.55838735269185
"Primghar","O'Brien",424,TRUE,"Elementary",c(-98.6230018576732, 49.4545076163534),c(-95.627524, 43.089067),7.03503531164784
"Remsen","Plymouth",8000,TRUE,"Elementary",c(-98.7304864146512, 49.3656817321515),c(-95.96926, 42.811161),7.11239153458043
"Remsen","Plymouth",8000,TRUE,"High",c(-98.7304864146512, 49.3656817321515),c(-95.96926, 42.811161),7.11239153458043
"Remsen","Plymouth",8000,TRUE,"Middle",c(-98.7304864146512, 49.3656817321515),c(-95.96926, 42.811161),7.11239153458043
"Rock Valley","Sioux",8315,TRUE,"Elementary",c(-98.8546269707167, 49.477615033705),c(-96.296736, 43.207313),6.771963807638
"Rock Valley","Sioux",8315,TRUE,"Middle",c(-98.8546269707167, 49.477615033705),c(-96.296736, 43.207313),6.771963807638
"Rock Valley","Sioux",8319,TRUE,"Elementary",c(-98.8546269707167, 49.477615033705),c(-96.288239, 43.196),6.78564916923266
"Rock Valley","Sioux",8319,TRUE,"High",c(-98.8546269707167, 49.477615033705),c(-96.288239, 43.196),6.78564916923266
"Rock Valley","Sioux",8319,TRUE,"Middle",c(-98.8546269707167, 49.477615033705),c(-96.288239, 43.196),6.78564916923266
"Sanborn","O'Brien",8304,TRUE,"Elementary",c(-98.636600385542, 49.4828730956731),c(-95.660502, 43.181501),6.96881997819956
"Sanborn","O'Brien",8304,TRUE,"Middle",c(-98.636600385542, 49.4828730956731),c(-95.660502, 43.181501),6.96881997819956
"Sioux Center","Sioux",8314,TRUE,"Elementary",c(-98.8072623960469, 49.4406413242994),c(-96.173981, 43.071907),6.89165784149766
"Sioux Center","Sioux",8314,TRUE,"Middle",c(-98.8072623960469, 49.4406413242994),c(-96.173981, 43.071907),6.89165784149766
"Sioux City","Woodbury",423,TRUE,"Elementary",c(-98.8621320850782, 49.2638309191635),c(-96.407443, 42.54413),7.15401138854341
"Sioux City","Woodbury",607,TRUE,"Elementary",c(-98.8621320850782, 49.2638309191635),c(-96.339947, 42.46183),7.25455953919272
"Sioux City","Woodbury",145,TRUE,"High",c(-98.8621320850782, 49.2638309191635),c(-96.443962, 42.511841),7.17195332032026
"Sioux City","Woodbury",8217,TRUE,"Elementary",c(-98.8621320850782, 49.2638309191635),c(-96.399373, 42.496954),7.20109752400583
"Sioux City","Woodbury",8106,TRUE,"High",c(-98.8621320850782, 49.2638309191635),c(-96.406448, 42.50146),7.1944454111526
"Sioux City","Woodbury",8116,TRUE,"Middle",c(-98.8621320850782, 49.2638309191635),c(-96.353946, 42.451523),7.25937577363769
"Sioux City","Woodbury",8111,TRUE,"Elementary",c(-98.8621320850782, 49.2638309191635),c(-96.473033, 42.520203),7.15432120822395
"Sioux City","Woodbury",8111,TRUE,"Middle",c(-98.8621320850782, 49.2638309191635),c(-96.473033, 42.520203),7.15432120822395
"Sioux City","Woodbury",601,TRUE,"Elementary",c(-98.8621320850782, 49.2638309191635),c(-96.355638, 42.479247),7.23277896487264
"Sioux City","Woodbury",136,TRUE,"High",c(-98.8621320850782, 49.2638309191635),c(-96.393005, 42.543388),7.15967468478852
"Sioux City","Woodbury",542,TRUE,"Elementary",c(-98.8621320850782, 49.2638309191635),c(-96.425472, 42.507794),7.18201554045336
"Sioux City","Woodbury",220,TRUE,"Middle",c(-98.8621320850782, 49.2638309191635),c(-96.383553, 42.541073),7.16511188472746
"Sioux City","Woodbury",572,TRUE,"Elementary",c(-98.8621320850782, 49.2638309191635),c(-96.36034, 42.463514),7.2459142858594
"Sioux City","Woodbury",580,TRUE,"Elementary",c(-98.8621320850782, 49.2638309191635),c(-96.475135, 42.517538),7.15613186262854
"Sioux City","Woodbury",539,TRUE,"Elementary",c(-98.8621320850782, 49.2638309191635),c(-96.367678, 42.537806),7.17368192741857
"Sioux City","Woodbury",528,TRUE,"Elementary",c(-98.8621320850782, 49.2638309191635),c(-96.394951, 42.498449),7.20120649743583
"Storm Lake","Buena Vista",120,TRUE,"High",c(-98.4621208044959, 49.32883028391),c(-95.195155, 42.647886),7.43694037171573
"Urbandale","Polk",448,TRUE,"Elementary",c(-97.9263413641875, 49.0524912620176),c(-93.743666, 41.625371),8.52390101940731
"Urbandale","Polk",455,TRUE,"Elementary",c(-97.9263413641875, 49.0524912620176),c(-93.796497, 41.636764),8.48814616374166
"Urbandale","Polk",8112,TRUE,"Elementary",c(-97.9263413641875, 49.0524912620176),c(-93.707376, 41.628647),8.53891868862242
"Urbandale","Polk",8112,TRUE,"Middle",c(-97.9263413641875, 49.0524912620176),c(-93.707376, 41.628647),8.53891868862242
"Urbandale","Polk",441,TRUE,"Elementary",c(-97.9263413641875, 49.0524912620176),c(-93.730005, 41.632979),8.52398974000037
"Urbandale","Polk",8502,TRUE,"Elementary",c(-97.9263413641875, 49.0524912620176),c(-93.797413, 41.627208),8.49605090367228
"Walcott","Scott",576,TRUE,"Elementary",c(-96.8958633827749, 49.1105156178185),c(-90.766618, 41.587435),9.70383382712542
"Walcott","Scott",223,TRUE,"Middle",c(-96.8958633827749, 49.1105156178185),c(-90.766618, 41.587435),9.70383382712542
"Waterloo","Black Hawk",554,TRUE,"Elementary",c(-97.480419269183, 49.3416250993243),c(-92.307839, 42.496574),8.5796451671093
"Waterloo","Black Hawk",550,TRUE,"Elementary",c(-97.480419269183, 49.3416250993243),c(-92.36255, 42.462662),8.57395586519508
"Waterloo","Black Hawk",8007,TRUE,"Elementary",c(-97.480419269183, 49.3416250993243),c(-92.344315, 42.464995),8.58298366460362
"Waterloo","Black Hawk",8007,TRUE,"High",c(-97.480419269183, 49.3416250993243),c(-92.344315, 42.464995),8.58298366460362
"Waterloo","Black Hawk",8007,TRUE,"Middle",c(-97.480419269183, 49.3416250993243),c(-92.344315, 42.464995),8.58298366460362
"Waterloo","Black Hawk",215,TRUE,"Middle",c(-97.480419269183, 49.3416250993243),c(-92.361974, 42.465594),8.57194759972882
"Waterloo","Black Hawk",565,TRUE,"Elementary",c(-97.480419269183, 49.3416250993243),c(-92.356899, 42.431267),8.6025292216665
"Waukee","Dallas",421,TRUE,"Elementary",c(-97.9590290789647, 49.0412934352919),c(-93.83356, 41.60617),8.50297333992766
"Waverly","Bremer",8207,TRUE,"Elementary",c(-97.5354924408424, 49.4104429351562),c(-92.472017, 42.728074),8.38408242597571
"Wellsburg","Grundy",8302,TRUE,"Elementary",c(-97.6762770882622, 49.312385233643),c(-92.964284, 42.433266),8.33817487790389
"Wellsburg","Grundy",8302,TRUE,"Middle",c(-97.6762770882622, 49.312385233643),c(-92.964284, 42.433266),8.33817487790389
"West Des Moines","Polk",118,TRUE,"High",c(-97.9273190968752, 49.0329250631061),c(-93.713066, 41.586342),8.55637355894778
"West Des Moines","Polk",472,TRUE,"Elementary",c(-97.9273190968752, 49.0329250631061),c(-93.756452, 41.578004),8.5423638647004
"West Des Moines","Dallas",442,TRUE,"Elementary",c(-97.9273190968752, 49.0329250631061),c(-93.842119, 41.549797),8.52561232055241
"West Des Moines","Polk",450,TRUE,"Elementary",c(-97.9273190968752, 49.0329250631061),c(-93.756523, 41.559272),8.55868156840669
"West Des Moines","Polk",476,TRUE,"Elementary",c(-97.9273190968752, 49.0329250631061),c(-93.781023, 41.573572),8.53426736416387
"West Point","Lee",8602,TRUE,"Elementary",c(-97.0848343177672, 48.8291644925511),c(-91.453666, 40.715214),9.87655047162698
