"NAME","long","lat","GEOID_PS","CENTROID_X (NAD_1983_UTM_Zone_15N)","CENTROID_Y (NAD_1983_UTM_Zone_15N)"
"Ackley",-97.7245976488641,49.3450365296882,"1900190",495662.432122,4711074.43882
"Ackworth",-97.8154889910277,48.977769686258,"1900235",460427.855181,4579445.73091
"Adair",-98.2252737907244,48.9938309041357,"1900370",362771.728909,4595525.43341
"Adel",-98.0154141035589,49.0412694139144,"1900505",414884.18715,4607504.61221
"Afton",-98.0512136146473,48.8606627813594,"1900595",399436.638719,4542595.69674
"Agency",-97.3951959658849,48.8929335821868,"1900640",558287.067834,4538597.95411
"Ainsworth",-97.1496347266775,48.9998287778949,"1900730",620895.956725,4572013.73601
"Akron",-98.930547393887,49.359600224869,"1900775",209253.002962,4747607.4302
"Albert City",-98.381094915381,49.3746708433994,"1900865",340573.88611,4738291.74099
"Albia",-97.5689099015385,48.8902404249802,"1900910",516448.801195,4541654.30603
"Albion",-97.6827406238097,49.2134773548278,"1900955",500833.671875,4662136.77005
"Alburnett",-97.2152500756969,49.2574734280775,"1901000",613941.019929,4667371.92839
"Alden",-97.8330033798215,49.327459579928,"1901045",469201.160386,4707286.79314
"Alexander",-97.8807831947755,49.4120694134217,"1901090",460991.968034,4739279.56146
"Algona",-98.1477445965496,49.4766058712361,"1901135",400036.389438,4769433.05301
"Alleman",-97.8815036369282,49.1094137075578,"1901180",449501.622824,4629023.48071
"Allerton",-97.7501364950431,48.7813818978761,"1901270",468925.674347,4506302.77257
"Allison",-97.6460398763745,49.4114601143898,"1901315",516776.642755,4733405.14917
"Alta",-98.4978434246724,49.3349991172575,"1901495",311198.843375,4726905.48551
"Alta Vista",-97.538306031317,49.5543968680318,"1901540",547513.459506,4782954.63941
"Alton",-98.7506596534549,49.4174294491247,"1901585",254460.163362,4763715.9775
"Altoona",-97.8275859664947,49.0617875661741,"1901630",460635.173238,4610353.78062
"Alvord",-98.8621848660245,49.5198524200348,"1901675",232296.987754,4804075.99877
"Amana",-97.2852749237947,49.1459913123247,"1901720",593396.588424,4628316.90164
"Ames",-97.9020890257274,49.1749009324551,"1901855",447028.922995,4653389.17696
"Anamosa",-97.0954743671812,49.25352195502,"1901990",642380.035147,4663278.13453
"Anderson",-98.5308648455981,48.7638390025982,"1902035",280233.249637,4519719.75568
"Andover",-96.7361884448142,49.241186834855,"1902080",727706.331605,4651096.59976
"Andrew",-96.8626517485445,49.2847852651242,"1902125",698939.580888,4669645.71959
"Anita",-98.2653103094459,48.9749722024321,"1902260",352435.734688,4589683.00567
"Ankeny",-97.8796103875634,49.0856436278411,"1902305",449067.900426,4620316.18798
"Anthon",-98.6794165311971,49.2390067270475,"1902350",264010.937434,4696795.56807
"Aplington",-97.6679563995634,49.3579211002845,"1902395",509616.049305,4714417.0745
"Arcadia",-98.3861853040574,49.1628647457177,"1902485",330917.145993,4661267.13885
"Archer",-98.6648699474858,49.4609877602911,"1902530",276646.438891,4777255.95315
"Aredale",-97.7210450619589,49.4313463586405,"1902620",499674.355983,4742437.9513
"Arion",-98.5246643937083,49.1137144216802,"1902755",295846.008955,4647009.43055
"Arispe",-98.0560688920924,48.8362645236128,"1902800",397341.835124,4533827.89307
"Arlington",-97.2624069359303,49.4366090029891,"1902845",608857.794412,4733711.68658
"Armstrong",-98.2470993168867,49.5694210042618,"1902935",380103.207382,4805773.83259
"Arnolds Park",-98.4628233856683,49.5473105553965,"1903025",328102.943772,4803317.93778
"Arthur",-98.4991136785122,49.2327535107801,"1903115",306761.790234,4689694.5559
"Asbury",-96.9445036139339,49.3879601459365,"1903160",682813.944327,4708997.15865
"Ashton",-98.6872071602912,49.5195250934764,"1903295",273771.999995,4799179.49881
"Aspinwall",-98.4104931771611,49.1088760249573,"1903340",322955.017919,4642235.2929
"Atalissa",-97.0293723787889,49.0943644080913,"1903385",652867.086069,4603826.11336
"Athelstan",-98.1530560853052,48.7159381566733,"1903430",369388.272107,4492436.31429
"Atkins",-97.2894259908868,49.2043962472786,"1903475",594416.857281,4649695.3432
"Atlantic",-98.3483033699011,48.9565592897271,"1903520",331804.387686,4585122.90213
"Auburn",-98.3352793969247,49.2161218896198,"1903610",345186.562622,4679343.50973
"Audubon",-98.3317137746673,49.0549579856139,"1903655",339666.621855,4620539.15286
"Aurelia",-98.5443672673991,49.3451143612008,"1903745",300535.810416,4731823.69345
"Aurora",-97.2758640062206,49.3962501409069,"1903835",604266.476097,4719306.59839
"Avoca",-98.4638710695415,48.9749589965604,"1903970",304816.330798,4594853.84237
"Ayrshire",-98.3522780628765,49.454839071126,"1904105",350618.685045,4766745.56836
"Badger",-98.1000157301311,49.3406629707353,"1904195",406125.480984,4718703.10161
"Bagley",-98.165686786447,49.1028598866974,"1904240",381273.202751,4633727.01296
"Baldwin",-96.9434936483514,49.2542903610245,"1904330",678663.662769,4660256.90487
"Balltown",-96.9834986302194,49.4235595702365,"1904375",674713.987796,4722811.33276
"Bancroft",-98.1535075485193,49.5436773347445,"1904420",401275.705792,4794013.14509
"Bankston",-97.0083970956858,49.3844415411172,"1904510",667495.644452,4709092.84919
"Barnes City",-97.4755501696073,49.0434769846231,"1904555",544286.283991,4595314.40423
"Barnum",-98.1705602338335,49.3033801239823,"1904645",387883.808277,4706903.89749
"Bartlett",-98.5999401570847,48.78679151189,"1904735",264530.101854,4529928.14617
"Bassett",-97.5660065819324,49.5115483643334,"1904780",539404.263181,4767989.11105
"Batavia",-97.3468070326498,48.8960698183502,"1904825",570023.481639,4538633.38913
"Battle Creek",-98.5852431979367,49.2226703346903,"1904870",285804.57024,4688312.74058
"Baxter",-97.7246149540389,49.1232761915438,"1904915",487538.06586,4630270.77855
"Bayard",-98.2099224331808,49.1019060724645,"1904960",370654.423711,4634506.67821
"Beacon",-97.537728545271,48.9687505511091,"1905050",526732.018918,4569532.45634
"Beaconsfield",-97.9911713304905,48.7970915227968,"1905095",411475.145227,4517933.02931
"Beaman",-97.6307074598312,49.2503346970542,"1905140",514587.504188,4674330.62592
"Beaver",-98.07472857498,49.1665875143279,"1905185",405471.020584,4654647.23087
"Beaverdale",-97.0072838275597,48.8752280965108,"1905200",650924.450108,4523477.15226
"Bedford",-98.2190694261404,48.7416588948649,"1905365",354469.099085,4503492.41123
"Belle Plaine",-97.4280512880368,49.1650193803207,"1905590",559931.360304,4638508.09513
"Bellevue",-96.8134306095505,49.3215235730755,"1905635",711858.644681,4681995.80474
"Belmond",-97.9278461784782,49.4218455814015,"1905680",450172.71564,4743995.84704
"Bennett",-96.971993583007,49.1500590871893,"1905770",668432.320233,4622881.2532
"Bentley",-98.5577360503625,48.9380532045989,"1905870",280811.119582,4583900.57953
"Benton",-98.0940118464148,48.7598942853941,"1905905",385300.417537,4506956.69305
"Berkley",-98.0610409176261,49.138885964755,"1906040",407682.487152,4644211.19093
"Bernard",-96.9530302424411,49.3264245722137,"1906085",678760.097128,4686752.58991
"Bertram",-97.1743757254261,49.2018027751827,"1906175",621802.395493,4646172.31773
"Bettendorf",-96.7929981166125,49.1087879738094,"1906355",709906.320402,4604026.37406
"Bevington",-97.9246084661368,48.9692958969058,"1906490",433938.330101,4579029.17365
"Birmingham",-97.2647130184423,48.8660037481336,"1906625",588722.003734,4525814.16921
"Blairsburg",-97.9224872836279,49.3105324485542,"1906760",447254.467038,4703307.93143
"Blairstown",-97.3617467340186,49.1727364676651,"1906805",576045.106657,4639799.87559
"Blakesburg",-97.5076751776518,48.8747905991642,"1906850",530617.141923,4534589.73335
"Blanchard",-98.389274096117,48.7048184551213,"1906895",311998.539017,4494479.388
"Blencoe",-98.7369459004221,49.0972307140018,"1906940",244401.811981,4646716.1686
"Blockton",-98.1321156974803,48.7304479801245,"1906985",374992.969344,4497191.40148
"Bloomfield",-97.4216512694424,48.8158751262916,"1907030",549237.725975,4511124.31651
"Blue Grass",-96.8885614039445,49.0862893702701,"1907075",686308.379007,4597848.89309
"Bode",-98.1594108586565,49.4138445315511,"1907210",394827.743854,4746864.18271
"Bolan",-97.7825755271621,49.590609580374,"1907255",490953.233222,4801945.41175
"Bonaparte",-97.2052204639981,48.8157619974528,"1907345",601324.370766,4506167.47224
"Bondurant",-97.826809190028,49.0777460080881,"1907390",461412.040801,4616149.66577
"Boone",-97.9862065358439,49.178844872713,"1907480",427084.224814,4656902.95871
"Bouton",-98.021485016577,49.1129895683431,"1907660",416153.981023,4633786.91798
"Boxholm",-98.0681830709386,49.2087012789423,"1907750",408646.555842,4669826.35247
"Boyden",-98.7551031725945,49.4791389724725,"1907840",255983.562001,4786312.52608
"Braddyville",-98.3223467592272,48.7081613701649,"1907930",328268.360555,4493952.32276
"Bradford",-97.7946092815004,49.3653373337194,"1908020",479746.825347,4720156.84751
"Bradgate",-98.2016985256139,49.3919380105914,"1908065",383921.021405,4739958.31045
"Brandon",-97.3545888782196,49.2976262959976,"1908155",582102.821778,4685149.25596
"Brayton",-98.3235704078752,49.0018187059806,"1908200",339521.275456,4600968.91565
"Breda",-98.3671185567641,49.1935197035019,"1908290",336690.085923,4671937.24503
"Bridgewater",-98.2237549360687,48.9172316789313,"1908425",360156.365692,4567579.4966
"Brighton",-97.2354968212661,48.9579442435212,"1908470",598878.514034,4558664.20628
"Bristow",-97.6848554266627,49.4148846809169,"1908560",507673.422185,4735575.45258
"Britt",-98.0045375840081,49.492890198343,"1908605",434653.208684,4771775.56397
"Bronson",-98.7987616410928,49.2397827595463,"1908650",235580.506702,4700328.1802
"Brooklyn",-97.4776601342055,49.1115268047085,"1908695",546184.849436,4620161.64702
"Brunsville",-98.831622654127,49.3595074928353,"1908875",232781.89169,4744836.47881
"Buck Grove",-98.5004391288486,49.1060866680645,"1909145",301331.251365,4643588.30956
"Buckeye",-97.8285722477983,49.29756678747,"1909100",469145.326509,4696287.40772
"Buffalo",-96.8676749551315,49.0729906027045,"1909235",690878.212926,4592557.04644
"Buffalo Center",-98.0659730867401,49.5777813142685,"1909280",423338.461222,4804234.53168
"Burchinal",-97.8251606172403,49.4948346311697,"1909415",477296.323676,4768079.93036
"Burlington",-96.9742572730532,48.8653032745922,"1909550",658539.254088,4519144.00984
"Burr Oak",-97.3650355108363,49.6458410298332,"1909640",591794.992032,4812281.3653
"Burt",-98.1510239742915,49.5151066705018,"1909685",400753.819699,4783541.9849
"Bussey",-97.6050803342977,48.9425254995723,"1909730",509632.150635,4561560.15612
"Calamus",-96.9023032836264,49.1816853831105,"1909820",686124.138542,4632912.04456
"California Junction",-98.6933418913482,48.9864071841572,"1909910",250260.741244,4605163.20024
"Callender",-98.1405220542038,49.2612947028948,"1909955",393412.033324,4690810.01412
"Calmar",-97.3513139158132,49.5632013035975,"1910045",592150.672971,4781854.43244
"Calumet",-98.5921237227269,49.4130809271668,"1910090",291953.735927,4757853.66184
"Camanche",-96.7291756619254,49.1850676782091,"1910135",727598.227958,4630495.44089
"Cambridge",-97.8593203598845,49.1373475459907,"1910225",455847.55137,4638658.90743
"Cantril",-97.2956627035607,48.7923949663919,"1910450",578754.840488,4499687.36639
"Carbon",-98.2693073781577,48.8543833044254,"1910585",346762.652165,4545852.77367
"Carlisle",-97.828145305158,49.0179467189474,"1910765",458878.443901,4594393.02601
"Carpenter",-97.7525769369945,49.6062538564777,"1911035",498636.765685,4806923.48767
"Carroll",-98.3239785977903,49.1614127080017,"1911080",345721.117279,4659120.20634
"Carson",-98.4823109036518,48.8992926526721,"1911170",297356.412237,4567776.2861
"Carter Lake",-98.6564308227282,48.9073864753789,"1911215",255869.468735,4575379.6572
"Cascade",-97.0134707261491,49.3179111423752,"1911305",664079.448929,4684955.13655
"Casey",-98.1827053051203,48.9987519811741,"1911395",373167.741114,4596230.81039
"Castalia",-97.283168566152,49.5464552962638,"1911485",607723.560365,4774209.47059
"Castana",-98.6824033565035,49.143444484201,"1911530",259353.635761,4662068.2808
"Cedar Falls",-97.5186655704079,49.3486768430577,"1911755",544819.813825,4707533.83594
"Cedar Rapids",-97.22609023223,49.2069299859141,"1912000",609627.598727,4649194.3849
"Center Junction",-97.0305141157978,49.2604309413128,"1912225",658107.195154,4664376.11281
"Center Point",-97.2720956955432,49.2647521699195,"1912270",600631.854267,4671300.00465
"Centerville",-97.5789826580789,48.7996111169029,"1912315",510793.226704,4508865.08979
"Central City",-97.1853236395664,49.2758197377041,"1912495",621703.415237,4673390.77464
"Centralia",-96.9634387275706,49.3746354202362,"1912630",677869.519027,4704547.79552
"Chapin",-97.7952370957231,49.4267699264495,"1912675",481873.606249,4742555.5227
"Chariton",-97.7431930033306,48.8760570992503,"1912720",474052.004442,4540634.31665
"Charles City",-97.61993133633,49.5080953151506,"1912765",526484.739237,4767999.24651
"Charlotte",-96.809323500827,49.2303603141685,"1912855",709904.484734,4648681.59871
"Charter Oak",-98.5726562249137,49.1469902943879,"1912900",285724.503154,4660409.0932
"Chatsworth",-98.9187038865383,49.3876098258139,"1912945",213262.308939,4757479.00307
"Chelsea",-97.4690725616352,49.1695404467135,"1912990",550288.23435,4641103.37406
"Cherokee",-98.5850015738207,49.3555438291764,"1913080",291291.864947,4736705.7337
"Chester",-97.5342033513346,49.6440851440905,"1913125",551704.092909,4815539.99009
"Chillicothe",-97.4766608278563,48.9144998667888,"1913215",539471.151842,4548338.65784
"Churdan",-98.1946767226742,49.1947410365009,"1913350",377909.673,4667938.88707
"Cincinnati",-97.5929853166799,48.7682130673591,"1913395",506300.368962,4497753.5568
"Clare",-98.1672062069094,49.328370718007,"1913485",389653.221512,4715923.0826
"Clarence",-97.0082992878747,49.1921353052413,"1913530",661144.625127,4639002.25878
"Clarinda",-98.3307878970784,48.756056648692,"1913575",328114.659509,4511621.0858
"Clarion",-97.9635589625113,49.3843679645388,"1913620",440265.137909,4731222.15114
"Clarksville",-97.6046370086812,49.4236041187555,"1913755",527058.955153,4736851.55606
"Clayton",-97.0912256025597,49.4957134206215,"1913845",651529.966991,4751451.6291
"Clear Lake",-97.8624811086285,49.5142772378778,"1914025",469167.297013,4776071.53428
"Clearfield",-98.1394790897417,48.7861992388245,"1913980",375357.442382,4517691.0075
"Cleghorn",-98.6425946506013,49.3700185031584,"1914115",278184.806283,4743522.12353
"Clemons",-97.7405406837727,49.2106045900918,"1914160",486930.72441,4662473.7288
"Clermont",-97.2693531166393,49.5128721351051,"1914250",609839.339336,4761660.07155
"Climbing Hill",-98.7509513493554,49.2214956602863,"1914385",246221.048443,4692359.99734
"Clinton",-96.7163407733484,49.2020733496578,"1914430",731203.538828,4636427.24161
"Clio",-97.7755867549957,48.7579505790576,"1914475",461939.102569,4498379.41762
"Clive",-97.9394934131308,49.0462597259069,"1914520",433256.932655,4607438.97433
"Clutier",-97.4796680052435,49.2170257397004,"1914655",549437.409035,4658653.0927
"Coalville",-98.0874796899494,49.2887778427814,"1914835",407115.378741,4699484.95098
"Coburg",-98.4176249317201,48.8057582426711,"1914880",309171.867292,4531996.59697
"Coggon",-97.1905500136468,49.2985192046564,"1914925",621229.777653,4681779.71455
"Coin",-98.3964958423909,48.7276926067615,"1914970",311162.877868,4503002.01371
"Colesburg",-97.0969192713382,49.415564333718,"1915015",647480.332515,4722366.36696
"Colfax",-97.7503832100658,49.0763358338323,"1915060",479654.300259,4613786.03293
"College Springs",-98.3557745069077,48.7192010167155,"1915105",320643.11424,4498844.06637
"Collins",-97.7817653770861,49.1435209941834,"1915195",474616.440527,4639023.87682
"Colo",-97.7906353265818,49.1779497579579,"1915240",473766.508153,4651783.24862
"Columbus City",-97.0852850905079,48.9948377464823,"1915375",636160.4555,4568774.87654
"Columbus Junction",-97.0826054506338,49.0003231567497,"1915420",636986.11792,4570715.26364
"Colwell",-97.5965063248955,49.5378537256003,"1915465",533118.630304,4778290.48788
"Conesville",-97.0826510731065,49.0323885756768,"1915645",638045.296926,4582402.88392
"Conrad",-97.648071945557,49.2506338747555,"1915825",510456.261155,4674851.24532
"Conroy",-97.3239008630339,49.1214974355029,"1915870",583314.430445,4620265.30956
"Conway",-98.186731158766,48.767705819382,"1915960",363267.076338,4512155.31715
"Coon Rapids",-98.2520064358209,49.1058890343412,"1916050",360743.246719,4637035.88675
"Coppock",-97.197156399371,48.9574743408692,"1916140",608064.164903,4557634.69143
"Coralville",-97.1797818727715,49.1222887937995,"1916230",617814.256673,4617313.93609
"Corley",-98.465100365183,49.0040733154645,"1916320",305688.884282,4605492.35277
"Corning",-98.2375061128521,48.8388419837404,"1916500",353803.683017,4539372.53477
"Correctionville",-98.6538527566699,49.2677679121005,"1916545",271292.262166,4706581.47937
"Corwith",-98.0519738381728,49.4581928314498,"1916590",422065.052763,4760316.54609
"Corydon",-97.7355100451513,48.7982287062859,"1916635",473061.60466,4512089.26939
"Cotter",-97.1183706776959,49.0028100408187,"1916725",628493.044583,4572408.81337
"Coulter",-97.8405832962763,49.3932561888595,"1916815",469847.249195,4731444.44255
"Council Bluffs",-98.6340981676943,48.8948010207342,"1916860",260717.765234,4570192.62166
"Craig",-98.8486409452035,49.3846253404268,"1916950",229793.616911,4754453.17731
"Crawfordsville",-97.1394355916742,48.9774917606346,"1917130",622590.38721,4563646.95381
"Crescent",-98.6392080961571,48.9297539711538,"1917175",260919.96383,4583062.73188
"Cresco",-97.4447909957784,49.6147602109535,"1917220",571821.179138,4802782.20851
"Creston",-98.1104332095561,48.8668468158951,"1917265",385436.932426,4546339.31368
"Cromwell",-98.1440100710179,48.8590085260266,"1917490",377064.714393,4544333.5734
"Crystal Lake",-98.0061251530873,49.5313880210377,"1917670",435745.181898,4785840.64136
"Cumberland",-98.2945179045052,48.9209950087633,"1917760",343312.989774,4570771.60061
"Cumming",-97.9168195909959,49.0081233552665,"1917850",437259.675009,4592984.53846
"Curlew",-98.3170437039524,49.4387834293622,"1917895",358349.405515,4759984.17529
"Cushing",-98.6168480358137,49.2657527503483,"1917940",280030.137035,4704852.25189
"Cylinder",-98.2579994291031,49.4756067797284,"1917985",373824.975232,4771877.96874
"Dakota City",-98.1239775385221,49.3719029729502,"1918075",401628.423465,4730688.2504
"Dallas Center",-97.9988387951498,49.0634564891954,"1918255",419694.336205,4615175.57617
"Dana",-98.1110225780095,49.1853962790072,"1918345",397523.743127,4662413.20664
"Danbury",-98.6239132996875,49.1957779250275,"1918390",275475.686287,4679553.55273
"Danville",-97.0445296617078,48.8767274583742,"1918435",642019.744782,4524835.02168
"Davenport",-96.8309045945309,49.1025433148637,"1919000",700634.532091,4602549.17028
"Davis City",-97.9012757085336,48.7509496761716,"1919090",431397.483445,4498895.62591
"Dawson",-98.0935430203105,49.105914369776,"1919135",398648.302049,4633015.0584
"Dayton",-98.0593845422912,49.2359241979206,"1919180",411788.028717,4679523.95498
"De Soto",-98.007593585399,49.0169385019474,"1921045",415835.6385,4598444.75037
"Decatur City",-97.9134488264856,48.7817789848207,"1919360",429613.622714,4510428.82314
"Decorah",-97.3306270774441,49.6007444636186,"1919405",598363.317331,4795065.87687
"Dedham",-98.3032575072604,49.1134381791166,"1919450",348781.842974,4641106.74814
"Deep River",-97.4457505135831,49.0676089525797,"1919495",552273.636601,4603418.45031
"Defiance",-98.4783597125413,49.0787574711343,"1919585",305512.702715,4633048.81256
"Delaware",-97.1376204180294,49.3619714232087,"1919630",635989.721729,4703730.74486
"Delhi",-97.130816839824,49.3485760679318,"1919675",637156.730348,4698698.66941
"Delmar",-96.8596290385727,49.2382759276914,"1919720",698153.009102,4652629.83969
"Deloit",-98.4809218481941,49.1616252901814,"1919765",308235.11597,4663303.54072
"Delphos",-98.0854843022061,48.7472676563243,"1919810",386873.47252,4502141.13839
"Delta",-97.4185949673548,48.9911351802934,"1919855",556098.262606,4574923.39235
"Denison",-98.489289813456,49.1362846720843,"1919945",305214.569356,4654293.69908
"Denmark",-97.0460303484315,48.8396556647148,"1919990",640431.318958,4511356.24127
"Denver",-97.484416590954,49.3973846263053,"1920035",554703.372667,4724486.70544
"Derby",-97.7903868058555,48.847105040986,"1920125",461645.363882,4531224.76313
"Des Moines",-97.8758327066883,49.0412738171324,"1921000",448318.698956,4604056.89765
"DeWitt",-96.8289035235459,49.1869265341442,"1921180",703830.730567,4633263.45694
"Dexter",-98.0821983723097,49.00720265258,"1921225",397584.8136,4596765.20739
"Diagonal",-98.092743168687,48.7915332489055,"1921270",386813.203582,4518452.43731
"Diamondhead Lake",-98.0952291098355,49.0168527489154,"1921320",394831.141744,4600609.16615
"Dickens",-98.4198060256092,49.4791356290456,"1921360",335558.708036,4777356.13718
"Dike",-97.574594133068,49.3286953889629,"1921405",530787.056594,4701561.19048
"Dixon",-96.9058940197865,49.1557282101698,"1921540",684420.295642,4623527.93803
"Dolliver",-98.2952346915438,49.5879931190898,"1921675",369434.872411,4813775.37204
"Donahue",-96.8663126138286,49.1434150491883,"1921720",693483.814825,4618196.64155
"Donnellson",-97.1207391805903,48.8042861344418,"1921810",621274.351561,4500106.90433
"Doon",-98.8364828074118,49.5016406946479,"1921900",237621.759,4796735.48385
"Douds",-97.3098859365774,48.8518871543793,"1922035",577375.146728,4521691.4396
"Dougherty",-97.7373622330115,49.4570494734999,"1922080",496742.403976,4752194.31929
"Dow City",-98.534739548841,49.1070336557103,"1922215",293166.138455,4644843.58104
"Dows",-97.8827874383159,49.367046599713,"1922305",458828.181917,4722924.66033
"Drakesville",-97.4464407809684,48.8291861016794,"1922350",543738.037827,4516547.80302
"Dubuque",-96.9170096527624,49.387271608175,"1922395",689332.839698,4708157.21273
"Dumont",-97.7060543422516,49.4064917830861,"1922620",502326.483351,4733023.16689
"Duncan",-97.9727360676001,49.4974427389726,"1922710",442373.187377,4772645.88442
"Duncombe",-98.0420731345592,49.2998638208256,"1922755",418359.86076,4702385.98323
"Dundee",-97.2113238027651,49.3885994345241,"1922800",619356.257675,4715071.42031
"Dunkerton",-97.4206802068762,49.370504901183,"1922845",568915.624777,4713219.99838
"Dunlap",-98.568097300588,49.082315832507,"1922890",284183.289179,4636728.56437
"Durango",-96.9474508586508,49.4026335777825,"1922935",682595.517651,4714408.42551
"Durant",-96.941998841756,49.1099891080793,"1922980",674291.406587,4607630.85421
"Dyersville",-97.0604709954663,49.3697331011356,"1923115",654613.665532,4704865.10567
"Dysart",-97.4520886982037,49.2466999447976,"1923160",557068.043231,4668828.14823
"Eagle Grove",-98.0198135961985,49.360345571587,"1923250",425968.736284,4723865.96743
"Earlham",-98.0452517179824,49.00263426259,"1923340",406266.675146,4594173.54958
"Earling",-98.5028454372758,49.0624210759796,"1923385",298994.403499,4627745.60093
"Earlville",-97.1124211987464,49.3663053637475,"1923430",642134.03178,4704754.70677
"Early",-98.437842162012,49.2745133755295,"1923475",323053.491997,4703291.35919
"East Amana",-97.276659361203,49.1491292275202,"1923520",595564.262734,4629266.01382
"East Peru",-97.9662094720899,48.9264474297015,"1923790",422346.221986,4564445.34354
"Eddyville",-97.5156968584565,48.9345180647,"1923970",530804.479901,4556542.604
"Edgewood",-97.16544965199,49.4118356985213,"1924060",631059.032409,4722519.19944
"Elberon",-97.4471744506225,49.1970704600625,"1924375",556490.748834,4650629.08187
"Eldon",-97.3611073232111,48.8710711287739,"1924420",565720.89756,4529849.52063
"Eldora",-97.7319144004601,49.2860644361256,"1924465",491756.433276,4689762.14618
"Eldridge",-96.8313431353095,49.1322122571025,"1924600",701484.934455,4613372.38992
"Elgin",-97.2616245211775,49.499865967873,"1924645",611224.566418,4756746.59936
"Elk Horn",-98.3723085224707,49.0138894806025,"1924780",328317.852999,4606633.93644
"Elk Run Heights",-97.4483613989527,49.3377424022726,"1924870",561170.884141,4701918.71988
"Elkader",-97.1770768354945,49.4765039143718,"1924690",630496.157685,4746344.71084
"Elkhart",-97.8511619584412,49.1057992875057,"1924735",456625.236325,4626964.69287
"Elkport",-97.1275814444315,49.4446886109882,"1924825",641174.08332,4733655.06233
"Elliott",-98.3906468365558,48.8778435156013,"1924915",318521.654517,4557550.78925
"Ellston",-98.0132378537342,48.8057932964129,"1925005",406492.119992,4521653.60824
"Ellsworth",-97.8934786463588,49.261358664792,"1925050",452322.272585,4684679.10668
"Elma",-97.5485752204218,49.5681335932604,"1925095",545572.650942,4788199.94778
"Ely",-97.1874076162085,49.1751014345255,"1925365",617783.170022,4636731.03735
"Emerson",-98.4686821999112,48.8338677441222,"1925500",298010.203446,4543581.83822
"Emmetsburg",-98.3032683472084,49.4801012358694,"1925590",363257.18586,4774679.77436
"Epworth",-96.9941477064808,49.3639715183422,"1925725",670208.101528,4701323.82779
"Essex",-98.4275582512141,48.7794507968314,"1925815",305734.629993,4522673.54916
"Estherville",-98.3656242876708,49.5653096835016,"1925860",351859.02621,4807333.40546
"Evansdale",-97.4566263733054,49.3370703247458,"1925995",559179.010387,4701864.68864
"Everly",-98.5243753486552,49.4825460645318,"1926175",310879.036438,4781352.55484
"Exira",-98.3096369115708,49.0167990190937,"1926265",343450.486406,4606065.41156
"Exline",-97.5648066344075,48.7758634230417,"1926310",513360.622585,4499877.33264
"Fairbank",-97.3859806936421,49.3947732736776,"1926355",578023.441621,4721267.93553
"Fairfax",-97.2556400974494,49.1872204199525,"1926400",601895.423371,4642674.44886
"Fairfield",-97.2793487642142,48.9035427185395,"1926445",586489.14022,4539825.39886
"Farley",-97.0200302523157,49.3610165832636,"1926760",663948.946449,4700807.72453
"Farmersburg",-97.1701236768437,49.507604000228,"1926850",633205.962323,4757524.47017
"Farmington",-97.1811903430979,48.7990801382566,"1926895",606545.218266,4499551.12962
"Farnhamville",-98.1751947920011,49.2333065316777,"1926940",384057.950004,4681492.9287
"Farragut",-98.4848296952827,48.7426928497392,"1926985",290473.336563,4510793.67066
"Fayette",-97.3125760728002,49.4616552144813,"1927165",597804.272298,4743970.60301
"Fenton",-98.2213903884894,49.516765131921,"1927210",384128.607515,4785934.66095
"Ferguson",-97.6317852088567,49.1638490149726,"1927255",511204.058009,4642841.72181
"Fertile",-97.8831084087655,49.5521158338359,"1927390",465695.161809,4790361.23529
"Floris",-97.397328997519,48.8528083463374,"1927975",556377.003331,4524024.0747
"Floyd",-97.6446460514631,49.5255949875497,"1928020",521257.140433,4774960.08809
"Fonda",-98.3375033990843,49.3168190925824,"1928245",348647.031277,4716084.18134
"Fontanelle",-98.1886755904351,48.9320793812031,"1928290",369154.193729,4572092.19968
"Forest City",-97.9561755695513,49.5459523359396,"1928380",448142.010633,4789910.1548
"Fort Atkinson",-97.3721641349772,49.5496265708998,"1928425",586732.585278,4777382.55654
"Fort Dodge",-98.1058759668691,49.3079213019203,"1928515",403468.757991,4706922.21577
"Fort Madison",-97.0415472206174,48.8061841688427,"1928605",640402.778058,4499058.89016
"Fostoria",-98.4689672330861,49.5100255173274,"1928650",325139.142749,4789898.39224
"Franklin",-97.1032352080758,48.8128400448776,"1928740",625773.865578,4502838.23017
"Fraser",-98.0184749262598,49.1970363372091,"1928920",420068.513808,4664333.51617
"Fredericksburg",-97.4534245134269,49.4890847188562,"1928965",565320.689931,4757185.28331
"Frederika",-97.4857630165745,49.4617137237584,"1929010",556670.263285,4747959.36094
"Fredonia",-97.0739239389111,49.0035154552639,"1929055",639174.331773,4571688.27782
"Fremont",-97.4495513673934,48.9551143867516,"1929190",547408.733754,4562511.08867
"Fruitland",-97.0044017462669,49.0299666025092,"1929280",656717.645546,4579812.43377
"Frytown",-97.2252939270711,49.080319557476,"1929325",605496.271972,4603034.47787
"Galt",-97.9193733266335,49.3755645503179,"1929550",450443.465234,4726925.40717
"Galva",-98.5300751103098,49.2830296490287,"1929595",301416.041975,4708829.10166
"Garber",-97.1237617697977,49.4452102995325,"1929685",642099.380091,4733761.01245
"Garden City",-97.8281068067449,49.2449568391026,"1929730",467302.103665,4677107.12329
"Garden Grove",-97.8387762175127,48.8123018430892,"1929775",448722.225766,4519719.76501
"Garnavillo",-97.1204054008268,49.4831779172717,"1929910",644179.575802,4747524.16375
"Garner",-97.9372791753903,49.4981579993403,"1929955",450814.118799,4772031.40469
"Garrison",-97.3938046516726,49.2429302226873,"1930000",570841.12062,4666113.17198
"Garwin",-97.5741900760477,49.2154345421263,"1930045",526816.95532,4660280.18485
"Geneva",-97.7567931508556,49.3808220440502,"1930135",489316.301631,4724886.62968
"George",-98.7593300310394,49.5254602521091,"1930225",256919.055825,4803298.34791
"Gibson",-97.4478748957642,49.0368376180533,"1930540",550682.766191,4592253.9142
"Gilbert",-97.9064711997252,49.1972522191278,"1930630",446819.810663,4661640.59484
"Gilbertville",-97.4315899286157,49.3238767576734,"1930675",564676.05636,4696479.28603
"Gillett Grove",-98.4200385553248,49.4437086786463,"1930810",334080.91201,4764457.4309
"Gilman",-97.6026596295948,49.1481479795843,"1930900",517599.063862,4636431.7046
"Gilmore City",-98.2063938664936,49.3692858869267,"1930945",381919.721908,4731825.80025
"Gladbrook",-97.5920759396335,49.2419444668024,"1931035",523500.833096,4670361.03939
"Glenwood",-98.587645766673,48.8364207020667,"1931350",269503.813948,4547677.56068
"Glidden",-98.2766160009316,49.1610846792935,"1931395",357023.85217,4657777.15157
"Goldfield",-98.0288852865871,49.3815963396166,"1931530",424621.406139,4731834.28392
"Goodell",-97.9331711118114,49.4446953874376,"1931575",449769.67396,4752451.94812
"Goose Lake",-96.7801251527233,49.2341393813817,"1931665",716995.153588,4649445.66528
"Gowrie",-98.1358580145947,49.2365330588359,"1931710",393567.39792,4681670.86494
"Graettinger",-98.3323290925938,49.5166683786954,"1931800",357813.04014,4788751.33129
"Graf",-96.9767118438509,49.3801067077666,"1931845",674891.467582,4706827.91564
"Grafton",-97.7664357334489,49.579360730546,"1931890",494359.714555,4797458.05238
"Grand Junction",-98.1066468888488,49.1624622746616,"1931980",397686.872365,4653947.37091
"Grand Mound",-96.8642278225208,49.183711134938,"1932025",695287.239382,4632839.57502
"Grand River",-97.9614402525026,48.8023914491949,"1932070",418830.909223,4519125.5995
"Grandview",-97.0216963344768,49.0050382963383,"1932115",651748.235447,4571102.60676
"Granger",-97.9523855426824,49.0893345250393,"1932160",431790.384157,4623452.05691
"Grant",-98.3286609464295,48.8791902230655,"1932295",333469.532819,4556425.88668
"Granville",-98.7040168973594,49.4191345160241,"1932475",265614.086766,4763069.88426
"Gravity",-98.2303081209638,48.7684333163666,"1932520",352800.08128,4513535.54975
"Gray",-98.3548150808382,49.0900054088308,"1932565",335523.53272,4633907.25519
"Greeley",-97.1423330122666,49.3957249784537,"1932610",636010.408425,4716136.1447
"Green Mountain",-97.6244183860456,49.214854804731,"1932925",514805.923187,4661253.31631
"Greene",-97.6560801723527,49.4545013778105,"1932745",515955.835961,4749326.49541
"Greenfield",-98.1536259321441,48.9386804255793,"1932790",377822.162178,4573605.18415
"Greenville",-98.4565703758126,49.4418832166858,"1932970",325330.376962,4764750.91246
"Grimes",-97.9382786575933,49.0674566697871,"1933060",434344.087624,4615132.23164
"Grinnell",-97.5740175376601,49.1076901217043,"1933105",522996.334878,4621014.25941
"Griswold",-98.3862888913795,48.9041261363915,"1933150",320610.987411,4567011.77256
"Grundy Center",-97.62025461117,49.2936312021021,"1933195",518645.113496,4689860.02685
"Gruver",-98.3228101730407,49.564286167886,"1933240",361962.215884,4805851.02029
"Guernsey",-97.4388435625014,49.0889913760339,"1933285",554678.829177,4611051.07285
"Guthrie Center",-98.183738628554,49.0512630358004,"1933420",374954.435745,4615388.29945
"Guttenberg",-97.071035597931,49.4627406060047,"1933465",655216.575977,4738992.74733
"Halbur",-98.3582116306677,49.1403998398795,"1933645",336708.911976,4652354.18247
"Hamburg",-98.5416004860366,48.7042258093605,"1933780",275244.490725,4498288.82759
"Hamilton",-97.6100964404192,48.9315985919595,"1933870",508035.830939,4557696.93637
"Hampton",-97.786957769763,49.398813823616,"1933960",482806.337588,4732169.39389
"Hancock",-98.4690211028331,48.946889911463,"1934005",302455.797025,4584764.42348
"Hanlontown",-97.8688536050788,49.5575916336096,"1934185",469279.435888,4792008.19653
"Hansell",-97.7514772938422,49.4055892236283,"1934365",491493.201833,4733783.04887
"Harcourt",-98.0960399558557,49.2337794944995,"1934410",402960.709914,4679662.98247
"Hardy",-98.0765234334426,49.4012070086746,"1934455",414043.864296,4740170.21976
"Harlan",-98.46651916933,49.0266279993225,"1934500",306253.688146,4613746.20584
"Harper",-97.3245438781878,49.0092717528655,"1934545",579280.400909,4579381.25003
"Harpers Ferry",-97.1096754554926,49.5869082603765,"1934590",650229.787492,4785091.96535
"Harris",-98.5715675627907,49.5661982875036,"1934635",303104.275518,4813076.21194
"Hartford",-97.7953254790799,49.007757899439,"1934680",466368.61291,4589883.40788
"Hartley",-98.5759169515374,49.4857768822219,"1934725",298779.714198,4783899.73151
"Hartwick",-97.4457925300141,49.1299649170311,"1934770",554457.473866,4626142.96626
"Harvey",-97.6238647829647,48.9750113687082,"1934860",506291.816089,4573842.51511
"Hastings",-98.5018466653644,48.8334335345676,"1934995",290016.772069,4544301.61178
"Havelock",-98.2990641839377,49.3954592325396,"1935130",360907.665141,4743737.5777
"Haverhill",-97.6652843778756,49.1637173698999,"1935220",503194.329641,4643589.16025
"Hawarden",-98.9114005572099,49.4135983769017,"1935265",216104.091368,4766741.00876
"Hawkeye",-97.367350667702,49.4870091220593,"1935310",585681.007143,4754454.32361
"Hayesville",-97.3878084685295,48.975117119289,"1935445",562923.447058,4568378.50168
"Hayfield",-97.9713332066347,49.519787622564,"1935490",443554.699078,4780752.05526
"Hazleton",-97.3357810443176,49.3913637494607,"1935580",589845.023915,4718881.15
"Hedrick",-97.4040488526524,48.9462482847405,"1935670",558019.648606,4558230.77659
"Henderson",-98.4828832098772,48.8700226674388,"1935715",296044.669367,4557128.50298
"Hepburn",-98.3285236138301,48.7899584946323,"1935760",329992.451069,4523913.48536
"Hiawatha",-97.2342017490459,49.2255437908685,"1935940",608327.531369,4656159.66274
"High Amana",-97.3075125782863,49.1448295940677,"1936030",588039.99551,4628396.53888
"Hills",-97.1550236863557,49.079948223648,"1936345",622306.678476,4601332.99987
"Hillsboro",-97.1814471556276,48.8590087515425,"1936390",608506.43768,4521398.22237
"Hinton",-98.8349359676997,49.3021919230456,"1936480",229579.747378,4724052.69732
"Holiday Lake",-97.482808703698,49.1370260407794,"1936660",545855.260748,4629573.35773
"Holland",-97.6311301695524,49.3049629505359,"1936705",516463.327463,4694246.39924
"Holstein",-98.5722571365874,49.2749292310009,"1936840",291033.821644,4707001.43332
"Holy Cross",-97.0245165747146,49.4088636172295,"1936885",664473.035276,4718343.40524
"Homestead",-97.281911458429,49.1338094298238,"1936975",593781.582417,4623801.45784
"Hopkinton",-97.0971160960382,49.3255010725834,"1937155",644405.485205,4689547.14577
"Hornick",-98.7524189916794,49.1874856569597,"1937200",244454.963203,4680012.4443
"Hospers",-98.7172221120792,49.4451905701679,"1937290",263560.326753,4772918.07797
"Houghton",-97.1433673446149,48.8456420398231,"1937335",617215.001256,4515680.32108
"Hubbard",-97.7974559645794,49.2649062464113,"1937425",475351.668551,4683632.41736
"Hudson",-97.5126188233134,49.3194529195698,"1937470",545217.97377,4696743.81067
"Hull",-98.7995331390351,49.4768920224527,"1937515",245345.518248,4786707.87658
"Humboldt",-98.1315014127706,49.372193787773,"1937560",399849.750073,4730984.18139
"Humeston",-97.8016536934493,48.8246765475365,"1937605",458111.008636,4523325.4467
"Hutchins",-98.0319929432137,49.489843900411,"1937875",428021.052369,4771348.90555
"Huxley",-97.8826683195029,49.1361114295464,"1937920",450219.595778,4638779.61045
"Ida Grove",-98.5421866900112,49.2324908420645,"1938010",296476.287769,4690741.64138
"Imogene",-98.4719885308914,48.7913849104032,"1938055",295514.761513,4528192.62731
"Independence",-97.3251937061759,49.3465361069676,"1938100",590806.356766,4702304.67922
"Indianola",-97.8461057846192,48.9755652885303,"1938280",453002.63739,4579388.07787
"Inwood",-98.9048441021197,49.507048899522,"1938415",221637.52998,4800592.74051
"Ionia",-97.5444323099194,49.5042098536409,"1938460",544259.784364,4764810.20827
"Iowa City",-97.158579159266,49.1107956461011,"1938595",622497.570956,4612654.22898
"Iowa Falls",-97.7976704465563,49.3313591315634,"1938640",477759.924367,4707850.58117
"Ireton",-98.8539180494831,49.4084038411729,"1938820",229543.562941,4763258.85366
"Irvington",-98.1336395270938,49.4583462163929,"1938955",402677.108507,4762424.39803
"Irwin",-98.4304567020987,49.0710978227627,"1939000",316669.916275,4628996.70982
"Jackson Junction",-97.4061513660687,49.5360729783204,"1939135",578197.031259,4773220.67635
"Jacksonville",-98.4057952686392,49.0276363262057,"1939180",320840.953409,4612517.17985
"Jamaica",-98.123095257047,49.1052436380363,"1939225",391553.49167,4633516.15436
"Janesville",-97.5278299632643,49.3868853562741,"1939405",544003.136803,4721670.55689
"Jefferson",-98.1547836452263,49.1548937102685,"1939450",385893.065921,4652407.32823
"Jesup",-97.3830461019945,49.3444574913065,"1939585",576959.430242,4702865.03748
"Jewell Junction",-97.9155689174964,49.2577335173339,"1939675",446918.42234,4683900.6281
"Johnston",-97.9156088294364,49.0671548979965,"1939765",439760.094673,4614463.49929
"Joice",-97.8979965435499,49.5808646355765,"1939855",463248.522016,4801199.70077
"Jolley",-98.2904385470912,49.2880279765543,"1939900",358720.496503,4704378.85404
"Kalona",-97.2106491140944,49.0556846655536,"1940170",608164.132477,4593728.70272
"Kamrar",-97.9483667585796,49.2822389404314,"1940215",440021.540186,4693637.15664
"Kanawha",-97.9938470829651,49.444934771353,"1940260",435364.761401,4754038.7457
"Kellerton",-97.9869644701794,48.7679868797975,"1940350",411392.194018,4507223.63105
"Kelley",-97.9077910895934,49.1501566623448,"1940395",444739.551162,4644513.53954
"Kellogg",-97.636459594873,49.0962626661103,"1940440",507645.163372,4618324.59119
"Kensett",-97.8148004616884,49.5832331281683,"1940665",483045.774615,4800036.6039
"Kent",-98.1383521426756,48.8328577170167,"1940710",377420.26772,4534662.20906
"Keokuk",-97.0513420319048,48.7374428662001,"1940845",635769.525233,4474218.70019
"Keomah Village",-97.4885766453757,48.9758837960011,"1940890",538776.6018,4570984.99284
"Keosauqua",-97.2634769966193,48.8220300096874,"1940935",587516.89892,4509760.20564
"Keota",-97.2909356091365,49.0123698547538,"1940980",587444.18136,4579748.3525
"Keswick",-97.3933959984558,49.0325564211992,"1941070",563586.378817,4589439.0845
"Keystone",-97.4060071708689,49.1983107738876,"1941115",566365.606306,4650133.00483
"Kimballton",-98.3787279596473,49.0244519428899,"1941295",327198.805982,4610649.3652
"Kingsley",-98.7217056696015,49.2977815723792,"1941385",256365.558657,4719349.68162
"Kinross",-97.3065568705215,49.0400405789906,"1941475",584653.09428,4590186.26316
"Kirkman",-98.4484115108449,49.0513098099914,"1941520",311579.898371,4622260.26259
"Kirkville",-97.4707229342276,48.9321797471018,"1941565",541519.906955,4554643.72219
"Kiron",-98.4875337030344,49.1907587441074,"1941610",307830.14896,4674090.82749
"Klemme",-97.9320885165265,49.4704211997629,"1941655",450998.181315,4761798.14992
"Knierim",-98.2000181268881,49.285912392409,"1941790",380185.193801,4701289.82001
"Knoxville",-97.6858598154716,48.9721432922564,"1942015",491316.383014,4574272.13901
"La Motte",-96.8802226719481,49.3265470593175,"1943050",696108.637488,4685240.25306
"La Porte City",-97.419034374024,49.2931879599521,"1943365",566587.628258,4685007.02515
"Lacona",-97.7770237577101,48.9266215513023,"1942285",467775.879211,4559875.82138
"Ladora",-97.3892726003367,49.1247901654526,"1942330",567793.150403,4622956.70787
"Lake City",-98.2871209379218,49.2240481769901,"1942465",356991.368606,4680985.62975
"Lake Mills",-97.9266943292581,49.5959647627846,"1942555",457021.044034,4807405.13539
"Lake Panorama",-98.1473655966732,49.0639421784874,"1942575",384153.719841,4619083.21537
"Lake Park",-98.5343280865566,49.5699338285472,"1942600",312078.744954,4813446.8752
"Lake View",-98.3944316498609,49.2294407227927,"1942690",331601.695756,4685735.27858
"Lakeside",-98.4524532712372,49.3211654433134,"1942645",321447.234775,4720669.37677
"Lakota",-98.1158602635371,49.5719100940544,"1942825",411293.247465,4803347.94184
"Lambs Grove",-97.6944620179185,49.0876939594115,"1942870",493454.037085,4616583.12859
"Lamoni",-97.9431200209666,48.7434661642708,"1942960",421035.19885,4497201.2562
"Lamont",-97.2452376559845,49.3924207962991,"1943005",611419.57036,4717222.76603
"Lanesboro",-98.2693454619153,49.1996654113969,"1943140",360275.268588,4671645.12051
"Lansing",-97.1436313567362,49.6321669869079,"1943275",643721.891824,4802333.71659
"Larchwood",-98.9102007733805,49.551324584994,"1943410",222253.779604,4816865.71057
"Larrabee",-98.587434234105,49.387999580586,"1943500",292041.308005,4748592.6109
"Latimer",-97.8416291191697,49.4016283838174,"1943590",469910.644342,4734520.3146
"Laurel",-97.6490921828867,49.1462890940604,"1943680",506432.615493,4636853.57008
"Laurens",-98.3496482246885,49.3968077619985,"1943725",348934.181921,4745537.79907
"Lawler",-97.4430484126575,49.5218393717259,"1943815",568942.813881,4768881.83109
"Lawton",-98.7901798228963,49.2609375291672,"1943905",238512.385447,4707798.03528
"Le Claire",-96.7540473265183,49.1219516451521,"1944085",719645.994525,4608008.35075
"Le Grand",-97.604275445955,49.1862657960995,"1944220",518584.79506,4650359.74944
"Le Mars",-98.7973765988954,49.3530290938806,"1944400",240657.038797,4741536.71199
"Le Roy",-97.8358789551417,48.8281589562318,"1944580",450005.090695,4525427.13398
"Leando",-97.3107276513901,48.8477104437328,"1943950",577029.048812,4520188.37847
"Ledyard",-98.139962293294,49.5836775979489,"1944130",406040.195713,4808242.74357
"Lehigh",-98.0579351668683,49.264779932125,"1944265",413237.740286,4690000.66554
"Leighton",-97.5771588236997,48.9849785789976,"1944310",517852.267321,4576371.72195
"Leland",-97.9581105946419,49.5688584968486,"1944355",448552.361833,4798303.25348
"Lenox",-98.1712509876605,48.8090733880056,"1944490",368589.881326,4526832.58451
"Leon",-97.8837801716297,48.7834322536071,"1944535",436819.254605,4510301.58607
"Lester",-98.8754761177854,49.5484266277575,"1944670",230358.423609,4814849.269
"Letts",-97.0409863574953,49.0193424664508,"1944715",647597.288264,4576736.29079
"Lewis",-98.3702167337574,48.9266185760633,"1944805",325361.382008,4574786.16683
"Libertyville",-97.3041733370294,48.8875643947016,"1944985",579975.438936,4534564.10089
"Lidderdale",-98.2982214240412,49.1797668660114,"1945030",352597.77363,4665140.36015
"Lime Springs",-97.5056753819639,49.6335517324589,"1945165",558077.65235,4811037.9179
"Lincoln",-97.5874791809397,49.2658882327421,"1945255",525458.502545,4678977.73382
"Linden",-98.1020514522209,49.0448762400417,"1945390",394270.858684,4610991.11932
"Lineville",-97.798936387559,48.741579209114,"1945435",455712.564776,4492979.82379
"Linn Grove",-98.4858001452187,49.4019281340962,"1945480",316771.228845,4750966.91339
"Lisbon",-97.1241767548485,49.194114218042,"1945615",633531.79865,4642258.67991
"Liscomb",-97.6918114041072,49.2368059449195,"1945660",499518.722665,4670853.69527
"Little Cedar",-97.6526315305723,49.6015038086977,"1945705",522129.421902,4802808.2448
"Little Rock",-98.7234528522429,49.5578284594075,"1945795",266774.639068,4814111.56707
"Little Sioux",-98.7126324626917,49.0612655774027,"1945840",248729.779164,4632954.41134
"Livermore",-98.1243707138155,49.4162401889985,"1945975",403249.166366,4746850.78086
"Lockridge",-97.2028749026491,48.9056484806747,"1946065",604934.085787,4538874.42641
"Logan",-98.626551640365,49.0160817948594,"1946155",267486.312883,4614168.42107
"Lohrville",-98.2232499417465,49.2280668278417,"1946245",372388.702281,4680809.43887
"Lone Rock",-98.1870377608455,49.5197593564865,"1946290",392393.288725,4786150.32802
"Lone Tree",-97.1145811742601,49.0617393461338,"1946335",631377.987104,4593802.45254
"Long Grove",-96.8348484850545,49.146644175621,"1946425",701111.649021,4618706.73152
"Lorimor",-98.0067101358052,48.8931872776628,"1946515",411364.783632,4553333.55835
"Lost Nation",-96.9298746329145,49.2215797151595,"1946605",680841.899966,4648042.52154
"Loveland",-98.6556152039845,48.9694699286974,"1946785",258610.43682,4597972.63914
"Lovilia",-97.6093838553658,48.9203064822672,"1946830",507801.671729,4553565.19578
"Low Moor",-96.7623884033221,49.1847159274478,"1947010",719651.601971,4631059.90755
"Lowden",-96.961271758101,49.1870726509339,"1946920",672211.897751,4636140.42291
"Lu Verne",-98.0921678797001,49.4313993967437,"1947370",411487.235536,4751562.58217
"Luana",-97.2053935664998,49.5359231488351,"1947055",625805.113289,4768628.83405
"Lucas",-97.7965731349218,48.8768192254362,"1947100",461249.991291,4542202.15315
"Luther",-97.9610178673297,49.1518226950577,"1947280",432081.083502,4646433.21854
"Luxemburg",-97.0515788821329,49.4071505352612,"1947460",657980.037999,4718308.00619
"Luzerne",-97.3951495169721,49.1702196274292,"1947505",567975.874027,4639646.90035
"Lynnville",-97.5872063547921,49.0568961179272,"1947595",518019.372718,4602815.31089
"Lytton",-98.336193475151,49.2685828872715,"1947730",347046.674943,4698478.32594
"Macedonia",-98.483261636803,48.8859001359937,"1947955",296590.680801,4562922.61336
"Macksburg",-98.0554581769082,48.9171031288263,"1948180",400563.122302,4563266.24594
"Madrid",-97.9574971271519,49.1240773140123,"1948450",431876.455401,4636237.08449
"Magnolia",-98.65641788138,49.0294625095707,"1948495",260879.826225,4619847.40725
"Maharishi Vedic City",-97.2962658174313,48.9176276181522,"1948500",582908.636378,4545341.18087
"Malcom",-97.5144250738751,49.1015458470122,"1948540",537035.120674,4617379.75036
"Mallard",-98.2970839361819,49.427169992544,"1948585",362631.788656,4755238.30197
"Maloy",-98.1117761472407,48.7494775189699,"1948675",380622.883454,4503609.91873
"Malvern",-98.5308935673516,48.8259009764451,"1948720",282727.358105,4542329.41473
"Manchester",-97.1758656244996,49.3640106906216,"1948810",626955.475618,4705320.95231
"Manilla",-98.4432655548248,49.0998055108652,"1948855",314753.829847,4639791.22704
"Manly",-97.8098496622112,49.563401989751,"1948900",483480.447098,4792691.30425
"Manning",-98.3859398087553,49.1088372377274,"1948945",328825.725994,4641578.95884
"Manson",-98.2296897977797,49.3069465106501,"1948990",373937.010775,4709710.49944
"Mapleton",-98.6447137323768,49.1727653786297,"1949170",269564.670979,4671730.76948
"Maquoketa",-96.8832878597164,49.2555715097253,"1949215",693069.031498,4659436.47816
"Marathon",-98.3958755508196,49.3982428387766,"1949260",338000.864338,4747263.96115
"Marble Rock",-97.6804805951882,49.473728870789,"1949305",510862.164695,4756912.41271
"Marcus",-98.6742999698718,49.3711041374718,"1949350",270688.359369,4744772.09132
"Marengo",-97.3514819968894,49.1403218200289,"1949395",577371.228245,4627753.01395
"Marion",-97.1996275255267,49.2267308146345,"1949485",616620.593567,4655819.32907
"Marne",-98.3847339798554,48.9695028895443,"1949575",323578.01864,4590788.20763
"Marquette",-97.1140491476061,49.5378126322872,"1949620",647534.066489,4767295.5644
"Marshalltown",-97.6546271492869,49.1933311127654,"1949755",506814.324664,4654126.59411
"Martelle",-97.1181235530262,49.2249992900539,"1949845",636016.700159,4653381.31275
"Martensdale",-97.9084579621818,48.9744561201654,"1949890",438005.449826,4580511.62801
"Martinsburg",-97.384694007155,48.9492720050051,"1949935",562770.835719,4558888.38738
"Marysville",-97.6278795400536,48.9340209575318,"1950070",503853.374186,4559000.71998
"Mason City",-97.8031621056601,49.521991446872,"1950160",483526.053937,4777441.54916
"Masonville",-97.221699750212,49.3575654067748,"1950205",615825.502793,4703993.29495
"Massena",-98.2587547205523,48.917155475385,"1950250",351749.497936,4568450.42689
"Matlock",-98.7342215269454,49.4964752314044,"1950385",261662.25263,4792058.39843
"Maurice",-98.8067516373415,49.4088163976983,"1950430",240770.044354,4762112.10153
"Maxwell",-97.812535735363,49.137934626149,"1950520",467054.224975,4637733.72046
"Maynard",-97.3349798668901,49.4396265576592,"1950610",591715.51924,4736450.81932
"Maysville",-96.8785632683612,49.129262610233,"1950655",690095.338484,4613298.84669
"McCallsburg",-97.8222205541249,49.221069919809,"1947775",467820.201522,4668260.58495
"McCausland",-96.7904277821062,49.1651408573447,"1947820",712325.291581,4624512.50542
"McClelland",-98.5771248323234,48.9227969798086,"1947865",275538.648461,4578861.17822
"McGregor",-97.1108766720006,49.5314326050117,"1948000",648071.040259,4764900.6631
"McIntire",-97.6107952154722,49.6223512987831,"1948045",532793.005302,4809415.85189
"Mechanicsville",-97.0765433639578,49.1928191492156,"1950700",644866.021202,4640739.3627
"Mediapolis",-96.9994775352447,48.9243217537789,"1950790",654416.891602,4541201.02354
"Melbourne",-97.7134877775233,49.1595738122941,"1950880",491524.457445,4643230.18194
"Melcher-Dallas",-97.7288762068668,48.9408358899953,"1950935",479854.917608,4563894.61808
"Melrose",-97.6518457375761,48.8697489356497,"1950970",495780.547842,4536149.07247
"Melvin",-98.6249371131806,49.5151611920211,"1951060",288357.80612,4795913.61657
"Menlo",-98.1437972169573,49.005217350504,"1951105",382743.9945,4597597.47615
"Meriden",-98.6150744085667,49.3660896400998,"1951150",284569.461858,4741351.93778
"Merrill",-98.8228123120902,49.3329788234145,"1951375",233761.830384,4734932.18234
"Meservey",-97.8856654016346,49.4447342870444,"1951420",461056.699437,4751300.25726
"Meyer",-97.6467201185864,49.6267428543676,"1951510",524449.079782,4811864.53249
"Middle Amana",-97.2929577999908,49.1444186054724,"1951600",591505.598226,4627917.35871
"Middletown",-97.0237781614907,48.8679479827831,"1951735",646718.647199,4521182.5326
"Miles",-96.7610500820385,49.2601144297619,"1952050",722377.240755,4658514.13951
"Milford",-98.4707539084633,49.5368762032742,"1952095",325801.270244,4799725.86715
"Miller",-97.9403458714241,49.5236439180114,"1952140",451050.460725,4781392.27854
"Millersburg",-97.3718723964489,49.0702928674475,"1952230",570057.05869,4602698.18901
"Millerton",-97.7347205674243,48.8255700947682,"1952275",474247.833192,4522033.3118
"Milo",-97.8008341324698,48.9551220289007,"1952455",463108.501289,4570837.60005
"Milton",-97.3291262901751,48.7987597178959,"1952500",570916.332011,4502766.95014
"Minburn",-98.0241662672035,49.0839743067261,"1952545",414409.954164,4623282.30097
"Minden",-98.534036258223,48.9671056726018,"1952590",287672.702839,4593852.23318
"Mineola",-98.5742646487516,48.8660234590022,"1952635",273921.897404,4558103.0666
"Mingo",-97.7676286959046,49.1028519609983,"1952815",476500.532495,4623863.67155
"Missouri Valley",-98.6581496686265,48.9879618410893,"1952860",258761.385042,4604777.03482
"Mitchell",-97.6983090552721,49.581115383151,"1952905",510564.460418,4796465.29747
"Mitchellville",-97.7897867188812,49.0716900413184,"1952950",470050.833823,4613044.60399
"Modale",-98.7009364276872,49.0045620490964,"1952995",249188.992655,4611982.30901
"Mona",-97.7315633983767,49.6291563568707,"1953085",504456.629759,4814764.18639
"Mondamin",-98.7079333821303,49.0316297710282,"1953175",248630.106046,4622031.84815
"Monmouth",-96.9572351776192,49.2538090653738,"1953265",675369.465749,4660376.94361
"Monona",-97.1833831250429,49.5349451435014,"1953310",630992.120732,4767782.78819
"Monroe",-97.6950044047539,49.0326885618539,"1953355",491323.261612,4596552.81387
"Montezuma",-97.499000890378,49.0649752769845,"1953490",539429.884039,4603693.69382
"Monticello",-97.0727494115015,49.2952731284815,"1953625",649198.223407,4677996.26438
"Montour",-97.581947150204,49.1802567881459,"1953670",523702.337408,4647643.94882
"Montrose",-97.0633611475575,48.7735304622821,"1953760",634068.208696,4487634.81322
"Moorhead",-98.6568977618168,49.0990905267359,"1953850",263625.107261,4645222.94578
"Moorland",-98.1439524102486,49.2855726850779,"1953895",393533.44727,4699741.72588
"Moravia",-97.56757568857,48.8495143258969,"1953985",515317.361576,4526781.87585
"Morley",-97.0792260912922,49.2234577833046,"1954030",645250.157722,4651964.61004
"Morning Sun",-97.0346743490016,48.9484350486298,"1954120",646761.648581,4550755.15746
"Morrison",-97.5851771082934,49.290504631738,"1954165",526892.659585,4687893.57597
"Moulton",-97.5092198161063,48.7902863331628,"1954390",527258.579475,4503830.76211
"Mount Auburn",-97.3822438703141,49.2780926516367,"1954435",574828.68312,4678662.25392
"Mount Ayr",-98.0525013061864,48.7650432291005,"1954480",395495.415932,4507788.46813
"Mount Pleasant",-97.1303336061331,48.9017512464153,"1954705",622231.722028,4535841.3093
"Mount Sterling",-97.2483624269179,48.787528490801,"1954750",589978.820312,4496845.64216
"Mount Union",-97.0809313263003,48.9336284680504,"1954795",635163.988325,4546370.74654
"Mount Vernon",-97.1353124389869,49.1935823656494,"1954840",630854.065812,4642310.73296
"Moville",-98.751954853106,49.2660016508237,"1954930",247835.531778,4708597.80566
"Murray",-97.9664332359056,48.8698065471978,"1955065",420162.233568,4543813.12782
"Muscatine",-96.9844615109463,49.0531012217192,"1955110",662257.901353,4587812.30491
"Mystic",-97.6062353135685,48.8133632052287,"1955200",504724.915118,4514519.89002
"Nashua",-97.5683221812245,49.4774643873814,"1955335",537628.088733,4755623.69773
"Nemaha",-98.4184862301833,49.2919621212775,"1955515",328365.648102,4709139.87143
"Neola",-98.5596335507777,48.9607135959096,"1955560",281274.244772,4592205.97083
"Nevada",-97.8372076358034,49.1753351106596,"1955695",462544.364282,4651960.96741
"New Albin",-97.1711204431196,49.6715658403269,"1955785",638559.472539,4817299.83592
"New Hampton",-97.497659204158,49.5145153146188,"1956100",555726.709779,4767476.01664
"New Hartford",-97.5780632044428,49.3594725865635,"1956145",531067.605407,4712857.58701
"New Haven",-97.6199178578744,49.5753114738679,"1956190",528925.916097,4792490.87504
"New Liberty",-96.9376000949373,49.1454646935803,"1956280",676504.786354,4620466.3205
"New London",-97.0774780626329,48.8932625933701,"1956325",634649.180151,4531582.99108
"New Market",-98.2838762126054,48.7567167901135,"1956370",339441.107992,4510646.09807
"New Providence",-97.75301292257,49.260892517553,"1956415",485801.744591,4681097.22673
"New Sharon",-97.5363746529827,49.0273289352835,"1956460",529140.544261,4590847.28721
"New Vienna",-97.0620520182918,49.3899625497054,"1956550",654914.147527,4712272.33768
"New Virginia",-97.8961978979131,48.9169711263876,"1956595",438802.287196,4559264.57076
"Newell",-98.3928904420211,49.3209418672071,"1955965",335621.423519,4719027.17821
"Newhall",-97.3261546639326,49.2017583399449,"1956055",585555.01813,4649565.8805
"Newton",-97.6820235743723,49.0873624071514,"1956505",496418.860368,4616165.27367
"Nichols",-97.0734622244873,49.0632977527502,"1956685",641278.000319,4593466.54893
"Nodaway",-98.2893603279195,48.8191832590327,"1956865",340563.623127,4533546.06632
"Nora Springs",-97.7376015481591,49.5247699546189,"1956910",499179.087309,4776874.82726
"North Buena Vista",-97.0151392487979,49.4339789565081,"1957135",667538.074279,4727293.37418
"North English",-97.3410388794369,49.0548525918646,"1957225",576904.752064,4596367.64121
"North Liberty",-97.1900186539554,49.136145775322,"1957360",615836.106714,4622591.9873
"North Washington",-97.5342385370461,49.5299663907207,"1957495",547601.844956,4773957.5676
"Northboro",-98.4150079111083,48.711933758461,"1957045",306075.608398,4497746.40125
"Northwood",-97.8217257389018,49.6112267994916,"1957630",482449.185638,4810403.76136
"Norwalk",-97.8932898314394,49.0100681421901,"1957675",442972.285168,4593114.64827
"Norway",-97.3059898623775,49.1757568848478,"1957720",589472.090526,4639632.91466
"Numa",-97.614327278514,48.7835994463763,"1957945",501710.617683,4503865.20174
"Oakland",-98.4766742186049,48.9220714098372,"1958080",299623.759347,4575925.39777
"Oakland Acres",-97.6072882275514,49.0989977579041,"1958170",514724.011303,4618630.84398
"Oakville",-96.9621497810175,48.9549578824334,"1958395",664385.480861,4551559.59328
"Ocheyedan",-98.604659781398,49.555699094079,"1958530",294832.992919,4810135.54753
"Odebolt",-98.4664059234971,49.226921944686,"1958575",314329.46926,4686706.48187
"Oelwein",-97.341242073019,49.4080230695942,"1958620",589126.236723,4725076.20787
"Ogden",-98.0361007227347,49.1689820411004,"1958665",414790.892726,4654552.11878
"Okoboji",-98.4677094233412,49.5535400555719,"1958710",327196.873025,4805715.57372
"Olds",-97.1381119650978,48.9527351110802,"1958890",622075.698401,4554594.92052
"Olin",-97.0427906065377,49.2234779238018,"1958980",653948.558062,4651175.54639
"Ollie",-97.3307527517811,48.9587797114399,"1959070",576046.733297,4561121.37376
"Onawa",-98.7456132177854,49.1260685183059,"1959115",243526.684467,4657456.3707
"Onslow",-97.0052086875735,49.2597318802748,"1959250",664120.372691,4663571.80329
"Orange City",-98.7666869136097,49.4217840319636,"1959475",250834.041013,4765738.99564
"Orchard",-97.6615392365686,49.5549820009762,"1959520",518322.140593,4786068.39195
"Orient",-98.1348159883174,48.9088498383365,"1959565",381190.019979,4562259.67576
"Orleans",-98.4580832818455,49.5740437933988,"1959655",330306.450117,4812930.9595
"Osage",-97.6767033334697,49.5712322012379,"1959745",515321.724039,4792349.69847
"Osceola",-97.9029998023826,48.8712124558988,"1959835",435462.111152,4542758.68714
"Oskaloosa",-97.5247647601156,48.9743438942637,"1959925",530040.858872,4571267.48336
"Ossian",-97.3148227896204,49.5544200373494,"1959970",600494.803627,4777826.62915
"Osterdock",-97.0875604450815,49.4438754207389,"1960015",650657.001466,4732479.04188
"Otho",-98.0935261427289,49.2829362841449,"1960105",405449.831006,4697508.76232
"Oto",-98.6849538385068,49.2073649736298,"1960240",261383.065457,4685420.08552
"Otranto",-97.7445380760999,49.6200388609988,"1960285",501049.198337,4811753.15731
"Ottosen",-98.1912589402015,49.4205984083802,"1960420",387521.248739,4750133.48179
"Ottumwa",-97.4353946776589,48.8960540757833,"1960465",548736.699173,4540660.91128
"Owasa",-97.771280236048,49.3051718722455,"1960555",483078.110554,4697671.32858
"Oxford",-97.2518020955351,49.1246901781363,"1960645",600669.476164,4619799.79198
"Oxford Junction",-96.9780087047544,49.2243430410225,"1960690",669441.794161,4650085.32785
"Oyens",-98.7602941065608,49.3663503865155,"1960780",250036.421647,4745374.68997
"Pacific Junction",-98.6064806920576,48.8263508741246,"1960825",264564.736872,4544514.68022
"Packwood",-97.3241549555164,48.9394118513707,"1960915",576961.663086,4553912.9801
"Palmer",-98.2558988900745,49.3361691866123,"1961050",368841.333048,4721027.9711
"Palo",-97.2737621924063,49.2273886769061,"1961230",598948.307934,4657721.09225
"Panama",-98.5204610398043,49.0465666310325,"1961275",294136.986363,4622437.44822
"Panora",-98.1362060830086,49.0573949706526,"1961320",386573.097664,4616415.10474
"Panorama Park",-96.7826836515037,49.1081206740231,"1961365",712353.191384,4603566.56027
"Park View",-96.8208056392912,49.148348516189,"1961725",704524.219027,4619031.33011
"Parkersburg",-97.6334838600383,49.3579021934573,"1961590",517820.195663,4713592.29273
"Parnell",-97.3192076962072,49.0770983730908,"1961770",582902.267044,4603978.33367
"Paton",-98.118790440243,49.2022966171193,"1961815",396319.710565,4668766.45074
"Patterson",-97.9553208301303,48.9640346043659,"1961860",426373.115192,4577870.85771
"Paullina",-98.6401381710007,49.4208786064107,"1961905",280864.469219,4761981.12615
"Pella",-97.6258106389916,49.002557919357,"1962040",506816.760599,4583926.55685
"Peosta",-96.9650410972259,49.3678192810573,"1962130",677263.407547,4702098.04669
"Percival",-98.6010446144122,48.7458800006266,"1962175",262602.282113,4515054.21892
"Perry",-98.051073085346,49.1075934362924,"1962355",408871.426345,4632560.39851
"Persia",-98.5478625104549,49.0001097098925,"1962445",285693.116284,4606243.17778
"Peterson",-98.5198802503821,49.4089884381676,"1962625",308956.590732,4754440.02531
"Pierson",-98.6854298719241,49.2864018404029,"1962760",264536.086266,4714221.3776
"Pilot Mound",-98.0365539543896,49.2068959697219,"1962850",416127.771944,4668376.87533
"Pioneer",-98.1858678216206,49.3474735640832,"1962985",385953.487294,4723356.63905
"Pisgah",-98.6794887885797,49.0704648389192,"1963075",257042.232247,4635406.44818
"Plainfield",-97.5621334765571,49.4450051625365,"1963210",537930.762702,4743650.93097
"Plano",-97.6404992826347,48.8031892868356,"1963345",496112.650292,4511624.72496
"Pleasant Hill",-97.836340738185,49.044786015865,"1963525",457908.77835,4604372.05871
"Pleasant Plain",-97.247303936795,48.9487973234542,"1963615",595732.576976,4555595.9087
"Pleasanton",-97.8750231619866,48.7355665233077,"1963570",437152.685252,4492645.44646
"Pleasantville",-97.7465885206612,48.9893281661422,"1963750",477376.955315,4581990.61911
"Plover",-98.2737447573861,49.410063048025,"1963840",367503.262777,4748405.48886
"Plymouth",-97.7806548216397,49.5526042939463,"1963885",489999.074053,4788051.79295
"Pocahontas",-98.2848434338802,49.366346686515,"1963975",363140.575879,4732765.64427
"Polk City",-97.9176127829385,49.0953011454887,"1964020",440335.119635,4624768.14154
"Pomeroy",-98.2811897828864,49.309481940474,"1964065",361769.266202,4711956.11117
"Popejoy",-97.8546567640752,49.3494666777464,"1964110",464865.667261,4715832.36493
"Portland",-97.7757412947795,49.5170616137489,"1964155",489847.582288,4774983.20584
"Portsmouth",-98.5330168856386,49.022732518111,"1964200",290166.217696,4614088.90293
"Postville",-97.2440415013814,49.5399866734909,"1964290",616778.674888,4770973.16001
"Prairie City",-97.7443352605376,49.0529659698566,"1964470",480246.229806,4605124.91156
"Prairieburg",-97.1522686146862,49.2887582292573,"1964425",630023.37277,4677372.46406
"Prescott",-98.1951824973083,48.8508348215419,"1964560",364446.418816,4542658.16624
"Preston",-96.789985472728,49.2590884551336,"1964605",715441.549753,4658746.15605
"Primghar",-98.6230018576732,49.4545076163534,"1964650",286319.724343,4773769.74492
"Princeton",-96.7531388117322,49.1482706465234,"1964740",720701.036191,4617582.53012
"Promise City",-97.676074598661,48.7982076898219,"1964875",487369.076566,4510656.80348
"Protivin",-97.4294351158318,49.5674393764031,"1965010",573783.637826,4785185.18127
"Pulaski",-97.3692774792525,48.8029752878449,"1965055",561395.618661,4505219.85676
"Quasqueton",-97.2738950566318,49.3278232843798,"1965235",602375.354147,4694325.5795
"Quimby",-98.6116170233217,49.3162022933314,"1965280",283345.254625,4723088.06794
"Radcliffe",-97.8436873815099,49.2652812713583,"1965370",464341.692685,4684891.64246
"Rake",-98.0608142702396,49.6078571051105,"1965415",425717.430522,4815062.40937
"Ralston",-98.2434848007153,49.1576436350571,"1965505",364804.96814,4655671.92036
"Randalia",-97.3417798033723,49.4659159349083,"1965550",591016.055156,4746185.57582
"Randall",-97.8981877097784,49.2379432296877,"1965595",450321.854428,4676263.12913
"Randolph",-98.5201522075134,48.7867415661516,"1965640",283734.710298,4527778.03992
"Rathbun",-97.5878268642899,48.8205272152306,"1965730",509411.212389,4516695.69738
"Raymond",-97.4379953485288,49.338787644725,"1965820",563676.188557,4702060.52184
"Readlyn",-97.4493808364509,49.4096762792453,"1965910",563470.689625,4728155.35075
"Reasnor",-97.6697127060088,49.0519314817594,"1965955",498080.521618,4602961.08396
"Red Oak",-98.4075822171293,48.8357785198496,"1966135",312780.772527,4542669.73261
"Redding",-98.1004416088688,48.7291148545532,"1966000",382576.572058,4495904.34697
"Redfield",-98.0743569530605,49.0304501839663,"1966045",400352.476783,4605038.09064
"Reinbeck",-97.5582324464387,49.2860992226975,"1966315",533156.987233,4685655.55228
"Rembrandt",-98.4568173214807,49.3840995133039,"1966360",322942.570267,4743708.96532
"Remsen",-98.7304864146512,49.3656817321515,"1966405",257098.840516,4744319.41493
"Renwick",-98.0522093919858,49.4083348997425,"1966450",420097.92118,4742158.15794
"Rhodes",-97.7415827230789,49.1533935436854,"1966540",484583.943254,4641652.4459
"Riceville",-97.5932860880912,49.6001388748449,"1966585",536134.149538,4800910.09801
"Richland",-97.2959670187422,48.9570964481058,"1966720",584336.933539,4559718.43794
"Rickardsville",-96.9848650023795,49.4064037710926,"1966810",673821.374361,4716588.18944
"Ricketts",-98.5698576570296,49.1659315659677,"1966855",287164.32322,4667233.97849
"Ridgeway",-97.3984535016404,49.5941614968526,"1967035",582067.150994,4794212.07068
"Rinard",-98.2057232277421,49.2501783363204,"1967125",377432.286482,4688417.09823
"Ringsted",-98.2522636428995,49.5388153043855,"1967170",377674.281221,4794756.93074
"Rippey",-98.090576684191,49.1339166014777,"1967215",400431.527081,4643142.52877
"River Sioux",-98.7200293888122,49.0594162606423,"1967530",246882.671851,4632481.88176
"Riverdale",-96.7862446581588,49.1032401295984,"1967350",711344.991109,4601862.37631
"Riverside",-97.1653590468887,49.0576927499329,"1967440",619080.036663,4593451.3341
"Riverton",-98.5140247587125,48.730661852937,"1967575",282955.632042,4507185.31099
"Robins",-97.2267040713464,49.2330864199789,"1967800",610374.998834,4658740.54566
"Rochester",-97.0298415909738,49.1254106423586,"1967890",653784.365261,4615151.59862
"Rock Falls",-97.7659358980196,49.5418046606519,"1968025",493088.636793,4783762.29309
"Rock Rapids",-98.8201678760155,49.5478289168645,"1968160",243439.018657,4813108.82837
"Rock Valley",-98.8546269707167,49.477615033705,"1968205",232301.561759,4788485.01886
"Rockford",-97.7122950271021,49.4983659600778,"1968070",504212.207981,4766648.29723
"Rockwell",-97.7910424322825,49.4724012653396,"1968250",484561.630213,4759080.20552
"Rockwell City",-98.2581108636795,49.2646345844143,"1968295",365505.835775,4695024.75873
"Rodman",-98.2475279326959,49.4573326042984,"1968340",375592.303556,4764952.41527
"Rodney",-98.7013350654033,49.1822255784091,"1968385",256433.466272,4676707.01158
"Roland",-97.8606555561707,49.2185293317614,"1968475",458552.462237,4668270.96289
"Rolfe",-98.2398811788006,49.3928743710134,"1968520",374878.217747,4741274.83518
"Rome",-97.1778888244113,48.9040754397877,"1968565",610883.926213,4537743.73436
"Rose Hill",-97.4647318595227,48.9869926512871,"1968700",544887.903806,4574479.67123
"Roseville",-97.6638151318046,49.4916591196709,"1968800",515472.870268,4763049.41636
"Rossie",-98.4718215875993,49.440210485386,"1968925",321640.282922,4764542.99713
"Rowan",-97.9030197813398,49.3908755383934,"1969015",454909.269885,4732102.28766
"Rowley",-97.3029207028927,49.3180889760093,"1969060",595124.946428,4691433.3035
"Royal",-98.5060798436046,49.4539459701352,"1969105",314060.208165,4770450.543
"Rudd",-97.7005280595615,49.5220285192486,"1969195",507871.931962,4774989.08
"Runnells",-97.7827299296899,49.0244418455766,"1969240",470001.539574,4595657.69279
"Russell",-97.7038576452601,48.8680900142873,"1969285",483217.146341,4536786.31488
"Ruthven",-98.3780475705468,49.4810810288794,"1969330",345547.6736,4776974.73372
"Rutland",-98.1567416132022,49.3812917920422,"1969375",394198.324589,4734937.32345
"Ryan",-97.1783490813711,49.3213245554896,"1969465",624912.848739,4689819.54821
"Sabula",-96.7143569340671,49.2704017035306,"1969510",733842.553732,4661291.59479
"Sac City",-98.3826268849357,49.2650413322837,"1969645",335836.526093,4698395.84611
"Sageville",-96.9233167552187,49.4020965389004,"1969690",688318.227478,4713695.36041
"Salem",-97.1501323692655,48.866464920283,"1970230",616287.74942,4523419.42158
"Salix",-98.8208313111532,49.2073921505105,"1970320",228957.515346,4689136.8246
"Sanborn",-98.636600385542,49.4828730956731,"1970410",284260.214393,4784466.4218
"Sandyville",-97.7856500951952,48.9810623338677,"1970590",467705.941019,4579921.77262
"Saylorville",-97.8857592159459,49.0725492095665,"1970995",447107.6858,4615695.74772
"Scarville",-97.958229967992,49.6100664979222,"1971040",450088.287802,4813319.33349
"Schaller",-98.4877766444331,49.2831963740564,"1971085",311502.461596,4707769.52189
"Schleswig",-98.5231029342558,49.1789845491805,"1971130",298861.111576,4670744.00605
"Scranton",-98.2127595551429,49.1534788820407,"1971310",371984.189025,4653367.99356
"Searsboro",-97.5597318744637,49.0595792533636,"1971355",524695.002863,4603146.93765
"Sergeant Bluff",-98.8466852151404,49.2335910667992,"1971625",223890.899141,4699390.97587
"Sexton",-98.1017665216698,49.4820125406274,"1971715",411159.630035,4770242.91457
"Seymour",-97.6628768272134,48.7795671359189,"1971760",489873.867571,4503549.27394
"Shambaugh",-98.3274115233932,48.7317733207562,"1971895",327974.207662,4502686.33623
"Shannon City",-98.069431585315,48.8206942031024,"1971940",393535.023911,4528490.39571
"Sharpsburg",-98.1956553532348,48.7833486214304,"1972075",361722.401512,4518082.49641
"Sheffield",-97.7963999728569,49.4442722648965,"1972210",482246.205283,4748960.73226
"Shelby",-98.5046146099197,48.9828823000635,"1972300",295364.808708,4598817.87458
"Sheldahl",-97.9137556540345,49.1234300323028,"1972345",442312.075536,4634922.18324
"Sheldon",-98.7006902215447,49.4791443239876,"1972390",268896.70348,4784836.69726
"Shell Rock",-97.5711470382263,49.4037382819196,"1972435",534304.895641,4728825.12419
"Shellsburg",-97.2984231939155,49.2343304627693,"1972480",593301.967477,4660807.64889
"Shenandoah",-98.4487671235333,48.7570416901555,"1972525",299734.495304,4515068.12451
"Sherrill",-96.9526815777548,49.4155112252169,"1972660",681775.510533,4719214.26313
"Shueyville",-97.2100255216764,49.1645353903713,"1972840",612018.828267,4633384.78584
"Sibley",-98.6750558301299,49.5479485257233,"1972975",277831.596617,4809203.77068
"Sidney",-98.5430906165202,48.7472312483812,"1973065",276618.998122,4513995.40432
"Sigourney",-97.3759628608152,48.9972217895468,"1973110",566534.109558,4576162.66501
"Silver City",-98.5535008390455,48.8577319009243,"1973155",278576.758007,4554527.71541
"Sioux Center",-98.8072623960469,49.4406413242994,"1973290",241986.54104,4773716.98765
"Sioux City",-98.8621320850782,49.2638309191635,"1973335",221482.791733,4710831.11422
"Sioux Rapids",-98.4532889421263,49.4046227149942,"1973425",324608.315624,4751092.04734
"Slater",-97.9109686078474,49.1281435201383,"1973515",443155.159534,4636571.02783
"Sloan",-98.7965234655265,49.1862103772717,"1973605",233872.019012,4680754.34532
"Smithland",-98.6959354640744,49.1898840754513,"1973650",258039.394725,4679350.18444
"Soldier",-98.6351046212497,49.118965838311,"1973785",269652.630076,4651875.29672
"Solon",-97.1545466672418,49.1573033241027,"1973875",625033.517078,4629514.52674
"Somers",-98.1878870808014,49.2635728684148,"1973920",382207.028627,4692842.25286
"South Amana",-97.3145907838179,49.1354187101445,"1973965",586022.447288,4625127.36044
"South English",-97.3416011111617,49.0354521075279,"1974055",576097.905963,4589310.30758
"Spencer",-98.4647911828495,49.4809232732969,"1974280",324954.026232,4779187.83428
"Spillville",-97.3814684480255,49.5671198041023,"1974370",585140.758179,4783969.59587
"Spirit Lake",-98.4615592203489,49.5640002989282,"1974415",329077.093163,4809363.96813
"Spragueville",-96.8035418643499,49.2641267101405,"1974460",712369.410555,4660867.35771
"Spring Hill",-97.8780809722707,48.9880171701675,"1974685",445796.600787,4584707.01588
"Springbrook",-96.8236920603143,49.2910310871706,"1974505",708430.271893,4671098.01889
"Springville",-97.1505343796317,49.2334039921777,"1974775",628564.319706,4657160.4054
"St. Ansgar",-97.7177847202666,49.597495367542,"1969735",506552.868341,4802898.56409
"St. Anthony",-97.7544707033534,49.2126841702479,"1969780",483681.735357,4663566.55789
"St. Benedict",-98.0904912551541,49.4704579159157,"1969825",413390.572233,4765750.02871
"St. Charles",-97.9280018765457,48.947269872956,"1969915",432299.274915,4571087.37853
"St. Donatus",-96.8561095683762,49.3490408710697,"1969960",702582.475503,4692926.85866
"St. Joseph",-98.1409539788971,49.4289522749658,"1970005",399800.384912,4751900.79834
"St. Lucas",-97.3681967282294,49.5262398490934,"1970050",586853.914245,4768769.729
"St. Marys",-97.9029299065534,48.9548087117933,"1970095",438597.8217,4573216.83132
"St. Olaf",-97.1754530683877,49.4977371405169,"1970140",631605.026364,4754046.83589
"St. Paul",-97.1101885890783,48.8436266527289,"1970185",625128.754438,4514212.17016
"Stacyville",-97.6746727902544,49.6181295035168,"1974820",517517.829798,4809389.19867
"Stanhope",-97.9668092968712,49.2495893013362,"1974910",434390.886578,4682197.39529
"Stanley",-97.3055028844093,49.4012398343724,"1974955",597389.681,4721793.91807
"Stanton",-98.3632950413493,48.8283338675345,"1975000",323137.619534,4538799.36688
"Stanwood",-97.0399049223657,49.1912670429043,"1975045",653566.069315,4639373.0335
"State Center",-97.7385657396931,49.1808272168432,"1975135",486310.420771,4651576.12162
"Steamboat Rock",-97.7225696601492,49.3014145270573,"1975180",494546.229101,4695131.21864
"Stockport",-97.2243180340914,48.8621544746804,"1975405",598303.816513,4523502.9861
"Stockton",-96.9234241302939,49.1081198308667,"1975450",678674.911764,4606550.91181
"Stone City",-97.1213614055201,49.2531430771649,"1975540",636191.517998,4663709.71741
"Storm Lake",-98.4621208044959,49.32883028391,"1975630",319453.984148,4723715.82848
"Story City",-97.8919698850997,49.2229789232774,"1975675",451245.114114,4670658.34187
"Stout",-97.6066831658216,49.3449887589147,"1975720",523732.894927,4708253.57419
"Stratford",-98.0109022151769,49.2413440027931,"1975810",423560.711748,4680287.84075
"Strawberry Point",-97.2139667137974,49.4196718740169,"1975855",619790.494584,4726454.2803
"Struble",-98.8091694659213,49.3865602351201,"1975945",239259.98759,4754072.50994
"Stuart",-98.1131146104607,49.0014366222245,"1975990",389953.284327,4595443.64693
"Sully",-97.6091882754716,49.0560011883327,"1976035",512722.840935,4603007.89157
"Sumner",-97.4134361766341,49.4569605639689,"1976260",573681.925776,4744558.73717
"Sun Valley Lake",-97.9987873425173,48.8102061925266,"1976415",410136.435223,4522901.17276
"Superior",-98.4060852108309,49.5713272327378,"1976440",342514.476582,4810579.31328
"Sutherland",-98.5754695550923,49.4223988781923,"1976485",296292.699035,4760802.89587
"Swaledale",-97.8336204171168,49.4677579405183,"1976620",474279.011716,4758419.95527
"Swan",-97.7643865031099,49.0116271927859,"1976665",473926.959641,4590545.06092
"Swea City",-98.1886659186733,49.5693424041733,"1976755",393944.190382,4804254.53918
"Swisher",-97.2260515798271,49.1633711093963,"1976890",608148.98805,4633318.92467
"Tabor",-98.5578230517631,48.7920431816109,"1976935",274880.803249,4530713.37756
"Tama",-97.5333315019018,49.1793348106521,"1977115",535283.117789,4646167.88864
"Templeton",-98.3439875006509,49.1142741152996,"1977340",339074.461687,4642466.80745
"Tennant",-98.5044976969355,49.0067364079827,"1977430",296353.950152,4607504.46404
"Terril",-98.4095927194837,49.5326314005297,"1977520",340129.621965,4796575.56725
"Thayer",-98.0007184696867,48.8638744053224,"1977565",411697.256372,4542503.87208
"Thompson",-98.0060113600727,49.57627331333,"1977745",437485.611065,4802190.45455
"Thor",-98.0710543207795,49.3651531398676,"1977790",413959.850799,4726897.91276
"Thornburg",-97.426215364257,49.0305168185475,"1977835",555650.738499,4589450.52092
"Thornton",-97.8547471501992,49.4561149069392,"1977880",468827.147546,4754691.85621
"Thurman",-98.5824923443429,48.7676283689734,"1977970",267953.24127,4522479.25525
"Tiffin",-97.2077871777918,49.1241750518491,"1978060",611179.621928,4618625.72618
"Tingley",-98.043329765456,48.8076358577986,"1978195",399319.694528,4523077.46559
"Tipton",-97.0264368055142,49.1556804568545,"1978285",655602.573193,4626109.77389
"Titonka",-98.0915859906608,49.5304932459308,"1978330",415445.880763,4787649.0699
"Toeterville",-97.7119965648201,49.6167284049222,"1978465",508630.6475,4809767.98944
"Toledo",-97.5360097927757,49.1870321899481,"1978510",534917.844246,4649035.44167
"Toronto",-96.9423567148976,49.202289790218,"1978600",677229.531085,4641279.73141
"Traer",-97.5066653077551,49.2490812203604,"1978735",544132.428078,4670961.65049
"Treynor",-98.5476558754683,48.8945589763374,"1978825",281470.663716,4567787.41178
"Tripoli",-97.4658057461053,49.439749976342,"1978915",560631.479741,4739493.69171
"Truesdale",-98.4587888947177,49.3546980354828,"1979095",321289.075171,4733050.89368
"Truro",-97.93747479285,48.9224169997428,"1979140",429094.119045,4562265.71934
"Turin",-98.7003272727024,49.1263659703855,"1979185",254364.494627,4656333.09253
"Twin Lakes",-98.2617119382898,49.2903867718184,"1979335",365658.601021,4704498.79236
"Udell",-97.5359905635546,48.8175424313866,"1979410",521779.138362,4514389.41524
"Underwood",-98.5787811644649,48.9395626511622,"1979500",275821.980891,4585012.88441
"Union",-97.714202378006,49.2521429674454,"1979545",494737.170966,4676977.49534
"Unionville",-97.5219901699881,48.8302807222796,"1979680",525599.444547,4518703.83319
"University Heights",-97.1688285056012,49.1096293476359,"1979770",620005.874512,4612456.70097
"University Park",-97.5164647481533,48.9726330357184,"1979815",531971.3114,4570450.15477
"Urbana",-97.3087427886126,49.2737679851887,"1979905",592203.638869,4675413.32117
"Urbandale",-97.9263413641875,49.0524912620176,"1979950",436640.658926,4609385.02122
"Ute",-98.6116951721373,49.1398947458422,"1979995",276105.583669,4658869.67114
"Vail",-98.439524472896,49.1525998164726,"1980130",317763.242314,4658925.01509
"Valeria",-97.7805779384205,49.0908913224569,"1980175",472962.132276,4619818.29141
"Van Horne",-97.3691125645668,49.2035182445422,"1980400",575358.061144,4651185.66262
"Van Meter",-97.9880777809963,49.0159357294345,"1980445",420474.660124,4597593.78544
"Van Wert",-97.9050536046044,48.8212289995855,"1980490",433104.968041,4524596.64052
"Varina",-98.3587853804607,49.3388852904878,"1980535",344456.466074,4724675.10709
"Ventura",-97.8917858432398,49.5097599334878,"1980580",462045.716614,4775141.57265
"Victor",-97.4260788879158,49.1142601502952,"1980805",558620.609589,4619965.11504
"Villisca",-98.3197075211752,48.8149008185156,"1980985",333094.313337,4532771.66862
"Vincent",-98.0564120561197,49.3363532638041,"1981075",416340.58243,4716038.66516
"Vining",-97.4690003911817,49.1908072257,"1981120",551057.040004,4648851.54015
"Vinton",-97.3552080332852,49.2521462838892,"1981210",580371.021291,4668589.48864
"Volga",-97.2212318285764,49.4563436566422,"1981345",619319.71604,4739980.92392
"Wadena",-97.2623800458271,49.4648480485159,"1981570",609837.595997,4744002.14462
"Wahpeton",-98.4814712092442,49.5485141360954,"1981615",323732.095584,4804247.30013
"Walcott",-96.8958633827749,49.1105156178185,"1981705",685347.788502,4606834.67059
"Walford",-97.2742307340302,49.1703311995117,"1981840",596873.754334,4636937.98442
"Walker",-97.2767981043188,49.2947757380942,"1981885",600544.749183,4682347.48153
"Wall Lake",-98.4100515468968,49.218436558602,"1982020",327435.430292,4682135.13627
"Wallingford",-98.3490207106029,49.5407788809161,"1981975",354815.043519,4797966.59582
"Walnut",-98.424060093906,48.9770572226369,"1982065",314447.218633,4594570.35801
"Wapello",-97.0171228314175,48.975393606297,"1982200",651865.380408,4560198.53958
"Washburn",-97.4501341856623,49.320449547551,"1982290",560137.848512,4695658.00445
"Washington",-97.1962684961737,48.9995219029383,"1982335",609702.935656,4572939.10779
"Washta",-98.6355869235885,49.298277624238,"1982380",276900.310391,4717202.698
"Waterloo",-97.480419269183,49.3416250993243,"1982425",553674.851699,4704075.17424
"Waterville",-97.1594576789311,49.5847024913206,"1982470",638359.681152,4785385.69899
"Watkins",-97.3275954555767,49.1707171373232,"1982515",584135.289584,4638286.32801
"Waucoma",-97.402197886873,49.5208400272909,"1982650",578598.501745,4767579.10864
"Waukee",-97.9590290789647,49.0412934352919,"1982695",428390.965508,4606112.46103
"Waukon",-97.2245248555338,49.5985502609714,"1982740",623418.516074,4791878.72683
"Waverly",-97.5354924408424,49.4104429351562,"1982875",543023.296292,4730433.63328
"Wayland",-97.178392040111,48.9542734168668,"1982965",612459.418732,4556049.77536
"Webb",-98.4096540355827,49.424282576181,"1983010",335768.666103,4757109.458
"Webster",-97.3685801622337,49.029465208838,"1983055",569425.296311,4587744.18566
"Webster City",-97.9834652072419,49.301705426629,"1983145",432393.792275,4701598.04755
"Weldon",-97.8858357754618,48.830971604233,"1983190",438091.151359,4527674.26198
"Wellman",-97.2551493591726,49.0470487966077,"1983280",597209.819716,4591579.44708
"Wellsburg",-97.6762770882622,49.312385233643,"1983325",505976.519953,4698022.81851
"Welton",-96.8505758288211,49.2105546461073,"1983370",699416.96798,4642333.99647
"Wesley",-98.0685492206874,49.4863108481262,"1983415",419209.414836,4770975.14797
"West Amana",-97.3162484904328,49.1456806516117,"1983505",585980.842044,4628904.72583
"West Bend",-98.2170113092222,49.4384157360036,"1983550",382098.483751,4757280.66989
"West Branch",-97.0973857895863,49.1210402735614,"1983595",637481.828619,4615036.49558
"West Burlington",-96.9917035444627,48.8687793247575,"1983685",654458.272256,4520788.63354
"West Chester",-97.2422578964125,49.0081041082275,"1983775",598967.95247,4577096.538
"West Des Moines",-97.9273190968752,49.0329250631061,"1983910",435672.758844,4602280.00395
"West Liberty",-97.0622604679254,49.0928799707403,"1984315",644946.001933,4604002.8526
"West Okoboji",-98.4750393892994,49.5425108022416,"1984450",325013.424895,4801891.12076
"West Point",-97.0848343177672,48.8291644925511,"1984585",630746.506683,4508382.95657
"West Union",-97.3204312363935,49.4965274220774,"1984765",597150.90661,4756856.54872
"Westfield",-98.9439158919208,49.3377479965077,"1984090",205140.608098,4740021.32784
"Westgate",-97.3743564343871,49.434780902625,"1984180",582188.579443,4735581.57175
"Weston",-98.5985190703137,48.9248609838016,"1984495",270486.876567,4580186.21525
"Westphalia",-98.492638830221,49.0459803093869,"1984540",300775.61672,4621486.23252
"Westside",-98.404753371176,49.1584640708047,"1984630",326305.658813,4660149.37988
"Westwood",-97.1570000899893,48.900306796143,"1984835",615775.784409,4535905.76999
"What Cheer",-97.4311483302709,49.0137475175732,"1984900",553880.53713,4583453.16875
"Wheatland",-96.9304907492668,49.1817237504497,"1984945",679390.548969,4633529.26494
"Whiting",-98.767898392414,49.1548707487508,"1985215",239399.698194,4668555.68923
"Whittemore",-98.21374686787,49.4701938265155,"1985260",384117.730448,4768773.98809
"Whitten",-97.6946789673736,49.2581745966608,"1985305",499614.012505,4678708.45396
"Willey",-98.3057335038341,49.1347328756292,"1985710",349028.646358,4648928.49697
"Williams",-97.8891865931433,49.3145297600019,"1985800",455337.128521,4703946.86469
"Williamsburg",-97.3259744025671,49.1019235843351,"1985845",582141.077791,4613179.09907
"Williamson",-97.7283467898899,48.8988132022312,"1985935",478449.719789,4548569.25522
"Wilton",-96.9800089557829,49.1036956046614,"1986070",664989.31276,4606156.23028
"Windsor Heights",-97.9085935955896,49.0451589469383,"1986250",440616.580801,4606276.45949
"Winfield",-97.1008246194434,48.9536523698359,"1986385",631056.418496,4554106.07731
"Winterset",-98.0015025944051,48.9574880715722,"1986520",415046.226222,4576632.15706
"Winthrop",-97.2707175162138,49.3516659646317,"1986565",603953.694549,4702942.99363
"Wiota",-98.3054191521511,48.9595532030809,"1986610",342210.538161,4585100.91044
"Woden",-98.0467378645579,49.5315817790095,"1986700",426122.29699,4786922.62868
"Woodbine",-98.6006829367936,49.0456820537001,"1986835",274891.563536,4624256.01832
"Woodburn",-97.8430795681568,48.8684173187361,"1986880",449761.590687,4540272.13189
"Woodward",-97.9910720975422,49.1163441844949,"1986970",423555.053103,4634251.96989
"Woolstock",-97.9959528184531,49.3325023944018,"1987015",430588.557724,4713128.38495
"Worthington",-97.0561703585037,49.3443226802323,"1987060",654788.149371,4695510.25455
"Wyoming",-96.9994030952133,49.2456599329255,"1987240",665039.6809,4658317.28876
"Yale",-98.1369679251907,49.082818645062,"1987285",387370.514382,4625697.00062
"Yetter",-98.3267083806168,49.2364467379343,"1987375",348036.01945,4686525.53201
"Yorktown",-98.3721120857731,48.7525982274122,"1987420",318023.530149,4511437.7067
"Zearing",-97.7903953172614,49.2218257380881,"1987555",475443.741119,4667764.47574
"Zwingle",-96.9027809000058,49.3252811524179,"1987690",690693.350647,4685259.45859
