"","fiscalyear","aea","dist","de_district","district_name","amount","revenues_per_pupil"
"1",2017,1,135,135,"Allamakee",27595125,24307
"2",2017,1,1080,1080,"Central",9961549,22222
"3",2017,1,1638,1638,"Decorah Community",33143994,23890
"4",2017,1,1863,1863,"Dubuque",212117471,20037
"5",2017,1,1972,1972,"Eastern Allamakee",6877895,19854
"6",2017,1,1989,1989,"Edgewood-Colesburg",9635059,24087
"7",2017,1,2763,2763,"Clayton Ridge",12967947,22073
"8",2017,1,3029,3029,"Howard-Winneshiek",25639648,21409
"9",2017,1,4043,4043,"Maquoketa Valley",21692791,30947
"10",2017,1,4419,4419,"MFL MarMac",15683478,20044
"11",2017,1,4662,4662,"New Hampton",27556817,28065
"12",2017,1,4774,4774,"North Fayette",20366958,25593
"13",2017,1,4787,4787,"North Winneshiek",5117503,17205
"14",2017,1,4869,4869,"Oelwein",28576915,21762
"15",2017,1,5310,5310,"Postville",14227903,21101
"16",2017,1,5508,5508,"Riceville",8069180,26094
"17",2017,1,6100,6100,"South Winneshiek",11013563,20171
"18",2017,1,6175,6175,"Starmont",13363458,21541
"19",2017,1,6509,6509,"Turkey Valley",8607364,25226
"20",2017,1,6591,6591,"Valley",9931570,26060
"21",2017,1,6943,6943,"West Central",6031079,21758
"22",2017,1,6950,6950,"West Delaware County",28805429,19138
"23",2017,1,6961,6961,"Western Dubuque",78316507,25671
"24",2017,5,72,72,"Albert City-Truesdale",5217965,25832
"25",2017,5,126,126,"Algona",33163143,25058
"26",2017,5,171,171,"Alta",13743489,25745
"27",2017,5,333,333,"North Union",12006775,28587
"28",2017,5,1206,1206,"Clarion-Goldfield-Dows",20030011,21061
"29",2017,5,1218,1218,"Clay Central-Everly",9394001,25737
"30",2017,5,1944,1944,"Eagle Grove",17698092,21102
"31",2017,5,2088,2088,"Emmetsburg",15172936,22568
"32",2017,5,2124,2124,"Estherville Lincoln",33629316,24426
"33",2017,5,2313,2313,"Fort Dodge",141489401,37561
"34",2017,5,2493,2493,"Gilmore City-Bradgate",3385333,31055
"35",2017,5,2556,2556,"Graettinger-Terril",7705570,21703
"36",2017,5,2846,2846,"Harris-Lake Park",9610613,29175
"37",2017,5,3060,3060,"Humboldt",28315952,23405
"38",2017,5,3195,3195,"Greene County",26717790,20569
"39",2017,5,3537,3537,"Laurens-Marathon",7749888,24503
"40",2017,5,3897,3897,"LuVerne",4348390,26825
"41",2017,5,4023,4023,"Manson Northwest Webster",16102514,25001
"42",2017,5,4644,4644,"Newell-Fonda",9830338,21037
"43",2017,5,4775,4775,"Northeast Hamilton",7154394,37067
"44",2017,5,4778,4778,"North Kossuth",6448170,24188
"45",2017,5,4860,4860,"Odebolt-Arthur",8097253,23878
"46",2017,5,4890,4890,"Okoboji",17537128,18279
"47",2017,5,5139,5139,"Paton-Churdan",4945376,24979
"48",2017,5,5283,5283,"Pocahontas Area",20525500,28627
"49",2017,5,5323,5325,"Prairie Valley",13215685,23292
"50",2017,5,5724,5724,"Ruthven-Ayrshire",6474558,26315
"51",2017,5,5823,5823,"Schaller-Crestland",9906443,28196
"52",2017,5,6048,6035,"Sioux Central",13930972,28873
"53",2017,5,6091,6091,"South Central Calhoun",22189268,24096
"54",2017,5,6095,6095,"South Hamilton",23919412,36724
"55",2017,5,6096,6096,"Southeast Webster Grand",15186120,28352
"56",2017,5,6102,6102,"Spencer",43963357,23447
"57",2017,5,6120,6120,"Spirit Lake",22887737,19551
"58",2017,5,6219,6219,"Storm Lake",58167656,25054
"59",2017,5,6246,6246,"Stratford",5047563,29741
"60",2017,5,6516,6516,"Twin Rivers",5802148,35813
"61",2017,5,6741,6741,"East Sac County",16858373,18739
"62",2017,5,6867,6867,"Webster City",24995177,16345
"63",2017,5,6921,6921,"West Bend-Mallard",9620492,29962
"64",2017,7,9,9,"AGWSR",13825129,22102
"65",2017,7,108,108,"Alden",6115006,23748
"66",2017,7,153,153,"North Butler",11894440,19759
"67",2017,7,279,279,"Aplington-Parkersburg",20442193,24271
"68",2017,7,540,540,"BCLUW",12984097,22719
"69",2017,7,594,594,"Belmond-Klemme",17519495,21866
"70",2017,7,819,819,"West Hancock",12537554,20825
"71",2017,7,846,846,"Brooklyn-Guernsey-Malcom",12830229,24026
"72",2017,7,873,873,"North Iowa",9960047,20714
"73",2017,7,916,916,"CAL",5868114,22474
"74",2017,7,1044,1044,"Cedar Falls",142918883,28287
"75",2017,7,1116,1116,"Charles City",38465838,25116
"76",2017,7,1215,1215,"Clarksville",6112584,17877
"77",2017,7,1233,1233,"Clear Lake",26745942,21884
"78",2017,7,1719,1719,"Denver",23829781,33186
"79",2017,7,1791,1791,"Dike-New Hartford",19317086,21467
"80",2017,7,1908,1908,"Dunkerton",10764812,24179
"81",2017,7,1935,6536,"Union",20379543,18090
"82",2017,7,1963,1963,"East Buchanan",23249862,43245
"83",2017,7,2007,2007,"Eldora-New Providence",15472388,24671
"84",2017,7,2295,2295,"Forest City",26254999,24052
"85",2017,7,2403,2403,"Garner-Hayfield-Ventura",23486082,26073
"86",2017,7,2502,2502,"Gladbrook-Reinbeck",11602399,19764
"87",2017,7,2682,2682,"GMG",9938057,33214
"88",2017,7,2709,2709,"Grinnell-Newburg",33802087,21088
"89",2017,7,2727,2727,"Grundy Center",15262469,24055
"90",2017,7,2781,2781,"Hampton-Dumont",23421576,19351
"91",2017,7,3033,3033,"Hubbard-Radcliffe",10337163,23114
"92",2017,7,3042,3042,"Hudson",13991605,20597
"93",2017,7,3105,3105,"Independence",28363487,19827
"94",2017,7,3150,3150,"Iowa Falls",22059661,20298
"95",2017,7,3186,3186,"Janesville Consolidated",8925294,23733
"96",2017,7,3204,3204,"Jesup",15986395,18076
"97",2017,7,3420,3420,"Lake Mills",12524026,20144
"98",2017,7,3582,1968,"East Marshall",16491366,28952
"99",2017,7,4104,4104,"Marshalltown",90117435,16935
"100",2017,7,4131,4131,"Mason City",87562034,23421
"101",2017,7,4437,4437,"Montezuma",10766926,20895
"102",2017,7,4599,4599,"Nashua-Plainfield",12684927,20130
"103",2017,7,4772,4772,"Central Springs",16524423,20373
"104",2017,7,4785,4785,"North Tama County",12596858,27789
"105",2017,7,4788,4788,"Northwood-Kensett",10414566,20704
"106",2017,7,4995,4995,"Osage",19157607,20059
"107",2017,7,5697,5697,"Rudd-Rockford-Marble Rk",8855143,19671
"108",2017,7,5751,5751,"St Ansgar",16786512,27588
"109",2017,7,5922,5922,"West Fork",13930335,20601
"110",2017,7,6098,6098,"South Tama County",32246455,20884
"111",2017,7,6273,6273,"Sumner-Fredericksburg",17715231,21277
"112",2017,7,6471,6471,"Tripoli",8027784,17760
"113",2017,7,6762,6762,"Wapsie Valley",18599726,26966
"114",2017,7,6795,6795,"Waterloo",245281480,22429
"115",2017,7,6840,6840,"Waverly-Shell Rock",43547941,21817
"116",2017,7,6985,6985,"West Marshall",17875198,20558
"117",2017,9,243,243,"Andrew",6073833,24171
"118",2017,9,585,585,"Bellevue",12120087,21599
"119",2017,9,603,603,"Bennett",3555259,18983
"120",2017,9,621,621,"Bettendorf",81826109,20166
"121",2017,9,918,918,"Calamus-Wheatland",8774243,18315
"122",2017,9,936,936,"Camanche",22683210,25859
"123",2017,9,1082,1082,"Central DeWitt",29553992,20371
"124",2017,9,1278,1278,"Clinton",101600413,26413
"125",2017,9,1368,1368,"Columbus",17258330,21102
"126",2017,9,1611,1611,"Davenport",275496656,17434
"127",2017,9,1675,1675,"Delwood",5195504,27460
"128",2017,9,1926,1926,"Durant",11687053,20443
"129",2017,9,1965,1965,"Easton Valley",14401193,23190
"130",2017,9,3841,3841,"Louisa-Muscatine",18621396,25279
"131",2017,9,4041,4041,"Maquoketa",28154003,20907
"132",2017,9,4581,4581,"Muscatine",88774766,17168
"133",2017,9,4773,4773,"Northeast",15425781,27940
"134",2017,9,4784,4784,"North Scott",63505696,20636
"135",2017,9,5250,5250,"Pleasant Valley",87015609,19198
"136",2017,9,6975,6975,"West Liberty",23783338,18871
"137",2017,9,7038,7038,"Wilton",18782771,23503
"138",2017,10,99,99,"Alburnett",13550124,26242
"139",2017,10,234,234,"Anamosa",31234681,25326
"140",2017,10,576,576,"Belle Plaine",14125111,25858
"141",2017,10,609,609,"Benton",29704499,20030
"142",2017,10,1053,1053,"Cedar Rapids",330723130,19527
"143",2017,10,1062,1062,"Center Point-Urbana",32233723,23698
"144",2017,10,1089,1089,"Central City",9017684,18866
"145",2017,10,1221,1221,"Clear Creek Amana",51963857,27417
"146",2017,10,1337,1337,"College",128494488,25970
"147",2017,10,2097,2097,"English Valleys",9012252,19842
"148",2017,10,2766,2766,"H-L-V",7819400,22361
"149",2017,10,2977,2977,"Highland",12465098,20203
"150",2017,10,3141,3141,"Iowa City",284997640,20849
"151",2017,10,3154,3154,"Iowa Valley",14038630,26620
"152",2017,10,3691,3691,"North Cedar",16362708,19836
"153",2017,10,3715,3715,"Linn-Mar",158068502,21961
"154",2017,10,3744,3744,"Lisbon",14583398,21690
"155",2017,10,3816,3816,"Lone Tree",12247764,32279
"156",2017,10,4086,4086,"Marion Independent",51362951,26005
"157",2017,10,4269,4269,"Midland",22256475,41585
"158",2017,10,4271,4271,"Mid-Prairie",29135473,24060
"159",2017,10,4446,4446,"Monticello",21957403,20910
"160",2017,10,4554,4554,"Mount Vernon",23049258,20861
"161",2017,10,4777,4777,"North Linn",14090819,21382
"162",2017,10,4905,4905,"Olin Consolidated",4741973,19484
"163",2017,10,6093,6093,"Solon",65479042,50486
"164",2017,10,6138,6138,"Springville",12930455,35990
"165",2017,10,6408,6408,"Tipton",18928146,21719
"166",2017,10,6660,6660,"Vinton-Shellsburg",32039455,20137
"167",2017,10,6768,6768,"Washington",49869678,29248
"168",2017,10,6930,6930,"West Branch",21815029,28361
"169",2017,10,7029,7029,"Williamsburg",24383143,21275
"170",2017,11,18,18,"Adair-Casey",8486925,27473
"171",2017,11,27,27,"Adel DeSoto Minburn",36420440,23210
"172",2017,11,225,225,"Ames",104037950,24879
"173",2017,11,261,261,"Ankeny",285686022,26468
"174",2017,11,414,414,"Audubon",11734975,22387
"175",2017,11,472,472,"Ballard",33861156,21125
"176",2017,11,513,513,"Baxter",7946510,22974
"177",2017,11,720,720,"Bondurant-Farrar",55999143,30881
"178",2017,11,729,729,"Boone",42511692,20568
"179",2017,11,981,981,"Carlisle",41756502,21911
"180",2017,11,999,999,"Carroll",32439175,18881
"181",2017,11,1332,1332,"Colfax-Mingo",13033140,17792
"182",2017,11,1350,1350,"Collins-Maxwell",9861199,20378
"183",2017,11,1359,1359,"Colo-NESCO",13645850,27985
"184",2017,11,1413,1413,"Coon Rapids-Bayard",9344457,23324
"185",2017,11,1576,1576,"Dallas Center-Grimes",70431819,28368
"186",2017,11,1737,1737,"Des Moines Independent",764181114,23457
"187",2017,11,1953,1953,"Earlham",16380623,26943
"188",2017,11,2151,2151,"Exira-Elk Horn-",10937327,26683
"189",2017,11,2466,2466,"Gilbert",28085865,20191
"190",2017,11,2520,2520,"Glidden-Ralston",7795881,28873
"191",2017,11,2754,2754,"Guthrie Center",10730540,23635
"192",2017,11,3114,3114,"Indianola",73119562,21064
"193",2017,11,3119,3119,"Interstate 35",15289885,17600
"194",2017,11,3231,3231,"Johnston",184531255,27312
"195",2017,11,3375,3375,"Knoxville",34876598,19630
"196",2017,11,3906,3906,"Lynnville-Sully",9095928,20965
"197",2017,11,3942,3942,"Madrid",11932741,16876
"198",2017,11,4122,4122,"Martensdale-St Marys",15578954,29662
"199",2017,11,4212,4212,"Melcher-Dallas",5875184,17476
"200",2017,11,4617,4617,"Nevada",33070092,21512
"201",2017,11,4725,4725,"Newton",67402452,22800
"202",2017,11,4779,4779,"North Polk",39450754,26001
"203",2017,11,4797,4797,"Norwalk",82366992,31117
"204",2017,11,4878,4878,"Ogden",15050346,23569
"205",2017,11,5121,5121,"Panorama",20420784,28009
"206",2017,11,5166,5166,"Pella",52952099,24739
"207",2017,11,5184,5184,"Perry",34896301,19642
"208",2017,11,5256,5256,"Pleasantville",19486467,28762
"209",2017,11,5319,5160,"PCM",39798750,37235
"210",2017,11,5643,5643,"Roland-Story",30141588,29836
"211",2017,11,5805,5805,"Saydel",42920662,37309
"212",2017,11,6094,6094,"Southeast Warren",10765619,18024
"213",2017,11,6101,6101,"Southeast Polk",176054887,25881
"214",2017,11,6264,6264,"West Central Valley",18617076,20296
"215",2017,11,6512,6512,"Twin Cedars",7372715,21463
"216",2017,11,6561,6561,"United",9043607,26395
"217",2017,11,6579,6579,"Urbandale",78124597,22919
"218",2017,11,6615,6615,"Van Meter",14662825,24202
"219",2017,11,6822,6822,"Waukee",245037933,25931
"220",2017,11,6957,6957,"West Des Moines",203722921,22602
"221",2017,11,7056,7056,"Winterset",41897055,24321
"222",2017,11,7110,7110,"Woodward-Granger",21614080,23312
"223",2017,12,63,63,"Akron Westfield",12617402,24451
"224",2017,12,355,355,"Ar-We-Va",8143970,28655
"225",2017,12,423,423,"Aurelia",7064465,28866
"226",2017,12,504,504,"Battle Creek-Ida Grove",15187349,23782
"227",2017,12,747,747,"Boyden-Hull",12308417,20130
"228",2017,12,1095,1095,"Central Lyon",14152997,18427
"229",2017,12,1134,1134,"Charter Oak-Ute",6391045,23301
"230",2017,12,1152,1152,"Cherokee",16784873,17826
"231",2017,12,1701,1701,"Denison",36220644,18065
"232",2017,12,1975,1975,"River Valley",11484490,26731
"233",2017,12,2376,2376,"Galva-Holstein",10570095,23701
"234",2017,12,2457,2457,"George-Little Rock",10550624,22787
"235",2017,12,2862,2862,"Hartley-Melvin-Sanborn",13298759,20962
"236",2017,12,2988,2988,"Hinton",14576170,27815
"237",2017,12,3348,3348,"Kingsley-Pierson",10156726,20971
"238",2017,12,3555,3555,"Lawton-Bronson",16141204,26974
"239",2017,12,3600,3600,"Le Mars",42115086,19837
"240",2017,12,4033,4033,"Maple Valley-Anthon Oto",12524508,18479
"241",2017,12,4068,4068,"Marcus-Meriden-Cleghorn",14539726,33176
"242",2017,12,4149,4149,"MOC-Floyd Valley",26377953,18583
"243",2017,12,5157,6099,"South O'Brien",14666916,23482
"244",2017,12,5486,5486,"Remsen-Union",9456540,25200
"245",2017,12,5607,5607,"Rock Valley",18940539,25602
"246",2017,12,5832,5832,"Schleswig",7038414,24005
"247",2017,12,5877,5877,"Sergeant Bluff-Luton",28225395,20116
"248",2017,12,5949,5949,"Sheldon",20336390,18839
"249",2017,12,5994,5994,"Sibley-Ocheyedan",14254384,18558
"250",2017,12,6030,6030,"Sioux Center",34926801,29229
"251",2017,12,6039,6039,"Sioux City",272692251,18657
"252",2017,12,6983,6983,"West Lyon",16503912,18179
"253",2017,12,6987,6987,"West Monona",15884890,22960
"254",2017,12,6990,6990,"West Sioux",20451143,24965
"255",2017,12,6992,6992,"Westwood",11914291,22651
"256",2017,12,7002,7002,"Whiting",4995875,26921
"257",2017,12,7098,7098,"Woodbury Central",10776679,19544
"258",2017,13,387,387,"Atlantic",32288170,23023
"259",2017,13,441,441,"AHSTW",16771189,21363
"260",2017,13,549,549,"Bedford",10708289,22317
"261",2017,13,914,914,"CAM",12681864,27041
"262",2017,13,1093,1093,"Central Decatur",16603076,24275
"263",2017,13,1197,1197,"Clarinda",18556504,18874
"264",2017,13,1211,1211,"Clarke",27404016,19077
"265",2017,13,1431,1431,"Corning",9219671,21872
"266",2017,13,1476,1476,"Council Bluffs",175035498,19177
"267",2017,13,1503,1503,"Creston",24906501,16949
"268",2017,13,1782,1782,"Diagonal",3269617,33706
"269",2017,13,1917,1917,"Boyer Valley",9741042,22983
"270",2017,13,1970,1970,"East Union",9646053,18682
"271",2017,13,2113,2113,"Essex",5701432,28057
"272",2017,13,2369,2369,"Fremont-Mills",12974095,27719
"273",2017,13,2421,2205,"Farragut",1312979,0
"274",2017,13,2422,2205,"Farragut",54331,0
"275",2017,13,2423,2205,"Farragut",2571,0
"276",2017,13,2511,2511,"Glenwood",44647217,22334
"277",2017,13,2673,2673,"Nodaway Valley",22350961,33848
"278",2017,13,2718,2718,"Griswold",9769913,18471
"279",2017,13,2772,2772,"Hamburg",6373252,25677
"280",2017,13,2826,2826,"Harlan",25561173,18102
"281",2017,13,3168,3168,"IKM-Manning",16776986,24475
"282",2017,13,3465,3465,"Lamoni",7019790,24655
"283",2017,13,3609,3609,"Lenox",9956105,21049
"284",2017,13,3645,3645,"Lewis Central",62340544,24093
"285",2017,13,3798,3798,"Logan-Magnolia",11841283,21334
"286",2017,13,3978,3978,"East Mills",16811250,30322
"287",2017,13,4356,4356,"Missouri Valley",20481092,23755
"288",2017,13,4505,4505,"Mormon Trail",5676679,21292
"289",2017,13,4527,4527,"Mount Ayr",18854167,29430
"290",2017,13,4572,4572,"Murray",7228921,27816
"291",2017,13,4824,5510,"Riverside",15398694,22286
"292",2017,13,4978,4978,"Orient-Macksburg",4649647,23968
"293",2017,13,5463,5463,"Red Oak",25754386,22730
"294",2017,13,5544,5328,"Prescott",422316,0
"295",2017,13,5546,5328,"Prescott",106873,0
"296",2017,13,5550,5328,"Prescott",394066,0
"297",2017,13,5551,5328,"Prescott",139990,0
"298",2017,13,5976,5976,"Shenandoah",21784997,19286
"299",2017,13,6003,6003,"Sidney",8806177,22767
"300",2017,13,6097,6097,"South Page",3918422,20951
"301",2017,13,6165,6165,"Stanton",4749638,25534
"302",2017,13,6453,6453,"Treynor",14856758,25965
"303",2017,13,6460,6460,"Tri-Center",12498802,19296
"304",2017,13,6534,6534,"Underwood",16766197,24039
"305",2017,13,6651,6651,"Villisca",8517821,28111
"306",2017,13,6966,6750,"Walnut",670600,0
"307",2017,13,6967,6750,"Walnut",18074,0
"308",2017,13,6968,6750,"Walnut",163141,0
"309",2017,13,6969,6969,"West Harrison",8097803,23706
"310",2017,13,6972,6750,"Walnut",888559,0
"311",2017,13,6973,6750,"Walnut",497634,0
"312",2017,13,7092,7092,"Woodbine",9626750,20219
"313",2017,15,81,81,"Albia",20401083,16904
"314",2017,15,657,657,"Eddyville-Blakesburg-",16869372,19184
"315",2017,15,882,882,"Burlington",84104591,18868
"316",2017,15,977,977,"Cardinal",14315760,25453
"317",2017,15,1071,1071,"Centerville",24839153,18602
"318",2017,15,1079,1079,"Central Lee",15610875,19858
"319",2017,15,1107,1107,"Chariton",26592683,20472
"320",2017,15,1602,1602,"Danville",10570904,20667
"321",2017,15,1619,1619,"Davis County",22887530,19463
"322",2017,15,2169,2169,"Fairfield",37899170,22693
"323",2017,15,2322,2322,"Fort Madison",39097302,17665
"324",2017,15,2834,2834,"Harmony",7388974,20303
"325",2017,15,3312,3312,"Keokuk",38890471,20343
"326",2017,15,3330,3330,"Keota",6941490,21561
"327",2017,15,4203,4203,"Mediapolis",15928745,20896
"328",2017,15,4491,4491,"Moravia",7643281,22513
"329",2017,15,4509,4509,"Morning Sun",4202780,19712
"330",2017,15,4518,4518,"Moulton-Udell",4710729,21130
"331",2017,15,4536,4536,"Mount Pleasant",34884250,17509
"332",2017,15,4689,4689,"New London",12430016,24930
"333",2017,15,4776,4776,"North Mahaska",14075524,28914
"334",2017,15,5013,5013,"Oskaloosa",38021114,16028
"335",2017,15,5049,5049,"Ottumwa",79377430,17171
"336",2017,15,5163,5163,"Pekin",19719291,30898
"337",2017,15,5895,5895,"Seymour",6307698,21184
"338",2017,15,6012,6012,"Sigourney",14581955,27532
"339",2017,15,6462,6462,"Tri-County",6181574,23320
"340",2017,15,6592,6592,"Van Buren",17092664,27084
"341",2017,15,6700,6700,"Waco",11938114,25517
"342",2017,15,6759,6759,"Wapello",16822544,25175
"343",2017,15,6854,6854,"Wayne",13058206,23793
"344",2017,15,6937,6937,"West Burlington Ind",16793294,35555
"345",2017,15,7047,7047,"Winfield-Mt Union",7703510,21510
"346",2018,1,135,135,"Allamakee",28076769,25415
"347",2018,1,1080,1080,"Central",15574047,35947
"348",2018,1,1638,1638,"Decorah Community",32489386,24077
"349",2018,1,1863,1863,"Dubuque",220455202,20883
"350",2018,1,1972,1972,"Eastern Allamakee",6643592,19319
"351",2018,1,1989,1989,"Edgewood-Colesburg",9726214,25261
"352",2018,1,2763,2763,"Clayton Ridge",14156603,24524
"353",2018,1,3029,3029,"Howard-Winneshiek",26314618,22030
"354",2018,1,4043,4043,"Maquoketa Valley",20372034,29169
"355",2018,1,4419,4419,"MFL MarMac",16648061,21417
"356",2018,1,4662,4662,"New Hampton",37578904,39030
"357",2018,1,4774,4774,"North Fayette Valley",18213509,24165
"358",2018,1,4787,4787,"North Winneshiek",5037440,17782
"359",2018,1,4869,4869,"Oelwein",28250315,22034
"360",2018,1,5310,5310,"Postville",14605216,20816
"361",2018,1,5508,5508,"Riceville",7845196,25907
"362",2018,1,6100,6100,"South Winneshiek",11005682,21538
"363",2018,1,6175,6175,"Starmont",14306607,22588
"364",2018,1,6509,6509,"Turkey Valley",9026913,25413
"365",2018,1,6591,6591,"Valley",10392111,27623
"366",2018,1,6943,6943,"West Central",7038038,27360
"367",2018,1,6950,6950,"West Delaware County",29663263,19906
"368",2018,1,6961,6961,"Western Dubuque",76903247,24421
"369",2018,5,72,72,"Albert City-Truesdale",5378393,26468
"370",2018,5,126,126,"Algona",28087963,21154
"371",2018,5,171,171,"Alta-Aurelia",14166570,27383
"372",2018,5,333,333,"North Union",12777086,30340
"373",2018,5,1206,1206,"Clarion-Goldfield-Dows",20453214,21161
"374",2018,5,1218,1218,"Clay Central-Everly",8831587,25379
"375",2018,5,1944,1944,"Eagle Grove",25638090,30101
"376",2018,5,2088,2088,"Emmetsburg",15805893,22634
"377",2018,5,2124,2124,"Estherville Lincoln",39588060,28749
"378",2018,5,2313,2313,"Fort Dodge",97403800,26251
"379",2018,5,2493,2493,"Gilmore City-Bradgate",3258917,27620
"380",2018,5,2556,2556,"Graettinger-Terril",8715926,23180
"381",2018,5,2846,2846,"Harris-Lake Park",9930296,33093
"382",2018,5,3060,3060,"Humboldt",28764302,24008
"383",2018,5,3195,3195,"Greene County",26036843,20861
"384",2018,5,3537,3537,"Laurens-Marathon",8337973,28650
"385",2018,5,3897,3897,"LuVerne",4535475,29547
"386",2018,5,4023,4023,"Manson Northwest Webster",14360139,22127
"387",2018,5,4644,4644,"Newell-Fonda",9954486,21143
"388",2018,5,4775,4775,"Northeast Hamilton",7307051,37411
"389",2018,5,4778,4778,"North Kossuth",6551732,25043
"390",2018,5,4860,4860,"Odebolt Arthur Battle Creek Ida Grove",7667638,22928
"391",2018,5,4890,4890,"Okoboji",18623260,19119
"392",2018,5,5139,5139,"Paton-Churdan",4928359,25367
"393",2018,5,5283,5283,"Pocahontas Area",21006894,30220
"394",2018,5,5323,5325,"Prairie Valley",14585097,24719
"395",2018,5,5724,5724,"Ruthven-Ayrshire",6692975,29226
"396",2018,5,5823,5823,"Schaller-Crestland",10457957,29534
"397",2018,5,6048,6035,"Sioux Central",12726494,26909
"398",2018,5,6091,6091,"South Central Calhoun",23603605,25650
"399",2018,5,6095,6095,"South Hamilton",18432081,28881
"400",2018,5,6096,6096,"Southeast Webster Grand",14034526,25648
"401",2018,5,6102,6102,"Spencer",39539926,21392
"402",2018,5,6120,6120,"Spirit Lake",22901671,19690
"403",2018,5,6219,6219,"Storm Lake",49406816,21546
"404",2018,5,6246,6246,"Stratford",5081348,31618
"405",2018,5,6516,6516,"Twin Rivers",5893331,36376
"406",2018,5,6741,6741,"East Sac County",17134823,19680
"407",2018,5,6867,6867,"Webster City",34528022,22370
"408",2018,5,6921,6921,"West Bend-Mallard",9582193,30138
"409",2018,7,9,9,"AGWSR",13990409,22463
"410",2018,7,108,108,"Alden",6103449,21681
"411",2018,7,153,153,"North Butler",11759287,19864
"412",2018,7,279,279,"Aplington-Parkersburg",21254484,25086
"413",2018,7,540,540,"BCLUW",13435097,24189
"414",2018,7,594,594,"Belmond-Klemme",18336209,22578
"415",2018,7,819,819,"West Hancock",14530888,25734
"416",2018,7,846,846,"Brooklyn-Guernsey-Malcom",19832801,37625
"417",2018,7,873,873,"North Iowa",9792786,20549
"418",2018,7,916,916,"CAL",6119904,23430
"419",2018,7,1044,1044,"Cedar Falls",127717787,24815
"420",2018,7,1116,1116,"Charles City",30959802,20461
"421",2018,7,1215,1215,"Clarksville",6528876,20028
"422",2018,7,1233,1233,"Clear Lake",25048619,20535
"423",2018,7,1719,1719,"Denver",20935764,29239
"424",2018,7,1791,1791,"Dike-New Hartford",16688382,18850
"425",2018,7,1908,1908,"Dunkerton",12356556,29519
"426",2018,7,1935,6536,"Union",27197153,24672
"427",2018,7,1963,1963,"East Buchanan",21277495,36524
"428",2018,7,2007,2007,"Eldora-New Providence",15199354,23969
"429",2018,7,2295,2295,"Forest City",27564882,24936
"430",2018,7,2403,2403,"Garner-Hayfield-Ventura",18551646,21102
"431",2018,7,2502,2502,"Gladbrook-Reinbeck",11796097,20712
"432",2018,7,2682,2682,"GMG",10503398,36560
"433",2018,7,2709,2709,"Grinnell-Newburg",34356382,21283
"434",2018,7,2727,2727,"Grundy Center",13436711,20406
"435",2018,7,2781,2781,"Hampton-Dumont",26654365,22355
"436",2018,7,3033,3033,"Hubbard-Radcliffe",10387767,22601
"437",2018,7,3042,3042,"Hudson",14303165,21473
"438",2018,7,3105,3105,"Independence",27846863,19723
"439",2018,7,3150,3150,"Iowa Falls",22561902,20902
"440",2018,7,3186,3186,"Janesville Consolidated",17925219,46057
"441",2018,7,3204,3204,"Jesup",16314712,18416
"442",2018,7,3420,3420,"Lake Mills",12493197,20314
"443",2018,7,3582,1968,"East Marshall",14434293,26039
"444",2018,7,4104,4104,"Marshalltown",105645003,19434
"445",2018,7,4131,4131,"Mason City",84064050,22466
"446",2018,7,4437,4437,"Montezuma",10494188,19942
"447",2018,7,4599,4599,"Nashua-Plainfield",12863049,20636
"448",2018,7,4772,4772,"Central Springs",17583329,21595
"449",2018,7,4785,4785,"North Tama County",9652109,21874
"450",2018,7,4788,4788,"Northwood-Kensett",17269084,34536
"451",2018,7,4995,4995,"Osage",26097544,28351
"452",2018,7,5697,5697,"Rudd-Rockford-Marble Rk",8827558,20013
"453",2018,7,5751,5751,"St Ansgar",14658849,24417
"454",2018,7,5922,5922,"West Fork",13890739,19759
"455",2018,7,6098,6098,"South Tama County",29152554,18628
"456",2018,7,6273,6273,"Sumner-Fredericksburg",17969791,21882
"457",2018,7,6471,6471,"Tripoli",8674297,19846
"458",2018,7,6762,6762,"Wapsie Valley",19628327,29212
"459",2018,7,6795,6795,"Waterloo",225067343,20775
"460",2018,7,6840,6840,"Waverly-Shell Rock",44944004,22190
"461",2018,7,6985,6985,"West Marshall",19088376,21827
"462",2018,9,243,243,"Andrew",6413100,27369
"463",2018,9,585,585,"Bellevue",12871808,22417
"464",2018,9,603,603,"Bennett",3847193,20684
"465",2018,9,621,621,"Bettendorf",85823465,20757
"466",2018,9,918,918,"Calamus-Wheatland",8668568,19320
"467",2018,9,936,936,"Camanche",17659361,20506
"468",2018,9,1082,1082,"Central DeWitt",30072488,20558
"469",2018,9,1278,1278,"Clinton",77798608,20554
"470",2018,9,1368,1368,"Columbus",18425906,23112
"471",2018,9,1611,1611,"Davenport",269974439,17431
"472",2018,9,1675,1675,"Delwood",5467598,28547
"473",2018,9,1926,1926,"Durant",11621391,20009
"474",2018,9,1965,1965,"Easton Valley",13417533,21798
"475",2018,9,3841,3841,"Louisa-Muscatine",19165995,26266
"476",2018,9,4041,4041,"Maquoketa",28765018,21095
"477",2018,9,4581,4581,"Muscatine",91032604,17905
"478",2018,9,4773,4773,"Northeast",15565408,29664
"479",2018,9,4784,4784,"North Scott",62823911,20515
"480",2018,9,5250,5250,"Pleasant Valley",93339210,19666
"481",2018,9,6975,6975,"West Liberty",26398509,20191
"482",2018,9,7038,7038,"Wilton",18621241,22772
"483",2018,10,99,99,"Alburnett",12599068,24449
"484",2018,10,234,234,"Anamosa",32051262,25470
"485",2018,10,576,576,"Belle Plaine",14289268,26890
"486",2018,10,609,609,"Benton",30904506,20404
"487",2018,10,1053,1053,"Cedar Rapids",339554527,19867
"488",2018,10,1062,1062,"Center Point-Urbana",28610341,20975
"489",2018,10,1089,1089,"Central City",10802896,22564
"490",2018,10,1221,1221,"Clear Creek Amana",75087516,37461
"491",2018,10,1337,1337,"College",141942771,27905
"492",2018,10,2097,2097,"English Valleys",9906318,21635
"493",2018,10,2766,2766,"H-L-V",7823264,23659
"494",2018,10,2977,2977,"Highland",16048240,25499
"495",2018,10,3141,3141,"Iowa City",350140795,25044
"496",2018,10,3154,3154,"Iowa Valley",12888159,23835
"497",2018,10,3691,3691,"North Cedar",17162530,20837
"498",2018,10,3715,3715,"Linn-Mar",137120702,18751
"499",2018,10,3744,3744,"Lisbon",24530880,37007
"500",2018,10,3816,3816,"Lone Tree",10774051,29969
"501",2018,10,4086,4086,"Marion Independent",43468115,22467
"502",2018,10,4269,4269,"Midland",15871816,28705
"503",2018,10,4271,4271,"Mid-Prairie",27108694,21541
"504",2018,10,4446,4446,"Monticello",23365932,22781
"505",2018,10,4554,4554,"Mount Vernon",31025686,27600
"506",2018,10,4777,4777,"North Linn",14852175,23158
"507",2018,10,4905,4905,"Olin Consolidated",5055288,23191
"508",2018,10,6093,6093,"Solon",42363280,31884
"509",2018,10,6138,6138,"Springville",9451103,25626
"510",2018,10,6408,6408,"Tipton",23833663,26509
"511",2018,10,6660,6660,"Vinton-Shellsburg",33319810,21710
"512",2018,10,6768,6768,"Washington",49853037,28567
"513",2018,10,6930,6930,"West Branch",20089198,26106
"514",2018,10,7029,7029,"Williamsburg",23400499,20748
"515",2018,11,18,18,"Adair-Casey",8358160,27843
"516",2018,11,27,27,"Adel DeSoto Minburn",36917681,22307
"517",2018,11,225,225,"Ames",101330917,24195
"518",2018,11,261,261,"Ankeny",224247837,20035
"519",2018,11,414,414,"Audubon",11585985,23068
"520",2018,11,472,472,"Ballard",32387074,20191
"521",2018,11,513,513,"Baxter",8377739,25482
"522",2018,11,720,720,"Bondurant-Farrar",55251947,28836
"523",2018,11,729,729,"Boone",50122068,24468
"524",2018,11,981,981,"Carlisle",39987545,21019
"525",2018,11,999,999,"Carroll",47722058,28423
"526",2018,11,1332,1332,"Colfax-Mingo",14360067,19882
"527",2018,11,1350,1350,"Collins-Maxwell",10585872,21688
"528",2018,11,1359,1359,"Colo-NESCO",10709659,21070
"529",2018,11,1413,1413,"Coon Rapids-Bayard",9919594,23403
"530",2018,11,1576,1576,"Dallas Center-Grimes",64729232,24062
"531",2018,11,1737,1737,"Des Moines Independent",766393080,23238
"532",2018,11,1953,1953,"Earlham",15061207,26019
"533",2018,11,2151,2151,"Exira-Elk Horn-",14104373,31874
"534",2018,11,2466,2466,"Gilbert",29991713,21041
"535",2018,11,2520,2520,"Glidden-Ralston",8070896,30218
"536",2018,11,2754,2754,"Guthrie Center",13925476,30060
"537",2018,11,3114,3114,"Indianola",66331005,19340
"538",2018,11,3119,3119,"Interstate 35",22151610,24935
"539",2018,11,3231,3231,"Johnston",169772979,24629
"540",2018,11,3375,3375,"Knoxville",32617601,18696
"541",2018,11,3906,3906,"Lynnville-Sully",9746503,21545
"542",2018,11,3942,3942,"Madrid",12340084,18348
"543",2018,11,4122,4122,"Martensdale-St Marys",12554291,24614
"544",2018,11,4212,4212,"Melcher-Dallas",6568905,19147
"545",2018,11,4617,4617,"Nevada",32406616,20936
"546",2018,11,4725,4725,"Newton",72540007,24463
"547",2018,11,4779,4779,"North Polk",41750221,26675
"548",2018,11,4797,4797,"Norwalk",88046717,32440
"549",2018,11,4878,4878,"Ogden",25856926,41008
"550",2018,11,5121,5121,"Panorama",23190678,32078
"551",2018,11,5166,5166,"Pella",44804005,20765
"552",2018,11,5184,5184,"Perry",34816208,18976
"553",2018,11,5256,5256,"Pleasantville",18551682,26747
"554",2018,11,5319,5160,"PCM",36535764,34902
"555",2018,11,5643,5643,"Roland-Story",30440738,29987
"556",2018,11,5805,5805,"Saydel",30346490,27022
"557",2018,11,6094,6094,"Southeast Warren",11186475,19227
"558",2018,11,6101,6101,"Southeast Polk",158740948,23354
"559",2018,11,6264,6264,"West Central Valley",18889186,21013
"560",2018,11,6512,6512,"Twin Cedars",7696778,22085
"561",2018,11,6561,6561,"United",8739007,24172
"562",2018,11,6579,6579,"Urbandale",143915744,42357
"563",2018,11,6615,6615,"Van Meter",13672921,21997
"564",2018,11,6822,6822,"Waukee",261886490,26117
"565",2018,11,6957,6957,"West Des Moines",211128887,23538
"566",2018,11,7056,7056,"Winterset",35164945,20639
"567",2018,11,7110,7110,"Woodward-Granger",24179219,25443
"568",2018,12,63,63,"Akron Westfield",11377466,21860
"569",2018,12,355,355,"Ar-We-Va",8226151,28762
"570",2018,12,423,423,"Aurelia",6821743,28770
"571",2018,12,504,504,"Battle Creek-Ida Grove",14211035,22133
"572",2018,12,747,747,"Boyden-Hull",23100771,38254
"573",2018,12,1095,1095,"Central Lyon",15245928,20288
"574",2018,12,1134,1134,"Charter Oak-Ute",6223465,22963
"575",2018,12,1152,1152,"Cherokee",17796740,18882
"576",2018,12,1701,1701,"Denison",41885778,20290
"577",2018,12,1975,1975,"River Valley",11859487,27495
"578",2018,12,2376,2376,"Galva-Holstein",11455615,26829
"579",2018,12,2457,2457,"George-Little Rock",10618009,23130
"580",2018,12,2862,2862,"Hartley-Melvin-Sanborn",13838797,21704
"581",2018,12,2988,2988,"Hinton",15373542,28573
"582",2018,12,3348,3348,"Kingsley-Pierson",10973796,23484
"583",2018,12,3555,3555,"Lawton-Bronson",12953288,22264
"584",2018,12,3600,3600,"Le Mars",42543531,19602
"585",2018,12,4033,4033,"Maple Valley-Anthon Oto",13188736,19413
"586",2018,12,4068,4068,"Marcus-Meriden-Cleghorn",13900359,32255
"587",2018,12,4149,4149,"MOC-Floyd Valley",25993419,18409
"588",2018,12,5157,6099,"South O'Brien",13286253,21592
"589",2018,12,5486,5486,"Remsen-Union",9407669,25618
"590",2018,12,5607,5607,"Rock Valley",20011569,25487
"591",2018,12,5832,5832,"Schleswig",7156268,26077
"592",2018,12,5877,5877,"Sergeant Bluff-Luton",29678557,20877
"593",2018,12,5949,5949,"Sheldon",21328052,20353
"594",2018,12,5994,5994,"Sibley-Ocheyedan",15690627,20496
"595",2018,12,6030,6030,"Sioux Center",28718922,23065
"596",2018,12,6039,6039,"Sioux City",271365129,18707
"597",2018,12,6983,6983,"West Lyon",19940724,21466
"598",2018,12,6987,6987,"West Monona",16060002,24747
"599",2018,12,6990,6990,"West Sioux",17251613,20809
"600",2018,12,6992,6992,"Westwood",12411412,22943
"601",2018,12,7002,7002,"Whiting",5306510,27639
"602",2018,12,7098,7098,"Woodbury Central",11305162,20214
"603",2018,13,387,387,"Atlantic",25640614,18517
"604",2018,13,441,441,"AHSTW",17254864,22165
"605",2018,13,549,549,"Bedford",9873103,22187
"606",2018,13,914,914,"CAM",14320028,29319
"607",2018,13,1093,1093,"Central Decatur",14309835,21987
"608",2018,13,1197,1197,"Clarinda",18956074,19717
"609",2018,13,1211,1211,"Clarke",26200130,18489
"610",2018,13,1431,1431,"Corning",9488684,22513
"611",2018,13,1476,1476,"Council Bluffs",195509433,21121
"612",2018,13,1503,1503,"Creston",26694974,18332
"613",2018,13,1782,1782,"Diagonal",3309730,33097
"614",2018,13,1917,1917,"Boyer Valley",10027378,24124
"615",2018,13,1970,1970,"East Union",10416210,21116
"616",2018,13,2113,2113,"Essex",5716650,29168
"617",2018,13,2369,2369,"Fremont-Mills",13702201,30048
"618",2018,13,2511,2511,"Glenwood",44010481,22493
"619",2018,13,2673,2673,"Nodaway Valley",15807697,23823
"620",2018,13,2718,2718,"Griswold",20334892,39363
"621",2018,13,2772,2772,"Hamburg",7111063,30258
"622",2018,13,2826,2826,"Harlan",25324462,18093
"623",2018,13,3168,3168,"IKM-Manning",14943043,22688
"624",2018,13,3465,3465,"Lamoni",7053779,23518
"625",2018,13,3609,3609,"Lenox",10031372,21479
"626",2018,13,3645,3645,"Lewis Central",59415359,23814
"627",2018,13,3798,3798,"Logan-Magnolia",12270325,22228
"628",2018,13,3978,3978,"East Mills",15488068,28987
"629",2018,13,4356,4356,"Missouri Valley",19476416,23128
"630",2018,13,4505,4505,"Mormon Trail",6497298,25156
"631",2018,13,4527,4527,"Mount Ayr",17642243,27883
"632",2018,13,4572,4572,"Murray",7245788,27404
"633",2018,13,4824,5510,"Riverside",14331144,20356
"634",2018,13,4978,4978,"Orient-Macksburg",5091528,26518
"635",2018,13,5463,5463,"Red Oak",36650545,33013
"636",2018,13,5976,5976,"Shenandoah",22565451,20976
"637",2018,13,6003,6003,"Sidney",9314895,22781
"638",2018,13,6097,6097,"South Page",4059612,20513
"639",2018,13,6165,6165,"Stanton",6289190,30814
"640",2018,13,6453,6453,"Treynor",14662425,24970
"641",2018,13,6460,6460,"Tri-Center",13259387,20976
"642",2018,13,6534,6534,"Underwood",13425175,19597
"643",2018,13,6651,6651,"Villisca",8326633,27390
"644",2018,13,6969,6969,"West Harrison",8319259,24205
"645",2018,13,7092,7092,"Woodbine",10400427,21710
"646",2018,15,81,81,"Albia",21553801,17728
"647",2018,15,657,657,"Eddyville-Blakesburg-",17414259,19637
"648",2018,15,882,882,"Burlington",85759745,19391
"649",2018,15,977,977,"Cardinal",14233715,25063
"650",2018,15,1071,1071,"Centerville",25341020,18970
"651",2018,15,1079,1079,"Central Lee",16901373,21466
"652",2018,15,1107,1107,"Chariton",35744676,27889
"653",2018,15,1602,1602,"Danville",10876767,21396
"654",2018,15,1619,1619,"Davis County",31122245,26316
"655",2018,15,2169,2169,"Fairfield",43356613,26493
"656",2018,15,2322,2322,"Fort Madison",39313821,18359
"657",2018,15,2834,2834,"Harmony",8819583,25474
"658",2018,15,3312,3312,"Keokuk",40831131,21335
"659",2018,15,3330,3330,"Keota",6727288,19278
"660",2018,15,4203,4203,"Mediapolis",15880998,20337
"661",2018,15,4491,4491,"Moravia",7690463,23277
"662",2018,15,4509,4509,"Morning Sun",4638533,21737
"663",2018,15,4518,4518,"Moulton-Udell",4815781,21644
"664",2018,15,4536,4536,"Mount Pleasant",34496790,17505
"665",2018,15,4689,4689,"New London",10556924,21444
"666",2018,15,4776,4776,"North Mahaska",11252437,22086
"667",2018,15,5013,5013,"Oskaloosa",38451033,16259
"668",2018,15,5049,5049,"Ottumwa",90239051,19436
"669",2018,15,5163,5163,"Pekin",20333059,33033
"670",2018,15,5895,5895,"Seymour",12290463,41023
"671",2018,15,6012,6012,"Sigourney",14569845,27125
"672",2018,15,6462,6462,"Tri-County",7039844,24875
"673",2018,15,6592,6592,"Van Buren",13620448,21829
"674",2018,15,6700,6700,"Waco",10631095,22091
"675",2018,15,6759,6759,"Wapello",15446959,23913
"676",2018,15,6854,6854,"Wayne",13181476,23005
"677",2018,15,6937,6937,"West Burlington Ind",18913615,42425
"678",2018,15,7047,7047,"Winfield-Mt Union",7622394,21438
"679",2019,1,135,135,"Allamakee",32222236,29450
"680",2019,1,1080,1080,"Central Clayton",12994208,31042
"681",2019,1,1638,1638,"Decorah",37774459,27627
"682",2019,1,1863,1863,"Dubuque",225941889,21507
"683",2019,1,1972,1972,"Eastern Allamakee",6984948,21485
"684",2019,1,1989,1989,"Edgewood-Colesburg",10590428,25581
"685",2019,1,2763,2763,"Clayton Ridge",21532737,37685
"686",2019,1,3029,3029,"Howard-Winneshiek",23172579,19970
"687",2019,1,4043,4043,"Maquoketa Valley",16172987,24052
"688",2019,1,4419,4419,"MFL Mar Mac",16764001,22130
"689",2019,1,4662,4662,"New Hampton",35384786,36877
"690",2019,1,4774,4774,"North Fayette Valley",25853583,22798
"691",2019,1,4869,4869,"Oelwein",24519898,19531
"692",2019,1,5310,5310,"Postville",13573722,18570
"693",2019,1,5508,5508,"Riceville",7942477,24193
"694",2019,1,6100,6100,"South Winneshiek",11264366,22662
"695",2019,1,6175,6175,"Starmont",14570080,23522
"696",2019,1,6509,6509,"Turkey Valley",9356800,25941
"697",2019,1,6943,6943,"West Central",7845180,30160
"698",2019,1,6950,6950,"West Delaware Co",29825400,20669
"699",2019,1,6961,6961,"Western Dubuque Co",79269455,25574
"700",2019,5,72,72,"Albert City-Truesdale",5471271,25542
"701",2019,5,126,126,"Algona",26830177,20388
"702",2019,5,171,171,"Alta-Aurelia",18261486,23566
"703",2019,5,333,333,"North Union",13184204,31921
"704",2019,5,1206,1206,"Clarion-Goldfield-Dows",20857729,22103
"705",2019,5,1218,1218,"Clay Central-Everly",8255900,24866
"706",2019,5,1944,1944,"Eagle Grove",22555514,26610
"707",2019,5,2088,2088,"Emmetsburg",15406594,22033
"708",2019,5,2124,2124,"Estherville-Lincoln Central",34410083,26000
"709",2019,5,2313,2313,"Fort Dodge",86867819,22856
"710",2019,5,2493,2493,"Gilmore City-Bradgate",3433997,23521
"711",2019,5,2556,2556,"Graettinger-Terril",19166478,49148
"712",2019,5,2846,2846,"Harris-Lake Park",10321385,33631
"713",2019,5,3060,3060,"Humboldt",26181865,21761
"714",2019,5,3195,3195,"Greene County",47534777,38368
"715",2019,5,3537,3537,"Laurens-Marathon",8900123,31673
"716",2019,5,3897,3897,"Lu Verne",4801594,29065
"717",2019,5,4023,4023,"Manson-Northwest Webster",15085923,22929
"718",2019,5,4644,4644,"Newell-Fonda",9637085,21781
"719",2019,5,4778,4778,"North Kossuth",6968578,24726
"720",2019,5,4890,4890,"Okoboji",44958547,47771
"721",2019,5,5139,5139,"Paton-Churdan",4945177,23743
"722",2019,5,5283,5283,"Pocahontas Area",20168857,29577
"723",2019,5,5323,5325,"Prairie Valley",15498444,26812
"724",2019,5,5724,5724,"Ruthven-Ayrshire",6774024,30511
"725",2019,5,5823,5823,"Schaller-Crestland",10504386,30093
"726",2019,5,6048,6035,"Sioux Central",12825495,26120
"727",2019,5,6091,6091,"South Central Calhoun",30528221,33992
"728",2019,5,6095,6095,"South Hamilton",17064512,26787
"729",2019,5,6096,6096,"Southeast Webster-Grand",14597021,26536
"730",2019,5,6102,6102,"Spencer",39395930,20766
"731",2019,5,6120,6120,"Spirit Lake",23679154,20393
"732",2019,5,6219,6219,"Storm Lake",50478763,21469
"733",2019,5,6246,6246,"Stratford",4933857,32718
"734",2019,5,6516,6516,"Twin Rivers",5812543,40648
"735",2019,5,6741,6741,"East Sac County",16406357,19396
"736",2019,5,6867,6867,"Webster City",41831601,27759
"737",2019,5,6921,6921,"West Bend-Mallard",9601901,33549
"738",2019,7,9,9,"AGWSR",14355463,22922
"739",2019,7,108,108,"Alden",5610896,20883
"740",2019,7,153,153,"North Butler",12069617,20596
"741",2019,7,279,279,"Aplington-Parkersburg",15942023,19336
"742",2019,7,540,540,"BCLUW",13056891,24577
"743",2019,7,594,594,"Belmond-Klemme",18254816,22885
"744",2019,7,819,819,"West Hancock",14345241,26336
"745",2019,7,846,846,"Brooklyn-Guernsey-Malcom",20505880,36415
"746",2019,7,873,873,"North Iowa",10898838,23927
"747",2019,7,916,916,"CAL",5878369,22892
"748",2019,7,1044,1044,"Cedar Falls",105974873,20667
"749",2019,7,1116,1116,"Charles City",31174355,20757
"750",2019,7,1215,1215,"Clarksville",6753905,21441
"751",2019,7,1233,1233,"Clear Lake",31351381,25409
"752",2019,7,1719,1719,"Denver",14780756,19708
"753",2019,7,1791,1791,"Dike-New Hartford",17099410,19384
"754",2019,7,1908,1908,"Dunkerton",16713438,39861
"755",2019,7,1935,6536,"Union",20029062,19012
"756",2019,7,1963,1963,"East Buchanan",17339937,30530
"757",2019,7,2007,2007,"Eldora-New Providence",15443146,24722
"758",2019,7,2295,2295,"Forest City",24719109,22627
"759",2019,7,2403,2403,"Garner-Hayfield-Ventura",17997067,20403
"760",2019,7,2502,2502,"Gladbrook-Reinbeck",12278831,20998
"761",2019,7,2682,2682,"GMG",10797445,38372
"762",2019,7,2709,2709,"Grinnell-Newburg",36183991,22642
"763",2019,7,2727,2727,"Grundy Center",12990920,19861
"764",2019,7,2781,2781,"Hampton-Dumont",24116021,20093
"765",2019,7,3033,3033,"Hubbard-Radcliffe",10547531,23734
"766",2019,7,3042,3042,"Hudson",19516418,28828
"767",2019,7,3105,3105,"Independence",28088664,19635
"768",2019,7,3150,3150,"Iowa Falls",21796000,19863
"769",2019,7,3186,3186,"Janesville",17485504,43391
"770",2019,7,3204,3204,"Jesup",17688483,19482
"771",2019,7,3420,3420,"Lake Mills",12514706,20360
"772",2019,7,3582,1968,"East Marshall",15009006,26691
"773",2019,7,4104,4104,"Marshalltown",97433122,17844
"774",2019,7,4131,4131,"Mason City",82782236,22745
"775",2019,7,4437,4437,"Montezuma",11192672,22515
"776",2019,7,4599,4599,"Nashua-Plainfield",12793569,20876
"777",2019,7,4772,4772,"Central Springs",18103284,22214
"778",2019,7,4785,4785,"North Tama",10356139,23268
"779",2019,7,4788,4788,"Northwood-Kensett",15177296,29873
"780",2019,7,4995,4995,"Osage",25662524,28535
"781",2019,7,5697,5697,"Rudd-Rockford-Marble Rock",8863226,21204
"782",2019,7,5751,5751,"St Ansgar",14486210,24371
"783",2019,7,5922,5922,"West Fork",13431132,19159
"784",2019,7,6098,6098,"South Tama",31502738,20443
"785",2019,7,6273,6273,"Sumner-Fredericksburg",17099220,21128
"786",2019,7,6471,6471,"Tripoli",8744696,20721
"787",2019,7,6762,6762,"Wapsie Valley",19231681,28274
"788",2019,7,6795,6795,"Waterloo",245362564,22553
"789",2019,7,6840,6840,"Waverly-Shell Rock",47454818,22819
"790",2019,7,6985,6985,"West Marshall",19789778,22086
"791",2019,9,243,243,"Andrew",6532015,27409
"792",2019,9,585,585,"Bellevue",13617380,23430
"793",2019,9,603,603,"Bennett",4198189,22436
"794",2019,9,621,621,"Bettendorf",105429743,25715
"795",2019,9,918,918,"Calamus-Wheatland",8872859,20291
"796",2019,9,936,936,"Camanche",18570962,22126
"797",2019,9,1082,1082,"Central De Witt",31227393,21353
"798",2019,9,1278,1278,"Clinton",71576674,19222
"799",2019,9,1368,1368,"Columbus",18290088,23243
"800",2019,9,1611,1611,"Davenport",267373373,17549
"801",2019,9,1675,1675,"Delwood",6087696,30821
"802",2019,9,1926,1926,"Durant",11497756,20421
"803",2019,9,1965,1965,"Easton Valley",23497940,38948
"804",2019,9,3841,3841,"Louisa-Muscatine",19884934,26869
"805",2019,9,4041,4041,"Maquoketa",29391063,22004
"806",2019,9,4581,4581,"Muscatine",93103477,18864
"807",2019,9,4773,4773,"Northeast",15533388,30083
"808",2019,9,4784,4784,"North Scott",63121975,20795
"809",2019,9,5250,5250,"Pleasant Valley",137143687,27859
"810",2019,9,6975,6975,"West Liberty",25881722,18794
"811",2019,9,7038,7038,"Wilton",20052851,24200
"812",2019,10,99,99,"Alburnett",12555603,23902
"813",2019,10,234,234,"Anamosa",32327657,25287
"814",2019,10,576,576,"Belle Plaine",14463382,27143
"815",2019,10,609,609,"Benton",30454838,20483
"816",2019,10,1053,1053,"Cedar Rapids",349176320,20381
"817",2019,10,1062,1062,"Center Point-Urbana",29881235,22029
"818",2019,10,1089,1089,"Central City",11964021,25261
"819",2019,10,1221,1221,"Clear Creek-Amana",124424716,56770
"820",2019,10,1337,1337,"College Community",134901442,26129
"821",2019,10,2097,2097,"English Valleys",9754347,21568
"822",2019,10,2766,2766,"HLV",8239212,24692
"823",2019,10,2977,2977,"Highland",12980382,21032
"824",2019,10,3141,3141,"Iowa City",390672930,27517
"825",2019,10,3154,3154,"Iowa Valley",10602886,19464
"826",2019,10,3691,3691,"North Cedar",18450320,22633
"827",2019,10,3715,3715,"Linn-Mar",150833807,20285
"828",2019,10,3744,3744,"Lisbon",24372988,37756
"829",2019,10,3816,3816,"Lone Tree",8780988,23984
"830",2019,10,4086,4086,"Marion",54722580,28531
"831",2019,10,4269,4269,"Midland",12622728,23590
"832",2019,10,4271,4271,"Mid-Prairie",28633173,22929
"833",2019,10,4446,4446,"Monticello",39234480,39489
"834",2019,10,4554,4554,"Mount Vernon",37436812,33305
"835",2019,10,4777,4777,"North Linn",15464517,25387
"836",2019,10,4905,4905,"Olin",5532668,26856
"837",2019,10,6093,6093,"Solon",30639898,22664
"838",2019,10,6138,6138,"Springville",8943294,22923
"839",2019,10,6408,6408,"Tipton",22037111,24951
"840",2019,10,6660,6660,"Vinton-Shellsburg",34280603,22202
"841",2019,10,6768,6768,"Washington",50390993,28342
"842",2019,10,6930,6930,"West Branch",18822168,24308
"843",2019,10,7029,7029,"Williamsburg",24097442,21435
"844",2019,11,18,18,"Adair-Casey",8619287,28703
"845",2019,11,27,27,"Adel-Desoto-Minburn",37196727,21501
"846",2019,11,225,225,"Ames",150672469,35042
"847",2019,11,261,261,"Ankeny",240266035,20801
"848",2019,11,414,414,"Audubon",11101739,22607
"849",2019,11,472,472,"Ballard",50128274,30956
"850",2019,11,513,513,"Baxter",14499176,45968
"851",2019,11,720,720,"Bondurant-Farrar",48677107,24469
"852",2019,11,729,729,"Boone",43977055,21416
"853",2019,11,981,981,"Carlisle",54466249,28022
"854",2019,11,999,999,"Carroll",39476454,23206
"855",2019,11,1332,1332,"Colfax-Mingo",15189986,20628
"856",2019,11,1350,1350,"Collins-Maxwell",9528717,20750
"857",2019,11,1359,1359,"Colo-Nesco",10838681,21139
"858",2019,11,1413,1413,"Coon Rapids-Bayard",10063506,22922
"859",2019,11,1576,1576,"Dallas Center-Grimes",92276722,32713
"860",2019,11,1737,1737,"Des Moines",778958138,23563
"861",2019,11,1953,1953,"Earlham",11246580,19556
"862",2019,11,2151,2151,"Exira-Elk Horn-Kimballton",13800648,33352
"863",2019,11,2466,2466,"Gilbert",47565909,31905
"864",2019,11,2520,2520,"Glidden-Ralston",8290823,29822
"865",2019,11,2754,2754,"Guthrie Center",11252903,25140
"866",2019,11,3114,3114,"Indianola",69903386,20431
"867",2019,11,3119,3119,"Interstate 35",22685191,26460
"868",2019,11,3231,3231,"Johnston",166703320,23566
"869",2019,11,3375,3375,"Knoxville",32623572,18492
"870",2019,11,3906,3906,"Lynnville-Sully",9990580,21598
"871",2019,11,3942,3942,"Madrid",13018503,19043
"872",2019,11,4122,4122,"Martensdale-St Marys",12166424,23753
"873",2019,11,4212,4212,"Melcher-Dallas",7320454,22046
"874",2019,11,4617,4617,"Nevada",30694105,20587
"875",2019,11,4725,4725,"Newton",68472009,22262
"876",2019,11,4779,4779,"North Polk",38012994,22577
"877",2019,11,4797,4797,"Norwalk",83851741,29615
"878",2019,11,4878,4878,"Ogden",25390427,41087
"879",2019,11,5121,5121,"Panorama",15870559,22479
"880",2019,11,5166,5166,"Pella",43755499,20434
"881",2019,11,5184,5184,"Perry",40982625,23155
"882",2019,11,5256,5256,"Pleasantville",15031760,21543
"883",2019,11,5319,5160,"PCM",28010411,26833
"884",2019,11,5643,5643,"Roland-Story",25669188,25381
"885",2019,11,5805,5805,"Saydel",32031843,28615
"886",2019,11,6094,6094,"Southeast Warren",11840402,21425
"887",2019,11,6101,6101,"Southeast Polk",149385363,21825
"888",2019,11,6264,6264,"West Central Valley",20322886,22275
"889",2019,11,6512,6512,"Twin Cedars",7084671,20866
"890",2019,11,6561,6561,"United",8979218,24065
"891",2019,11,6579,6579,"Urbandale",183433654,53848
"892",2019,11,6615,6615,"Van Meter",13227679,19106
"893",2019,11,6822,6822,"Waukee",383022200,36134
"894",2019,11,6957,6957,"West Des Moines",205444653,23038
"895",2019,11,7056,7056,"Winterset",54627442,31942
"896",2019,11,7110,7110,"Woodward-Granger",21392438,22279
"897",2019,12,63,63,"Akron-Westfield",11607741,21306
"898",2019,12,355,355,"Ar-We-Va",9270505,34721
"899",2019,12,747,747,"Boyden-Hull",23747195,39831
"900",2019,12,1095,1095,"Central Lyon",15696511,20619
"901",2019,12,1134,1134,"Charter Oak-Ute",6521782,25170
"902",2019,12,1152,1152,"Cherokee",18557749,19061
"903",2019,12,1701,1701,"Denison",39059652,18591
"904",2019,12,1975,1975,"River Valley",10715699,25355
"905",2019,12,2376,2376,"Galva-Holstein",12249837,27589
"906",2019,12,2457,2457,"George-Little Rock",10664401,25018
"907",2019,12,2862,2862,"Hartley-Melvin-Sanborn",15385284,24506
"908",2019,12,2988,2988,"Hinton",15357607,29191
"909",2019,12,3348,3348,"Kingsley-Pierson",11586217,25389
"910",2019,12,3555,3555,"Lawton-Bronson",13538008,23535
"911",2019,12,3600,3600,"Le Mars",44968827,20588
"912",2019,12,4033,4033,"Maple Valley-Anthon Oto",13567178,20722
"913",2019,12,4068,4068,"Marcus-Meriden Cleghorn",10954931,25808
"914",2019,12,4149,4149,"Moc-Floyd Valley",27112106,18876
"915",2019,12,4860,4860,"Odebolt Arthur Battle Creek Ida Gr",21649231,22126
"916",2019,12,5157,6099,"South O'Brien",12624679,21396
"917",2019,12,5486,5486,"Remsen-Union",9737074,28272
"918",2019,12,5607,5607,"Rock Valley",18910911,23489
"919",2019,12,5832,5832,"Schleswig",7089628,26655
"920",2019,12,5877,5877,"Sergeant Bluff-Luton",31985853,22286
"921",2019,12,5949,5949,"Sheldon",21876865,20414
"922",2019,12,5994,5994,"Sibley-Ocheyedan",18681755,24179
"923",2019,12,6030,6030,"Sioux Center",26228527,20134
"924",2019,12,6039,6039,"Sioux City",279830766,19271
"925",2019,12,6983,6983,"West Lyon",19265473,20874
"926",2019,12,6987,6987,"West Monona",16825356,27764
"927",2019,12,6990,6990,"West Sioux",16950059,20328
"928",2019,12,6992,6992,"Westwood",13538436,25452
"929",2019,12,7002,7002,"Whiting",5530871,26953
"930",2019,12,7098,7098,"Woodbury Central",11092050,20174
"931",2019,13,387,387,"Atlantic",26545639,19632
"932",2019,13,441,441,"AHSTW",15418964,19476
"933",2019,13,549,549,"Bedford",10577891,23500
"934",2019,13,914,914,"CAM",14878376,29939
"935",2019,13,1093,1093,"Central Decatur",14388317,23328
"936",2019,13,1197,1197,"Clarinda",19873387,20289
"937",2019,13,1211,1211,"Clarke",40758706,27922
"938",2019,13,1431,1431,"Corning",9908932,24822
"939",2019,13,1476,1476,"Council Bluffs",208556983,22856
"940",2019,13,1503,1503,"Creston",28270185,19218
"941",2019,13,1782,1782,"Diagonal",3337914,33716
"942",2019,13,1917,1917,"Boyer Valley",10422578,25632
"943",2019,13,1970,1970,"East Union",10602281,21565
"944",2019,13,2113,2113,"Essex",5545734,28585
"945",2019,13,2369,2369,"Fremont-Mills",10620166,23496
"946",2019,13,2511,2511,"Glenwood",45488752,22986
"947",2019,13,2673,2673,"Nodaway Valley",14241479,22120
"948",2019,13,2718,2718,"Griswold",18276743,36270
"949",2019,13,2772,2772,"Hamburg",7369451,33342
"950",2019,13,2826,2826,"Harlan",25757163,17999
"951",2019,13,3168,3168,"IKM-Manning",15735019,23157
"952",2019,13,3465,3465,"Lamoni",7301434,23839
"953",2019,13,3609,3609,"Lenox",11314977,24568
"954",2019,13,3645,3645,"Lewis Central",58548677,23651
"955",2019,13,3798,3798,"Logan-Magnolia",12568642,22286
"956",2019,13,3978,3978,"East Mills",16553661,30283
"957",2019,13,4356,4356,"Missouri Valley",19709831,23678
"958",2019,13,4505,4505,"Mormon Trail",6847557,25638
"959",2019,13,4527,4527,"Mount Ayr",15086511,23904
"960",2019,13,4572,4572,"Murray",7405116,29359
"961",2019,13,4824,5510,"Riverside",14377813,20807
"962",2019,13,4978,4978,"Orient-Macksburg",4977324,26016
"963",2019,13,5463,5463,"Red Oak",65548639,62007
"964",2019,13,5976,5976,"Shenandoah",22601101,20871
"965",2019,13,6003,6003,"Sidney",9769339,24813
"966",2019,13,6097,6097,"South Page",4099724,19797
"967",2019,13,6165,6165,"Stanton",5908381,31078
"968",2019,13,6453,6453,"Treynor",26212866,43092
"969",2019,13,6460,6460,"Tri-Center",13796681,21388
"970",2019,13,6534,6534,"Underwood",13899415,19829
"971",2019,13,6651,6651,"Villisca",7717268,25896
"972",2019,13,6969,6969,"West Harrison",8553655,24722
"973",2019,13,7092,7092,"Woodbine",11243531,23919
"974",2019,15,81,81,"Albia",22499401,19021
"975",2019,15,657,657,"Eddyville-Blakesburg-Fremont",17668452,20172
"976",2019,15,882,882,"Burlington",87545093,20533
"977",2019,15,977,977,"Cardinal",15159044,26423
"978",2019,15,1071,1071,"Centerville",32330603,23489
"979",2019,15,1079,1079,"Central Lee",17547912,22889
"980",2019,15,1107,1107,"Chariton",25859586,20843
"981",2019,15,1602,1602,"Danville",11861359,23099
"982",2019,15,1619,1619,"Davis County",27580695,24242
"983",2019,15,2169,2169,"Fairfield",36628006,23016
"984",2019,15,2322,2322,"Fort Madison",40927009,19089
"985",2019,15,3312,3312,"Keokuk",43482182,22769
"986",2019,15,3330,3330,"Keota",6796597,19912
"987",2019,15,4203,4203,"Mediapolis",16715638,21134
"988",2019,15,4491,4491,"Moravia",8069882,23433
"989",2019,15,4509,4509,"Morning Sun",5199680,24855
"990",2019,15,4518,4518,"Moulton-Udell",5063440,24124
"991",2019,15,4536,4536,"Mount Pleasant",33440037,17295
"992",2019,15,4689,4689,"New London",10357309,20650
"993",2019,15,4776,4776,"North Mahaska",11602761,24778
"994",2019,15,5013,5013,"Oskaloosa",37663395,15952
"995",2019,15,5049,5049,"Ottumwa",84511561,18323
"996",2019,15,5163,5163,"Pekin",19584940,32636
"997",2019,15,5895,5895,"Seymour",11480335,40984
"998",2019,15,6012,6012,"Sigourney",14539971,26506
"999",2019,15,6462,6462,"Tri-County",7377422,26789
"1000",2019,15,6592,6592,"Van Buren",23499884,36860
"1001",2019,15,6700,6700,"Waco",10067659,20978
"1002",2019,15,6759,6759,"Wapello",14708951,23793
"1003",2019,15,6854,6854,"Wayne",12961268,22517
"1004",2019,15,6937,6937,"West Burlington",19282402,41448
"1005",2019,15,7047,7047,"Winfield-Mt Union",7642101,22523
"1006",2020,1,135,135,"Allamakee",30962398,28288
"1007",2020,1,1080,1080,"Central Clayton",10538531,24847
"1008",2020,1,1638,1638,"Decorah",34933475,21486
"1009",2020,1,1863,1863,"Dubuque",216435505,20752
"1010",2020,1,1972,1972,"Eastern Allamakee",7059884,21586
"1011",2020,1,1989,1989,"Edgewood-Colesburg",14484920,34569
"1012",2020,1,2763,2763,"Clayton Ridge",14999365,25491
"1013",2020,1,3029,3029,"Howard-Winneshiek",23753306,20279
"1014",2020,1,4043,4043,"Maquoketa Valley",15470533,22118
"1015",2020,1,4419,4419,"MFL Mar Mac",16464108,21325
"1016",2020,1,4662,4662,"New Hampton",22532655,23954
"1017",2020,1,4774,4774,"North Fayette Valley",22722041,20209
"1018",2020,1,4869,4869,"Oelwein",24594538,18625
"1019",2020,1,5310,5310,"Postville",13828180,18968
"1020",2020,1,5508,5508,"Riceville",8572013,27336
"1021",2020,1,6100,6100,"South Winneshiek",11544407,23004
"1022",2020,1,6175,6175,"Starmont",14409665,24053
"1023",2020,1,6509,6509,"Turkey Valley",9489728,27652
"1024",2020,1,6943,6943,"West Central",8063382,31746
"1025",2020,1,6950,6950,"West Delaware Co",29640788,20591
"1026",2020,1,6961,6961,"Western Dubuque Co",81450006,26328
"1027",2020,5,72,72,"Albert City-Truesdale",5280527,26113
"1028",2020,5,126,126,"Algona",28294414,21924
"1029",2020,5,171,171,"Alta-Aurelia",18431171,22672
"1030",2020,5,333,333,"North Union",13876541,33824
"1031",2020,5,1206,1206,"Clarion-Goldfield-Dows",19995527,21214
"1032",2020,5,1218,1218,"Clay Central-Everly",7556001,24216
"1033",2020,5,1944,1944,"Eagle Grove",19638011,21950
"1034",2020,5,2088,2088,"Emmetsburg",15776990,22430
"1035",2020,5,2124,2124,"Estherville-Lincoln Central",33297317,26225
"1036",2020,5,2313,2313,"Fort Dodge",80365300,21949
"1037",2020,5,2493,2493,"Gilmore City-Bradgate",3642928,22627
"1038",2020,5,2556,2556,"Graettinger-Terril",15537369,40675
"1039",2020,5,2846,2846,"Harris-Lake Park",10333109,34633
"1040",2020,5,3060,3060,"Humboldt",25193081,20756
"1041",2020,5,3195,3195,"Greene County",60126996,49675
"1042",2020,5,3537,3537,"Laurens-Marathon",9317716,36540
"1043",2020,5,3897,3897,"Lu Verne",4921315,29990
"1044",2020,5,4023,4023,"Manson-Northwest Webster",15607011,23821
"1045",2020,5,4644,4644,"Newell-Fonda",9536237,22051
"1046",2020,5,4778,4778,"North Kossuth",7118316,25997
"1047",2020,5,4890,4890,"Okoboji",43915349,44884
"1048",2020,5,5139,5139,"Paton-Churdan",5374410,25386
"1049",2020,5,5283,5283,"Pocahontas Area",20038531,29741
"1050",2020,5,5323,5325,"Prairie Valley",11868645,20663
"1051",2020,5,5724,5724,"Ruthven-Ayrshire",6728751,31008
"1052",2020,5,5823,5823,"Schaller-Crestland",14730681,40139
"1053",2020,5,6048,6035,"Sioux Central",11529946,23869
"1054",2020,5,6091,6091,"South Central Calhoun",30123831,31815
"1055",2020,5,6095,6095,"South Hamilton",15619722,24797
"1056",2020,5,6096,6096,"Southeast Webster-Grand",15084332,26293
"1057",2020,5,6102,6102,"Spencer",40801152,20835
"1058",2020,5,6120,6120,"Spirit Lake",24576405,21048
"1059",2020,5,6219,6219,"Storm Lake",50121995,20966
"1060",2020,5,6246,6246,"Stratford",4632102,32691
"1061",2020,5,6516,6516,"Twin Rivers",5696204,42195
"1062",2020,5,6741,6741,"East Sac County",16568544,19856
"1063",2020,5,6867,6867,"Webster City",34800038,20258
"1064",2020,5,6921,6921,"West Bend-Mallard",8310091,29220
"1065",2020,7,9,9,"AGWSR",15138782,23409
"1066",2020,7,108,108,"Alden",5302129,19336
"1067",2020,7,153,153,"North Butler",11106815,19296
"1068",2020,7,279,279,"Aplington-Parkersburg",16003160,19923
"1069",2020,7,540,540,"BCLUW",12581943,24187
"1070",2020,7,594,594,"Belmond-Klemme",18342868,23173
"1071",2020,7,819,819,"West Hancock",11198096,20764
"1072",2020,7,846,846,"Brooklyn-Guernsey-Malcom",21327376,38665
"1073",2020,7,873,873,"North Iowa",11437226,24973
"1074",2020,7,916,916,"CAL",5995833,24919
"1075",2020,7,1044,1044,"Cedar Falls",90736133,17324
"1076",2020,7,1116,1116,"Charles City",33801735,21924
"1077",2020,7,1215,1215,"Clarksville",6109184,19703
"1078",2020,7,1233,1233,"Clear Lake",31526181,25849
"1079",2020,7,1719,1719,"Denver",15839108,20346
"1080",2020,7,1791,1791,"Dike-New Hartford",16623183,19156
"1081",2020,7,1908,1908,"Dunkerton",13212879,32462
"1082",2020,7,1935,6536,"Union",20170560,19128
"1083",2020,7,1963,1963,"East Buchanan",14255110,25536
"1084",2020,7,2007,2007,"Eldora-New Providence",15425054,24443
"1085",2020,7,2295,2295,"Forest City",21410404,19944
"1086",2020,7,2403,2403,"Garner-Hayfield-Ventura",19046271,21171
"1087",2020,7,2502,2502,"Gladbrook-Reinbeck",11604190,19656
"1088",2020,7,2682,2682,"GMG",10776480,39102
"1089",2020,7,2709,2709,"Grinnell-Newburg",36067260,22366
"1090",2020,7,2727,2727,"Grundy Center",12418013,19017
"1091",2020,7,2781,2781,"Hampton-Dumont",23851884,20030
"1092",2020,7,3033,3033,"Hubbard-Radcliffe",11091348,25298
"1093",2020,7,3042,3042,"Hudson",17042192,24685
"1094",2020,7,3105,3105,"Independence",28356378,19726
"1095",2020,7,3150,3150,"Iowa Falls",20955794,19903
"1096",2020,7,3186,3186,"Janesville",13172180,30483
"1097",2020,7,3204,3204,"Jesup",18718581,20367
"1098",2020,7,3420,3420,"Lake Mills",12797638,21482
"1099",2020,7,3582,1968,"East Marshall",15935386,28584
"1100",2020,7,4104,4104,"Marshalltown",93009425,17333
"1101",2020,7,4131,4131,"Mason City",80591201,22427
"1102",2020,7,4437,4437,"Montezuma",10827659,22215
"1103",2020,7,4599,4599,"Nashua-Plainfield",11764330,19615
"1104",2020,7,4772,4772,"Central Springs",17905675,22466
"1105",2020,7,4785,4785,"North Tama",10386499,23287
"1106",2020,7,4788,4788,"Northwood-Kensett",12053655,23565
"1107",2020,7,4995,4995,"Osage",19108908,20796
"1108",2020,7,5697,5697,"Rudd-Rockford-Marble Rock",8515802,20569
"1109",2020,7,5751,5751,"St Ansgar",15058691,26062
"1110",2020,7,5922,5922,"West Fork",13628432,19357
"1111",2020,7,6098,6098,"South Tama",32353485,20994
"1112",2020,7,6273,6273,"Sumner-Fredericksburg",16549692,20214
"1113",2020,7,6471,6471,"Tripoli",9524745,23229
"1114",2020,7,6762,6762,"Wapsie Valley",15811968,23302
"1115",2020,7,6795,6795,"Waterloo",244139493,22653
"1116",2020,7,6840,6840,"Waverly-Shell Rock",47661713,22499
"1117",2020,7,6985,6985,"West Marshall",20390191,23436
"1118",2020,9,243,243,"Andrew",6458692,26878
"1119",2020,9,585,585,"Bellevue",13948878,23432
"1120",2020,9,603,603,"Bennett",4789704,23105
"1121",2020,9,621,621,"Bettendorf",101560809,24266
"1122",2020,9,918,918,"Calamus-Wheatland",8651199,20360
"1123",2020,9,936,936,"Camanche",16756289,20408
"1124",2020,9,1082,1082,"Central De Witt",32003794,21733
"1125",2020,9,1278,1278,"Clinton",75299525,20173
"1126",2020,9,1368,1368,"Columbus",18119261,24065
"1127",2020,9,1611,1611,"Davenport",268151094,17811
"1128",2020,9,1675,1675,"Delwood",4589851,22337
"1129",2020,9,1926,1926,"Durant",11537097,20775
"1130",2020,9,1965,1965,"Easton Valley",22690274,38270
"1131",2020,9,3841,3841,"Louisa-Muscatine",19781721,27795
"1132",2020,9,4041,4041,"Maquoketa",29156575,22336
"1133",2020,9,4581,4581,"Muscatine",91028102,18600
"1134",2020,9,4773,4773,"Northeast",14086380,26957
"1135",2020,9,4784,4784,"North Scott",63818155,20734
"1136",2020,9,5250,5250,"Pleasant Valley",111847023,22207
"1137",2020,9,6975,6975,"West Liberty",25784257,19344
"1138",2020,9,7038,7038,"Wilton",23058494,27508
"1139",2020,10,99,99,"Alburnett",13444621,26146
"1140",2020,10,234,234,"Anamosa",32810806,25892
"1141",2020,10,576,576,"Belle Plaine",15552120,31845
"1142",2020,10,609,609,"Benton",29821594,19854
"1143",2020,10,1053,1053,"Cedar Rapids",372324187,21949
"1144",2020,10,1062,1062,"Center Point-Urbana",29478089,22139
"1145",2020,10,1089,1089,"Central City",13352955,29096
"1146",2020,10,1221,1221,"Clear Creek-Amana",72477216,30427
"1147",2020,10,1337,1337,"College Community",112692563,21926
"1148",2020,10,2097,2097,"English Valleys",9568731,20460
"1149",2020,10,2766,2766,"HLV",8585591,24405
"1150",2020,10,2977,2977,"Highland",14234570,22530
"1151",2020,10,3141,3141,"Iowa City",396804886,27779
"1152",2020,10,3154,3154,"Iowa Valley",11543920,20983
"1153",2020,10,3691,3691,"North Cedar",19598160,25309
"1154",2020,10,3715,3715,"Linn-Mar",206748783,27360
"1155",2020,10,3744,3744,"Lisbon",17793446,27937
"1156",2020,10,3816,3816,"Lone Tree",8695408,23906
"1157",2020,10,4086,4086,"Marion",44400050,22981
"1158",2020,10,4269,4269,"Midland",12294070,22957
"1159",2020,10,4271,4271,"Mid-Prairie",28751505,22835
"1160",2020,10,4446,4446,"Monticello",43949943,45673
"1161",2020,10,4554,4554,"Mount Vernon",40586566,36179
"1162",2020,10,4777,4777,"North Linn",15134599,24481
"1163",2020,10,4905,4905,"Olin",5807034,27390
"1164",2020,10,6093,6093,"Solon",29701732,21259
"1165",2020,10,6138,6138,"Springville",8714611,22806
"1166",2020,10,6408,6408,"Tipton",20079471,22894
"1167",2020,10,6660,6660,"Vinton-Shellsburg",33467621,22227
"1168",2020,10,6768,6768,"Washington",50882305,29679
"1169",2020,10,6930,6930,"West Branch",17880512,24289
"1170",2020,10,7029,7029,"Williamsburg",24721472,22442
"1171",2020,11,18,18,"Adair-Casey",8838203,28604
"1172",2020,11,27,27,"Adel-Desoto-Minburn",51360184,28570
"1173",2020,11,225,225,"Ames",211937536,48305
"1174",2020,11,261,261,"Ankeny",247224801,20642
"1175",2020,11,414,414,"Audubon",11161325,22371
"1176",2020,11,472,472,"Ballard",47603392,29343
"1177",2020,11,513,513,"Baxter",15942210,51579
"1178",2020,11,720,720,"Bondurant-Farrar",44135299,20603
"1179",2020,11,729,729,"Boone",45773213,22212
"1180",2020,11,981,981,"Carlisle",42633774,21516
"1181",2020,11,999,999,"Carroll",39011174,22694
"1182",2020,11,1332,1332,"Colfax-Mingo",16568806,21806
"1183",2020,11,1350,1350,"Collins-Maxwell",9152432,19931
"1184",2020,11,1359,1359,"Colo-Nesco",10533001,21499
"1185",2020,11,1413,1413,"Coon Rapids-Bayard",9375811,22163
"1186",2020,11,1576,1576,"Dallas Center-Grimes",108685005,37053
"1187",2020,11,1737,1737,"Des Moines",774880088,23634
"1188",2020,11,1953,1953,"Earlham",10636160,18483
"1189",2020,11,2151,2151,"Exira-Elk Horn-Kimballton",12063179,28239
"1190",2020,11,2466,2466,"Gilbert",33975684,22171
"1191",2020,11,2520,2520,"Glidden-Ralston",7404133,26923
"1192",2020,11,2754,2754,"Guthrie Center",11718973,27142
"1193",2020,11,3114,3114,"Indianola",66714864,19076
"1194",2020,11,3119,3119,"Interstate 35",16946185,19687
"1195",2020,11,3231,3231,"Johnston",161216201,22844
"1196",2020,11,3375,3375,"Knoxville",32052596,18233
"1197",2020,11,3906,3906,"Lynnville-Sully",10302962,22242
"1198",2020,11,3942,3942,"Madrid",12750390,19252
"1199",2020,11,4122,4122,"Martensdale-St Marys",12704661,24587
"1200",2020,11,4212,4212,"Melcher-Dallas",8301151,24051
"1201",2020,11,4617,4617,"Nevada",32745094,22091
"1202",2020,11,4725,4725,"Newton",56950795,18786
"1203",2020,11,4779,4779,"North Polk",39317707,22762
"1204",2020,11,4797,4797,"Norwalk",73211668,24458
"1205",2020,11,4878,4878,"Ogden",18996600,31181
"1206",2020,11,5121,5121,"Panorama",16743260,24022
"1207",2020,11,5166,5166,"Pella",44622148,20655
"1208",2020,11,5184,5184,"Perry",37045299,20446
"1209",2020,11,5256,5256,"Pleasantville",15172703,22280
"1210",2020,11,5319,5160,"PCM",23636309,22069
"1211",2020,11,5643,5643,"Roland-Story",20246006,19436
"1212",2020,11,5805,5805,"Saydel",33286453,29545
"1213",2020,11,6094,6094,"Southeast Warren",11866228,21933
"1214",2020,11,6101,6101,"Southeast Polk",143694865,20843
"1215",2020,11,6264,6264,"West Central Valley",21851607,22707
"1216",2020,11,6512,6512,"Twin Cedars",6650469,20008
"1217",2020,11,6561,6561,"United",10140936,25779
"1218",2020,11,6579,6579,"Urbandale",216851335,64271
"1219",2020,11,6615,6615,"Van Meter",14825910,20469
"1220",2020,11,6822,6822,"Waukee",343829837,30706
"1221",2020,11,6957,6957,"West Des Moines",201490400,22538
"1222",2020,11,7056,7056,"Winterset",46977948,27350
"1223",2020,11,7110,7110,"Woodward-Granger",22470754,24047
"1224",2020,12,63,63,"Akron-Westfield",11244112,19961
"1225",2020,12,355,355,"Ar-We-Va",8394848,30200
"1226",2020,12,747,747,"Boyden-Hull",20600759,34957
"1227",2020,12,1095,1095,"Central Lyon",15900053,20534
"1228",2020,12,1134,1134,"Charter Oak-Ute",7080694,26340
"1229",2020,12,1152,1152,"Cherokee",36635829,36125
"1230",2020,12,1701,1701,"Denison",41193166,18981
"1231",2020,12,1975,1975,"River Valley",11402775,27995
"1232",2020,12,2376,2376,"Galva-Holstein",21892031,47696
"1233",2020,12,2457,2457,"George-Little Rock",10584458,24495
"1234",2020,12,2862,2862,"Hartley-Melvin-Sanborn",16382100,26200
"1235",2020,12,2988,2988,"Hinton",14234009,27318
"1236",2020,12,3348,3348,"Kingsley-Pierson",11242037,25532
"1237",2020,12,3555,3555,"Lawton-Bronson",13965161,22695
"1238",2020,12,3600,3600,"Le Mars",41529798,18420
"1239",2020,12,4033,4033,"Maple Valley-Anthon Oto",10905239,17767
"1240",2020,12,4068,4068,"Marcus-Meriden Cleghorn",10784626,25598
"1241",2020,12,4149,4149,"Moc-Floyd Valley",28718971,19697
"1242",2020,12,4860,4860,"Odebolt Arthur Battle Creek Ida Grove",20401456,20660
"1243",2020,12,5157,6099,"South O'Brien",11420051,18670
"1244",2020,12,5486,5486,"Remsen-Union",9481743,29749
"1245",2020,12,5607,5607,"Rock Valley",18914571,23498
"1246",2020,12,5832,5832,"Schleswig",6940572,26695
"1247",2020,12,5877,5877,"Sergeant Bluff-Luton",35135074,24418
"1248",2020,12,5949,5949,"Sheldon",22515159,20697
"1249",2020,12,5994,5994,"Sibley-Ocheyedan",17217202,22949
"1250",2020,12,6030,6030,"Sioux Center",42822695,32084
"1251",2020,12,6039,6039,"Sioux City",293630701,20153
"1252",2020,12,6983,6983,"West Lyon",18176732,19372
"1253",2020,12,6987,6987,"West Monona",17264412,27406
"1254",2020,12,6990,6990,"West Sioux",17668651,21341
"1255",2020,12,6992,6992,"Westwood",13405963,23792
"1256",2020,12,7002,7002,"Whiting",5630041,27557
"1257",2020,12,7098,7098,"Woodbury Central",10721328,19470
"1258",2020,13,387,387,"Atlantic",27997142,21068
"1259",2020,13,441,441,"AHSTW",15217789,19395
"1260",2020,13,549,549,"Bedford",9924981,20955
"1261",2020,13,914,914,"CAM",15355404,31233
"1262",2020,13,1093,1093,"Central Decatur",13811561,22441
"1263",2020,13,1197,1197,"Clarinda",20533011,20724
"1264",2020,13,1211,1211,"Clarke",37906897,26143
"1265",2020,13,1431,1431,"Corning",9953723,24052
"1266",2020,13,1476,1476,"Council Bluffs",214454861,23686
"1267",2020,13,1503,1503,"Creston",27821528,19217
"1268",2020,13,1782,1782,"Diagonal",3380176,32817
"1269",2020,13,1917,1917,"Boyer Valley",10040161,25500
"1270",2020,13,1970,1970,"East Union",10307941,20975
"1271",2020,13,2113,2113,"Essex",5119567,26877
"1272",2020,13,2369,2369,"Fremont-Mills",10363301,21986
"1273",2020,13,2511,2511,"Glenwood",39794555,19821
"1274",2020,13,2673,2673,"Nodaway Valley",14828305,23090
"1275",2020,13,2718,2718,"Griswold",14493684,30462
"1276",2020,13,2772,2772,"Hamburg",7264746,32000
"1277",2020,13,2826,2826,"Harlan",25896001,18237
"1278",2020,13,3168,3168,"IKM-Manning",16391160,23992
"1279",2020,13,3465,3465,"Lamoni",7736510,24624
"1280",2020,13,3609,3609,"Lenox",10356819,23132
"1281",2020,13,3645,3645,"Lewis Central",64126836,25220
"1282",2020,13,3798,3798,"Logan-Magnolia",12258206,21691
"1283",2020,13,3978,3978,"East Mills",15995915,28975
"1284",2020,13,4356,4356,"Missouri Valley",24900729,30769
"1285",2020,13,4505,4505,"Mormon Trail",6938049,27852
"1286",2020,13,4527,4527,"Mount Ayr",13747771,22634
"1287",2020,13,4572,4572,"Murray",7486593,30783
"1288",2020,13,4824,5510,"Riverside",14525507,20892
"1289",2020,13,4978,4978,"Orient-Macksburg",5085428,26724
"1290",2020,13,5463,5463,"Red Oak",77603891,75152
"1291",2020,13,5976,5976,"Shenandoah",21764516,20713
"1292",2020,13,6003,6003,"Sidney",10117740,27082
"1293",2020,13,6097,6097,"South Page",4186490,21467
"1294",2020,13,6165,6165,"Stanton",6013741,34944
"1295",2020,13,6453,6453,"Treynor",26050452,41278
"1296",2020,13,6460,6460,"Tri-Center",13041538,20348
"1297",2020,13,6534,6534,"Underwood",14890830,20713
"1298",2020,13,6651,6651,"Villisca",8224138,27140
"1299",2020,13,6969,6969,"West Harrison",8925792,26122
"1300",2020,13,7092,7092,"Woodbine",11209151,24054
"1301",2020,15,81,81,"Albia",22641835,19460
"1302",2020,15,657,657,"Eddyville-Blakesburg-Fremont",18512185,20770
"1303",2020,15,882,882,"Burlington",87762062,21214
"1304",2020,15,977,977,"Cardinal",15888662,27832
"1305",2020,15,1071,1071,"Centerville",30214014,21977
"1306",2020,15,1079,1079,"Central Lee",18822146,24636
"1307",2020,15,1107,1107,"Chariton",26511384,20781
"1308",2020,15,1602,1602,"Danville",13349783,26256
"1309",2020,15,1619,1619,"Davis County",26565506,23022
"1310",2020,15,2169,2169,"Fairfield",37911436,23375
"1311",2020,15,2322,2322,"Fort Madison",42604136,20196
"1312",2020,15,3312,3312,"Keokuk",36576109,19507
"1313",2020,15,3330,3330,"Keota",7289535,21916
"1314",2020,15,4203,4203,"Mediapolis",14859839,18401
"1315",2020,15,4491,4491,"Moravia",8239869,23472
"1316",2020,15,4509,4509,"Morning Sun",5227813,25424
"1317",2020,15,4518,4518,"Moulton-Udell",4842768,22084
"1318",2020,15,4536,4536,"Mount Pleasant",34259206,17824
"1319",2020,15,4689,4689,"New London",10314371,20827
"1320",2020,15,4776,4776,"North Mahaska",11484035,25515
"1321",2020,15,5013,5013,"Oskaloosa",38742245,16642
"1322",2020,15,5049,5049,"Ottumwa",85089048,18281
"1323",2020,15,5163,5163,"Pekin",15431567,25796
"1324",2020,15,5895,5895,"Seymour",8169266,29815
"1325",2020,15,6012,6012,"Sigourney",13521157,24387
"1326",2020,15,6462,6462,"Tri-County",7830118,27397
"1327",2020,15,6592,6592,"Van Buren County",22219226,22235
"1328",2020,15,6700,6700,"Waco",10487310,21751
"1329",2020,15,6759,6759,"Wapello",13802128,22293
"1330",2020,15,6854,6854,"Wayne",12550121,21928
"1331",2020,15,6937,6937,"West Burlington",15156790,32024
"1332",2020,15,7047,7047,"Winfield-Mt Union",7523665,23416
